tol1pct_db,tol5pct_db
-59.3039,-46.7427
-50.9262,-44.7047
-71.8356,-38.1326
-51.5561,-50.352
-73.8067,-53.7002
-53.8279,-43.0272
-61.37,-50.0989
-55.2851,-46.2913
-72.373,-49.6842
-71.867,-51.9844
-56.241,-39.1937
-59.3096,-49.5731
-56.9427,-53.1387
-52.0343,-50.0807
-53.0575,-43.5974
-79.3594,-52.241
-64.9289,-46.4456
-54.6435,-73.1235
-57.8548,-43.5248
-55.16,-48.1395
-81.389,-59.5143
-68.0036,-41.7021
-73.5666,-40.2492
-57.0508,-42.8542
-59.5061,-44.9496
-54.0988,-35.351
-68.4924,-59.9398
-83.8234,-49.8152
-66.304,-45.2456
-54.3586,-41.8023
-53.4948,-54.7599
-67.5523,-41.7315
-62.8716,-61.7103
-56.2801,-40.435
-63.6243,-40.1547
-73.84,-72.6005
-61.3745,-44.0756
-71.0818,-39.4747
-55.368,-41.8454
-57.4001,-58.9773
-64.1225,-63.2489
-57.3503,-51.9421
-89.9028,-49.8005
-73.5554,-46.4106
-73.1259,-40.6026
-57.1315,-54.7949
-54.9332,-44.2966
-59.8974,-41.7915
-54.8443,-44.8107
-56.2819,-48.9959
-67.2926,-61.2893
-53.9836,-46.5683
-63.1858,-39.8651
-69.4143,-41.4285
-62.5525,-65.1257
-57.3465,-41.932
-63.2519,-45.6061
-67.7263,-52.5831
-53.2308,-40.8381
-51.8523,-38.5818
-59.0931,-51.1368
-55.0194,-37.5604
-63.6348,-44.7754
-55.5419,-45.0314
-77.9661,-37.1017
-55.8486,-42.7797
-65.7259,-37.7081
-54.9284,-39.0919
-64.8523,-46.9758
-73.1025,-49.9333
-58.1523,-41.3522
-51.0712,-48.7397
-64.1091,-69.6955
-61.2313,-41.573
-58.4605,-67.7737
-70.9816,-36.6765
-74.3231,-38.7705
-55.0433,-53.5555
-51.7667,-40.71
-54.099,-48.4501
-64.846,-41.9369
-60.0775,-51.3379
-58.8768,-44.9902
-58.8016,-40.0591
-50.8817,-61.8667
-68.9597,-43.6491
-60.8532,-45.8537
-63.4764,-40.7378
-73.9851,-59.5963
-69.8202,-38.9535
-68.9841,-47.6303
-57.9214,-47.8824
-56.2262,-46.7505
-65.5199,-47.8702
-64.4945,-60.0866
-56.2316,-39.5554
-54.0635,-57.9236
-65.238,-52.0149
-55.1837,-57.6781
-57.4168,-52.9293
-58.5586,-79.9777
-56.9135,-62.4363
-57.2083,-65.9144
-58.2192,-66.6547
-52.6985,-58.3168
-61.0019,-55.3035
-61.0858,-44.9637
-51.4847,-48.6036
-62.5694,-47.4143
-60.4527,-38.744
-58.9467,-47.5235
-57.6826,-36.1964
-69.7832,-45.1429
-55.5235,-54.688
-61.1825,-43.9105
-65.9006,-52.4888
-50.946,-43.4644
-61.711,-43.6576
-83.1949,-45.2943
-59.8283,-50.0269
-68.449,-42.417
-61.148,-40.9295
-66.0312,-66.2542
-62.2722,-43.3473
-55.7607,-54.2619
-61.0693,-44.3772
-55.2362,-40.2943
-56.2567,-53.7776
-54.1694,-41.2647
-53.9824,-61.8719
-65.5456,-39.6211
-64.4712,-46.1181
-58.4088,-43.0531
-65.8207,-48.6267
-57.1517,-46.24
-58.8842,-51.9185
-54.0644,-42.8296
-53.3506,-45.3312
-52.9811,-46.3002
-61.9988,-52.9082
-69.4223,-41.1939
-63.1131,-60.2275
-77.3042,-41.2249
-58.3219,-52.6314
-51.017,-54.1369
-68.9058,-68.8216
-73.7145,-45.6241
-68.7333,-41.6998
-58.1525,-43.5292
-66.6113,-45.2192
-57.5893,-51.2778
-69.146,-34.7241
-62.5444,-49.3414
-62.983,-37.8084
-69.1341,-65.0491
-66.2594,-48.244
-72.7164,-39.0901
-65.5749,-43.9156
-61.5356,-49.2426
-62.3004,-45.2889
-55.8697,-47.9784
-61.7333,-47.6066
-64.9259,-36.2728
-52.5502,-43.5971
-83.0858,-38.0169
-56.5147,-44.4556
-70.1237,-59.4945
-65.6517,-52.1764
-56.7481,-44.3023
-60.2412,-50.3422
-52.2714,-63.0655
-54.9937,-51.8699
-58.5743,-57.8562
-60.9452,-39.1675
-67.6537,-33.7178
-63.8598,-48.0154
-71.6572,-52.9295
-53.8984,-41.5217
-60.5179,-41.1034
-64.3589,-42.1849
-72.5741,-71.6392
-57.2229,-40.3353
-60.3583,-51.6157
-63.123,-47.1731
-55.0276,-60.7547
-52.7537,-57.7966
-53.4798,-44.9176
-52.3856,-42.3038
-57.9475,-56.6317
-68.1487,-45.3826
-65.2038,-52.6362
-75.7807,-43.0174
-70.916,-43.5559
-50.9654,-45.8268
-59.5827,-46.6641
-67.9558,-46.1661
-67.0376,-42.0388
-58.5938,-53.6607
-58.1953,-34.8808
-79.2467,-50.7624
