step,t_s
0,0
1,0.009069
2,0.016123
3,0.022092
4,0.027359
5,0.032124
6,0.036508
7,0.040589
8,0.044423
9,0.04805
10,0.0515
11,0.054797
12,0.057959
13,0.061002
14,0.063938
15,0.066778
16,0.06953
17,0.072203
18,0.074802
19,0.077334
20,0.079803
21,0.082214
22,0.084571
23,0.086877
24,0.089136
25,0.09135
26,0.093522
27,0.095654
28,0.097748
29,0.099806
30,0.10183
31,0.103822
32,0.105783
33,0.107715
34,0.109619
35,0.111496
36,0.113347
37,0.115173
38,0.116975
39,0.118754
40,0.120511
41,0.122247
42,0.123962
43,0.125657
44,0.127333
45,0.128991
46,0.130631
47,0.132253
48,0.133858
49,0.135447
50,0.13702
51,0.138578
52,0.140121
53,0.14165
54,0.143164
55,0.144665
56,0.146152
57,0.147626
58,0.149088
59,0.150537
60,0.151974
61,0.1534
62,0.154814
63,0.156217
64,0.157609
65,0.15899
66,0.160361
67,0.161722
68,0.163073
69,0.164414
70,0.165746
71,0.167068
72,0.168381
73,0.169685
74,0.17098
75,0.172267
76,0.173545
77,0.174815
78,0.176077
79,0.177331
80,0.178577
81,0.179815
82,0.181046
83,0.18227
84,0.183486
85,0.184695
86,0.185897
87,0.187092
88,0.18828
89,0.189462
90,0.190637
91,0.191806
92,0.192969
93,0.194125
94,0.195275
95,0.196419
96,0.197557
97,0.198689
98,0.199816
99,0.200937
100,0.202052
101,0.203162
102,0.204266
103,0.205365
104,0.206459
105,0.207548
106,0.208631
107,0.209709
108,0.210782
109,0.21185
110,0.212914
111,0.213973
112,0.215027
113,0.216076
114,0.217121
115,0.218161
116,0.219197
117,0.220228
118,0.221255
119,0.222278
120,0.223297
121,0.224311
122,0.225321
123,0.226327
124,0.227329
125,0.228327
126,0.229321
127,0.230311
128,0.231297
129,0.23228
130,0.233259
131,0.234234
132,0.235205
133,0.236173
134,0.237137
135,0.238098
136,0.239055
137,0.240008
138,0.240958
139,0.241905
140,0.242848
141,0.243788
142,0.244725
143,0.245658
144,0.246588
145,0.247515
146,0.248439
147,0.24936
148,0.250277
149,0.251191
150,0.252102
151,0.25301
152,0.253915
153,0.254817
154,0.255717
155,0.256614
156,0.257508
157,0.258399
158,0.259287
159,0.260172
160,0.261055
161,0.261935
162,0.262812
163,0.263686
164,0.264558
165,0.265427
166,0.266293
167,0.267157
168,0.268018
169,0.268877
170,0.269733
171,0.270587
172,0.271438
173,0.272287
174,0.273133
175,0.273977
176,0.274819
177,0.275658
178,0.276495
179,0.27733
180,0.278162
181,0.278992
182,0.27982
183,0.280645
184,0.281468
185,0.282289
186,0.283108
187,0.283925
188,0.284739
189,0.285551
190,0.286361
191,0.287169
192,0.287975
193,0.288779
194,0.289581
195,0.290381
196,0.291179
197,0.291975
198,0.292769
199,0.293561
200,0.294351
201,0.295139
202,0.295925
203,0.296709
204,0.297491
205,0.298271
206,0.299049
207,0.299825
208,0.300599
209,0.301371
210,0.302142
211,0.302911
212,0.303678
213,0.304443
214,0.305206
215,0.305968
216,0.306728
217,0.307486
218,0.308242
219,0.308997
220,0.30975
221,0.310501
222,0.311251
223,0.311999
224,0.312745
225,0.31349
226,0.314233
227,0.314974
228,0.315714
229,0.316452
230,0.317188
231,0.317923
232,0.318656
233,0.319388
234,0.320118
235,0.320847
236,0.321574
237,0.322299
238,0.323023
239,0.323745
240,0.324466
241,0.325185
242,0.325903
243,0.32662
244,0.327335
245,0.328049
246,0.328761
247,0.329472
248,0.330181
249,0.330889
250,0.331595
251,0.3323
252,0.333004
253,0.333706
254,0.334407
255,0.335106
256,0.335804
257,0.336501
258,0.337196
259,0.33789
260,0.338583
261,0.339274
262,0.339964
263,0.340653
264,0.34134
265,0.342026
266,0.342711
267,0.343395
268,0.344077
269,0.344758
270,0.345438
271,0.346117
272,0.346794
273,0.34747
274,0.348145
275,0.348819
276,0.349491
277,0.350162
278,0.350832
279,0.351501
280,0.352169
281,0.352835
282,0.3535
283,0.354164
284,0.354827
285,0.355489
286,0.35615
287,0.356809
288,0.357467
289,0.358124
290,0.35878
291,0.359435
292,0.360089
293,0.360742
294,0.361394
295,0.362044
296,0.362693
297,0.363341
298,0.363988
299,0.364634
300,0.365279
301,0.365923
302,0.366566
303,0.367208
304,0.367849
305,0.368489
306,0.369128
307,0.369766
308,0.370403
309,0.371039
310,0.371674
311,0.372307
312,0.372939
313,0.37357
314,0.3742
315,0.374829
316,0.375457
317,0.376084
318,0.37671
319,0.377336
320,0.377961
321,0.378585
322,0.379208
323,0.37983
324,0.380451
325,0.381071
326,0.38169
327,0.382308
328,0.382925
329,0.383541
330,0.384156
331,0.38477
332,0.385383
333,0.385995
334,0.386606
335,0.387216
336,0.387826
337,0.388435
338,0.389043
339,0.38965
340,0.390256
341,0.390861
342,0.391465
343,0.392068
344,0.39267
345,0.393272
346,0.393873
347,0.394473
348,0.395072
349,0.39567
350,0.396267
351,0.396863
352,0.397459
353,0.398054
354,0.398648
355,0.399241
356,0.399833
357,0.400424
358,0.401015
359,0.401605
360,0.402194
361,0.402782
362,0.403369
363,0.403955
364,0.404541
365,0.405126
366,0.40571
367,0.406293
368,0.406875
369,0.407457
370,0.408038
371,0.408618
372,0.409197
373,0.409776
374,0.410354
375,0.410931
376,0.411507
377,0.412082
378,0.412657
379,0.413231
380,0.413804
381,0.414376
382,0.414948
383,0.415519
384,0.416089
385,0.416658
386,0.417227
387,0.417795
388,0.418362
389,0.418929
390,0.419495
391,0.42006
392,0.420624
393,0.421188
394,0.421751
395,0.422313
396,0.422874
397,0.423435
398,0.423995
399,0.424554
400,0.425113
401,0.425671
402,0.426228
403,0.426785
404,0.427341
405,0.427896
406,0.428451
407,0.429005
408,0.429558
409,0.430111
410,0.430663
411,0.431214
412,0.431764
413,0.432314
414,0.432863
415,0.433412
416,0.43396
417,0.434507
418,0.435054
419,0.4356
420,0.436145
421,0.43669
422,0.437234
423,0.437777
424,0.43832
425,0.438862
426,0.439403
427,0.439944
428,0.440484
429,0.441023
430,0.441562
431,0.4421
432,0.442638
433,0.443175
434,0.443711
435,0.444247
436,0.444782
437,0.445317
438,0.445851
439,0.446384
440,0.446917
441,0.447449
442,0.447981
443,0.448512
444,0.449042
445,0.449572
446,0.450101
447,0.45063
448,0.451158
449,0.451685
450,0.452212
451,0.452738
452,0.453264
453,0.453789
454,0.454313
455,0.454837
456,0.45536
457,0.455883
458,0.456405
459,0.456927
460,0.457448
461,0.457968
462,0.458488
463,0.459007
464,0.459526
465,0.460044
466,0.460562
467,0.461079
468,0.461596
469,0.462112
470,0.462627
471,0.463142
472,0.463656
473,0.46417
474,0.464683
475,0.465196
476,0.465708
477,0.46622
478,0.466731
479,0.467242
480,0.467752
481,0.468262
482,0.468771
483,0.469279
484,0.469787
485,0.470294
486,0.470801
487,0.471307
488,0.471813
489,0.472318
490,0.472823
491,0.473327
492,0.473831
493,0.474334
494,0.474837
495,0.475339
496,0.475841
497,0.476342
498,0.476843
499,0.477343
500,0.477843
501,0.478343
502,0.478843
503,0.479343
504,0.479843
505,0.480343
506,0.480843
507,0.481343
508,0.481843
509,0.482343
510,0.482843
511,0.483343
512,0.483843
513,0.484343
514,0.484843
515,0.485343
516,0.485843
517,0.486343
518,0.486843
519,0.487343
520,0.487843
521,0.488343
522,0.488843
523,0.489343
524,0.489843
525,0.490343
526,0.490843
527,0.491343
528,0.491843
529,0.492343
530,0.492843
531,0.493343
532,0.493843
533,0.494343
534,0.494843
535,0.495343
536,0.495843
537,0.496343
538,0.496843
539,0.497343
540,0.497843
541,0.498343
542,0.498843
543,0.499343
544,0.499843
545,0.500343
546,0.500843
547,0.501343
548,0.501843
549,0.502343
550,0.502843
551,0.503343
552,0.503843
553,0.504343
554,0.504843
555,0.505343
556,0.505843
557,0.506343
558,0.506843
559,0.507343
560,0.507843
561,0.508343
562,0.508843
563,0.509343
564,0.509843
565,0.510343
566,0.510843
567,0.511343
568,0.511843
569,0.512343
570,0.512843
571,0.513343
572,0.513843
573,0.514343
574,0.514843
575,0.515343
576,0.515843
577,0.516343
578,0.516843
579,0.517343
580,0.517843
581,0.518343
582,0.518843
583,0.519343
584,0.519843
585,0.520343
586,0.520843
587,0.521343
588,0.521843
589,0.522343
590,0.522843
591,0.523343
592,0.523843
593,0.524343
594,0.524843
595,0.525343
596,0.525843
597,0.526343
598,0.526843
599,0.527343
600,0.527843
601,0.528343
602,0.528843
603,0.529343
604,0.529843
605,0.530343
606,0.530843
607,0.531343
608,0.531843
609,0.532343
610,0.532843
611,0.533343
612,0.533843
613,0.534343
614,0.534843
615,0.535343
616,0.535843
617,0.536343
618,0.536843
619,0.537343
620,0.537843
621,0.538343
622,0.538843
623,0.539343
624,0.539843
625,0.540343
626,0.540843
627,0.541343
628,0.541843
629,0.542343
630,0.542843
631,0.543343
632,0.543843
633,0.544343
634,0.544843
635,0.545343
636,0.545843
637,0.546343
638,0.546843
639,0.547343
640,0.547843
641,0.548343
642,0.548843
643,0.549343
644,0.549843
645,0.550343
646,0.550843
647,0.551343
648,0.551843
649,0.552343
650,0.552843
651,0.553343
652,0.553843
653,0.554343
654,0.554843
655,0.555343
656,0.555843
657,0.556343
658,0.556843
659,0.557343
660,0.557843
661,0.558343
662,0.558843
663,0.559343
664,0.559843
665,0.560343
666,0.560843
667,0.561343
668,0.561843
669,0.562343
670,0.562843
671,0.563343
672,0.563843
673,0.564343
674,0.564843
675,0.565343
676,0.565843
677,0.566343
678,0.566843
679,0.567343
680,0.567843
681,0.568343
682,0.568843
683,0.569343
684,0.569843
685,0.570343
686,0.570843
687,0.571343
688,0.571843
689,0.572343
690,0.572843
691,0.573343
692,0.573843
693,0.574343
694,0.574843
695,0.575343
696,0.575843
697,0.576343
698,0.576843
699,0.577343
700,0.577843
701,0.578344
702,0.578845
703,0.579347
704,0.579849
705,0.580352
706,0.580855
707,0.581359
708,0.581863
709,0.582368
710,0.582873
711,0.583379
712,0.583885
713,0.584392
714,0.584899
715,0.585407
716,0.585915
717,0.586424
718,0.586933
719,0.587443
720,0.587953
721,0.588464
722,0.588975
723,0.589487
724,0.589999
725,0.590512
726,0.591026
727,0.59154
728,0.592055
729,0.59257
730,0.593086
731,0.593602
732,0.594119
733,0.594636
734,0.595154
735,0.595672
736,0.596191
737,0.596711
738,0.597231
739,0.597752
740,0.598273
741,0.598795
742,0.599317
743,0.59984
744,0.600364
745,0.600888
746,0.601413
747,0.601938
748,0.602464
749,0.60299
750,0.603517
751,0.604045
752,0.604573
753,0.605102
754,0.605631
755,0.606161
756,0.606692
757,0.607223
758,0.607755
759,0.608287
760,0.60882
761,0.609354
762,0.609888
763,0.610423
764,0.610958
765,0.611494
766,0.612031
767,0.612568
768,0.613106
769,0.613644
770,0.614183
771,0.614723
772,0.615263
773,0.615804
774,0.616346
775,0.616888
776,0.617431
777,0.617975
778,0.618519
779,0.619064
780,0.619609
781,0.620155
782,0.620702
783,0.621249
784,0.621797
785,0.622346
786,0.622895
787,0.623445
788,0.623996
789,0.624547
790,0.625099
791,0.625652
792,0.626205
793,0.626759
794,0.627314
795,0.627869
796,0.628425
797,0.628982
798,0.62954
799,0.630098
800,0.630657
801,0.631217
802,0.631777
803,0.632338
804,0.6329
805,0.633462
806,0.634025
807,0.634589
808,0.635154
809,0.635719
810,0.636285
811,0.636852
812,0.63742
813,0.637988
814,0.638557
815,0.639127
816,0.639697
817,0.640268
818,0.64084
819,0.641413
820,0.641986
821,0.64256
822,0.643135
823,0.643711
824,0.644287
825,0.644864
826,0.645442
827,0.646021
828,0.646601
829,0.647181
830,0.647762
831,0.648344
832,0.648927
833,0.649511
834,0.650095
835,0.65068
836,0.651266
837,0.651853
838,0.652441
839,0.653029
840,0.653618
841,0.654208
842,0.654799
843,0.655391
844,0.655983
845,0.656576
846,0.65717
847,0.657765
848,0.658361
849,0.658958
850,0.659555
851,0.660153
852,0.660752
853,0.661352
854,0.661953
855,0.662555
856,0.663158
857,0.663762
858,0.664366
859,0.664971
860,0.665577
861,0.666184
862,0.666792
863,0.667401
864,0.668011
865,0.668622
866,0.669234
867,0.669847
868,0.67046
869,0.671074
870,0.671689
871,0.672305
872,0.672922
873,0.67354
874,0.674159
875,0.674779
876,0.6754
877,0.676022
878,0.676645
879,0.677269
880,0.677894
881,0.67852
882,0.679147
883,0.679775
884,0.680404
885,0.681034
886,0.681665
887,0.682297
888,0.68293
889,0.683564
890,0.684199
891,0.684835
892,0.685472
893,0.68611
894,0.686749
895,0.687389
896,0.68803
897,0.688672
898,0.689315
899,0.689959
900,0.690604
901,0.69125
902,0.691897
903,0.692546
904,0.693196
905,0.693847
906,0.694499
907,0.695152
908,0.695806
909,0.696461
910,0.697117
911,0.697774
912,0.698433
913,0.699093
914,0.699754
915,0.700416
916,0.701079
917,0.701743
918,0.702409
919,0.703076
920,0.703744
921,0.704413
922,0.705083
923,0.705754
924,0.706427
925,0.707101
926,0.707776
927,0.708452
928,0.70913
929,0.709809
930,0.710489
931,0.71117
932,0.711853
933,0.712537
934,0.713222
935,0.713908
936,0.714596
937,0.715285
938,0.715975
939,0.716667
940,0.71736
941,0.718054
942,0.71875
943,0.719447
944,0.720145
945,0.720845
946,0.721546
947,0.722249
948,0.722953
949,0.723658
950,0.724365
951,0.725073
952,0.725783
953,0.726494
954,0.727206
955,0.72792
956,0.728635
957,0.729352
958,0.73007
959,0.73079
960,0.731511
961,0.732234
962,0.732958
963,0.733684
964,0.734411
965,0.73514
966,0.73587
967,0.736602
968,0.737336
969,0.738071
970,0.738808
971,0.739546
972,0.740286
973,0.741028
974,0.741771
975,0.742516
976,0.743263
977,0.744011
978,0.744761
979,0.745513
980,0.746266
981,0.747021
982,0.747778
983,0.748536
984,0.749296
985,0.750058
986,0.750822
987,0.751588
988,0.752355
989,0.753124
990,0.753895
991,0.754668
992,0.755443
993,0.75622
994,0.756998
995,0.757778
996,0.75856
997,0.759344
998,0.76013
999,0.760918
1000,0.761708
1001,0.7625
1002,0.763294
1003,0.76409
1004,0.764888
1005,0.765688
1006,0.76649
1007,0.767294
1008,0.7681
1009,0.768908
1010,0.769718
1011,0.770531
1012,0.771346
1013,0.772163
1014,0.772982
1015,0.773803
1016,0.774627
1017,0.775453
1018,0.776281
1019,0.777111
1020,0.777944
1021,0.778779
1022,0.779616
1023,0.780456
1024,0.781298
1025,0.782142
1026,0.782989
1027,0.783838
1028,0.78469
1029,0.785544
1030,0.786401
1031,0.78726
1032,0.788122
1033,0.788986
1034,0.789853
1035,0.790723
1036,0.791595
1037,0.79247
1038,0.793347
1039,0.794227
1040,0.79511
1041,0.795996
1042,0.796884
1043,0.797775
1044,0.798669
1045,0.799566
1046,0.800466
1047,0.801369
1048,0.802275
1049,0.803184
1050,0.804096
1051,0.805011
1052,0.805929
1053,0.80685
1054,0.807774
1055,0.808701
1056,0.809632
1057,0.810566
1058,0.811503
1059,0.812443
1060,0.813387
1061,0.814334
1062,0.815284
1063,0.816238
1064,0.817195
1065,0.818156
1066,0.819121
1067,0.820089
1068,0.821061
1069,0.822036
1070,0.823015
1071,0.823998
1072,0.824985
1073,0.825976
1074,0.826971
1075,0.82797
1076,0.828973
1077,0.82998
1078,0.830991
1079,0.832006
1080,0.833025
1081,0.834048
1082,0.835076
1083,0.836108
1084,0.837144
1085,0.838185
1086,0.83923
1087,0.84028
1088,0.841335
1089,0.842394
1090,0.843458
1091,0.844527
1092,0.845601
1093,0.84668
1094,0.847764
1095,0.848853
1096,0.849947
1097,0.851047
1098,0.852152
1099,0.853262
1100,0.854378
1101,0.855499
1102,0.856626
1103,0.857759
1104,0.858898
1105,0.860043
1106,0.861194
1107,0.862351
1108,0.863514
1109,0.864683
1110,0.865859
1111,0.867041
1112,0.86823
1113,0.869426
1114,0.870629
1115,0.871839
1116,0.873056
1117,0.87428
1118,0.875512
1119,0.876751
1120,0.877998
1121,0.879253
1122,0.880516
1123,0.881787
1124,0.883066
1125,0.884353
1126,0.885649
1127,0.886954
1128,0.888268
1129,0.889591
1130,0.890923
1131,0.892265
1132,0.893617
1133,0.894979
1134,0.896351
1135,0.897733
1136,0.899126
1137,0.90053
1138,0.901945
1139,0.903371
1140,0.904809
1141,0.906259
1142,0.907721
1143,0.909196
1144,0.910684
1145,0.912185
1146,0.9137
1147,0.915229
1148,0.916773
1149,0.918332
1150,0.919906
1151,0.921496
1152,0.923102
1153,0.924725
1154,0.926365
1155,0.928023
1156,0.9297
1157,0.931396
1158,0.933112
1159,0.934848
1160,0.936606
1161,0.938386
1162,0.940189
1163,0.942016
1164,0.943867
1165,0.945744
1166,0.947648
1167,0.949581
1168,0.951543
1169,0.953536
1170,0.955561
1171,0.95762
1172,0.959715
1173,0.961848
1174,0.964021
1175,0.966236
1176,0.968496
1177,0.970803
1178,0.973161
1179,0.975573
1180,0.978043
1181,0.980576
1182,0.983177
1183,0.985851
1184,0.988605
1185,0.991446
1186,0.994383
1187,0.997427
1188,1.00059
1189,1.00389
1190,1.00734
1191,1.01097
1192,1.01481
1193,1.01889
1194,1.02327
1195,1.02804
1196,1.03331
1197,1.03928
1198,1.04634
1199,1.05541
