t_s,p_tracker_w,p_max_w,v_pv,v_mpp
0,74.8127,85.4847,28.8,34.6875
0.01,74.9434,86.1977,28.608,34.6958
0.02,75.0646,86.9106,28.416,34.7039
0.03,75.1764,87.6237,28.224,34.7119
0.04,75.2788,88.3367,28.032,34.7198
0.05,75.372,89.0498,27.84,34.7276
0.06,75.4561,89.763,27.648,34.7353
0.07,75.5312,90.4762,27.456,34.7428
0.08,75.5973,91.1894,27.264,34.7503
0.09,75.6545,91.9026,27.072,34.7577
0.1,75.703,92.6159,26.88,34.765
0.11,75.7426,93.3292,26.688,34.7721
0.12,75.7736,94.0425,26.496,34.7792
0.13,75.7959,94.7558,26.304,34.7862
0.14,75.8096,95.4692,26.112,34.7931
0.15,75.8147,96.1826,25.92,34.7999
0.16,75.8112,96.8959,25.728,34.8066
0.17,76.9021,97.6094,25.92,34.8132
0.18,78.0005,98.3228,26.112,34.8197
0.19,79.1064,99.0362,26.304,34.8261
0.2,80.2197,99.7496,26.496,34.8325
0.21,81.3404,100.463,26.688,34.8388
0.22,82.4684,101.177,26.88,34.8449
0.23,83.6037,101.89,27.072,34.851
0.24,84.7462,102.603,27.264,34.8571
0.25,85.8959,103.317,27.456,34.863
0.26,87.0525,104.03,27.648,34.8688
0.27,88.2161,104.744,27.84,34.8746
0.28,89.3865,105.457,28.032,34.8803
0.29,90.5636,106.171,28.224,34.886
0.3,91.7472,106.884,28.416,34.8915
0.31,92.9372,107.598,28.608,34.897
0.32,94.1334,108.311,28.8,34.9024
0.33,95.3355,109.024,28.992,34.9077
0.34,96.5434,109.738,29.184,34.913
0.35,97.7567,110.451,29.376,34.9182
0.36,98.9752,111.164,29.568,34.9233
0.37,100.199,111.878,29.76,34.9284
0.38,101.426,112.591,29.952,34.9333
0.39,102.658,113.304,30.144,34.9383
0.4,103.893,114.018,30.336,34.9431
0.41,105.131,114.731,30.528,34.9479
0.42,106.372,115.444,30.72,34.9526
0.43,107.614,116.157,30.912,34.9573
0.44,108.856,116.87,31.104,34.9619
0.45,110.099,117.583,31.296,34.9664
0.46,111.341,118.297,31.488,34.9709
0.47,112.58,119.01,31.68,34.9753
0.48,113.815,119.723,31.872,34.9797
0.49,115.046,120.436,32.064,34.984
0.5,116.27,121.149,32.256,34.9882
0.51,117.485,121.862,32.448,34.9924
0.52,118.69,122.574,32.64,34.9965
0.53,119.882,123.287,32.832,35.0006
0.54,121.058,124,33.024,35.0046
0.55,122.216,124.713,33.216,35.0086
0.56,123.352,125.426,33.408,35.0125
0.57,124.463,126.138,33.6,35.0164
0.58,125.544,126.851,33.792,35.0202
0.59,126.591,127.563,33.984,35.0239
0.6,127.599,128.276,34.176,35.0276
0.61,128.562,128.988,34.368,35.0312
0.62,129.474,129.701,34.56,35.0348
0.63,130.327,130.413,34.752,35.0384
0.64,131.115,131.126,34.944,35.0419
0.65,131.829,131.838,35.136,35.0453
0.66,132.458,132.55,35.328,35.0487
0.67,132.994,133.262,35.52,35.0521
0.68,133.424,133.974,35.712,35.0554
0.69,133.736,134.686,35.904,35.0586
0.7,133.917,135.398,36.096,35.0618
0.71,133.953,136.11,36.288,35.065
0.72,133.828,136.822,36.48,35.0681
0.73,135.381,137.534,36.288,35.0712
0.74,136.775,138.246,36.096,35.0742
0.75,138.025,138.958,35.904,35.0772
0.76,139.141,139.669,35.712,35.0802
0.77,140.136,140.381,35.52,35.0831
0.78,141.019,141.092,35.328,35.0859
0.79,141.801,141.804,35.136,35.0887
0.8,142.49,142.515,34.944,35.0915
0.81,143.093,143.226,34.752,35.0942
0.82,143.62,143.938,34.56,35.0969
0.83,144.076,144.649,34.368,35.0996
0.84,144.467,145.36,34.176,35.1022
0.85,144.8,146.071,33.984,35.1048
0.86,145.079,146.782,33.792,35.1073
0.87,145.309,147.493,33.6,35.1098
0.88,145.495,148.203,33.408,35.1123
0.89,145.639,148.914,33.216,35.1147
0.9,145.745,149.625,33.024,35.117
0.91,145.817,150.335,32.832,35.1194
0.92,145.857,151.046,32.64,35.1217
0.93,145.867,151.756,32.448,35.124
0.94,145.85,152.467,32.256,35.1262
0.95,147.218,153.177,32.448,35.1284
0.96,148.571,153.887,32.64,35.1305
0.97,149.909,154.597,32.832,35.1327
0.98,151.226,155.307,33.024,35.1348
0.99,152.521,156.017,33.216,35.1368
1,153.789,156.727,33.408,35.1388
1.01,155.027,157.437,33.6,35.1408
1.02,156.228,158.147,33.792,35.1428
1.03,157.388,158.856,33.984,35.1447
1.04,158.502,159.566,34.176,35.1466
1.05,159.562,160.275,34.368,35.1484
1.06,160.561,160.984,34.56,35.1503
1.07,161.492,161.694,34.752,35.152
1.08,162.345,162.403,34.944,35.1538
1.09,163.111,163.112,35.136,35.1555
1.1,163.78,163.821,35.328,35.1572
1.11,164.339,164.53,35.52,35.1589
1.12,164.776,165.239,35.712,35.1605
1.13,165.077,165.947,35.904,35.1621
1.14,165.228,166.656,36.096,35.1637
1.15,165.213,167.365,36.288,35.1652
1.16,166.644,168.073,36.096,35.1667
1.17,167.913,168.781,35.904,35.1682
1.18,169.032,169.49,35.712,35.1697
1.19,170.014,170.198,35.52,35.1711
1.2,170.87,170.906,35.328,35.1725
1.21,171.612,171.614,35.136,35.1739
1.22,172.248,172.322,34.944,35.1752
1.23,172.788,173.029,34.752,35.1765
1.24,173.241,173.737,34.56,35.1778
1.25,173.614,174.445,34.368,35.1791
1.26,173.914,175.152,34.176,35.1803
1.27,174.147,175.859,33.984,35.1815
1.28,174.32,176.567,33.792,35.1827
1.29,174.437,177.274,33.6,35.1838
1.3,174.503,177.981,33.408,35.1849
1.31,174.524,178.688,33.216,35.186
1.32,174.502,179.395,33.024,35.1871
1.33,175.898,180.102,33.216,35.1881
1.34,177.263,180.808,33.408,35.1891
1.35,178.592,181.515,33.6,35.1901
1.36,179.88,182.221,33.792,35.1911
1.37,181.121,182.928,33.984,35.192
1.38,182.308,183.634,34.176,35.193
1.39,183.434,184.34,34.368,35.1939
1.4,184.492,185.046,34.56,35.1947
1.41,185.471,185.752,34.752,35.1956
1.42,186.363,186.458,34.944,35.1964
1.43,187.158,187.163,35.136,35.1972
1.44,187.842,187.869,35.328,35.1979
1.45,188.404,188.574,35.52,35.1987
1.46,188.83,189.28,35.712,35.1994
1.47,189.105,189.985,35.904,35.2001
1.48,189.214,190.69,36.096,35.2008
1.49,189.139,191.395,36.288,35.2015
1.5,190.619,192.1,36.096,35.2021
1.51,191.92,192.805,35.904,35.2027
1.52,193.058,193.51,35.712,35.2033
1.53,194.045,194.214,35.52,35.2039
1.54,194.894,194.919,35.328,35.2044
1.55,195.615,195.623,35.136,35.2049
1.56,196.221,196.327,34.944,35.2054
1.57,196.721,197.031,34.752,35.2059
1.58,197.124,197.735,34.56,35.2064
1.59,197.439,198.439,34.368,35.2068
1.6,197.673,199.143,34.176,35.2072
1.61,197.834,199.847,33.984,35.2076
1.62,197.928,200.55,33.792,35.208
1.63,197.96,201.254,33.6,35.2083
1.64,197.936,201.957,33.408,35.2087
1.65,199.342,202.66,33.6,35.209
1.66,200.701,203.363,33.792,35.2093
1.67,202.007,204.066,33.984,35.2096
1.68,203.253,204.769,34.176,35.2098
1.69,204.431,205.472,34.368,35.21
1.7,205.532,206.174,34.56,35.2103
1.71,206.546,206.877,34.752,35.2105
1.72,207.463,207.579,34.944,35.2106
1.73,208.272,208.281,35.136,35.2108
1.74,208.959,208.983,35.328,35.2109
1.75,209.512,209.685,35.52,35.2111
1.76,209.916,210.387,35.712,35.2112
1.77,210.154,211.089,35.904,35.2112
1.78,210.211,211.791,36.096,35.2113
1.79,210.067,212.492,36.288,35.2113
1.8,211.604,213.193,36.096,35.2114
1.81,212.949,213.895,35.904,35.2114
1.82,214.116,214.596,35.712,35.2114
1.83,215.12,215.297,35.52,35.2113
1.84,215.973,215.998,35.328,35.2113
1.85,216.688,216.698,35.136,35.2112
1.86,217.277,217.399,34.944,35.2112
1.87,217.751,218.099,34.752,35.2111
1.88,218.119,218.8,34.56,35.2109
1.89,218.39,219.5,34.368,35.2108
1.9,218.573,220.2,34.176,35.2107
1.91,218.676,220.9,33.984,35.2105
1.92,218.706,221.6,33.792,35.2103
1.93,218.668,222.3,33.6,35.2101
1.94,220.089,222.999,33.792,35.2099
1.95,221.451,223.699,33.984,35.2097
1.96,222.745,224.398,34.176,35.2094
1.97,223.965,225.097,34.368,35.2092
1.98,225.099,225.796,34.56,35.2089
1.99,226.138,226.495,34.752,35.2086
2,227.07,227.194,34.944,35.2083
2.01,227.883,227.892,35.136,35.2079
2.02,228.563,228.591,35.328,35.2076
2.03,229.097,229.289,35.52,35.2072
2.04,229.468,229.988,35.712,35.2069
2.05,229.659,230.686,35.904,35.2065
2.06,229.654,231.384,36.096,35.2061
2.07,231.047,232.082,35.904,35.2056
2.08,232.25,232.779,35.712,35.2052
2.09,233.278,233.477,35.52,35.2047
2.1,234.145,234.174,35.328,35.2043
2.11,234.863,234.872,35.136,35.2038
2.12,235.445,235.569,34.944,35.2033
2.13,235.903,236.266,34.752,35.2028
2.14,236.247,236.963,34.56,35.2023
2.15,236.487,237.66,34.368,35.2017
2.16,236.632,238.356,34.176,35.2012
2.17,236.69,239.053,33.984,35.2006
2.18,236.669,239.749,33.792,35.2
2.19,238.074,240.445,33.984,35.1994
2.2,239.406,241.141,34.176,35.1988
2.21,240.655,241.837,34.368,35.1982
2.22,241.812,242.533,34.56,35.1975
2.23,242.866,243.229,34.752,35.1969
2.24,243.804,243.924,34.944,35.1962
2.25,244.613,244.62,35.136,35.1955
2.26,245.279,245.315,35.328,35.1948
2.27,245.787,246.01,35.52,35.1941
2.28,246.121,246.705,35.712,35.1934
2.29,246.262,247.4,35.904,35.1927
2.3,246.194,248.095,36.096,35.1919
2.31,247.641,248.789,35.904,35.1912
2.32,248.886,249.483,35.712,35.1904
2.33,249.945,250.178,35.52,35.1896
2.34,250.832,250.872,35.328,35.1888
2.35,251.56,251.566,35.136,35.188
2.36,252.144,252.26,34.944,35.1872
2.37,252.594,252.953,34.752,35.1863
2.38,252.922,253.647,34.56,35.1855
2.39,253.139,254.34,34.368,35.1846
2.4,253.253,255.034,34.176,35.1837
2.41,253.275,255.727,33.984,35.1828
2.42,253.211,256.42,33.792,35.1819
2.43,254.655,257.113,33.984,35.181
2.44,256.019,257.805,34.176,35.1801
2.45,257.293,258.498,34.368,35.1792
2.46,258.467,259.19,34.56,35.1782
2.47,259.529,259.882,34.752,35.1773
2.48,260.465,260.575,34.944,35.1763
2.49,261.263,261.266,35.136,35.1753
2.5,261.907,261.958,35.328,35.1743
2.51,262.381,262.65,35.52,35.1733
2.52,262.669,263.341,35.712,35.1723
2.53,262.751,264.033,35.904,35.1712
2.54,262.609,264.724,36.096,35.1702
2.55,264.12,265.415,35.904,35.1691
2.56,265.416,266.106,35.712,35.1681
2.57,266.514,266.797,35.52,35.167
2.58,267.43,267.488,35.328,35.1659
2.59,268.176,268.178,35.136,35.1648
2.6,268.768,268.868,34.944,35.1637
2.61,269.217,269.559,34.752,35.1626
2.62,269.535,270.249,34.56,35.1614
2.63,269.734,270.938,34.368,35.1603
2.64,269.824,271.628,34.176,35.1591
2.65,269.813,272.318,33.984,35.1579
2.66,271.202,273.007,34.176,35.1568
2.67,272.494,273.697,34.368,35.1556
2.68,273.678,274.386,34.56,35.1544
2.69,274.742,275.075,34.752,35.1532
2.7,275.671,275.764,34.944,35.1519
2.71,276.452,276.452,35.136,35.1507
2.72,277.068,277.141,35.328,35.1495
2.73,277.503,277.829,35.52,35.1482
2.74,277.74,278.517,35.712,35.147
2.75,277.759,279.205,35.904,35.1457
2.76,277.542,279.893,36.096,35.1444
2.77,279.118,280.581,35.904,35.1431
2.78,280.47,281.269,35.712,35.1418
2.79,281.612,281.956,35.52,35.1405
2.8,282.561,282.644,35.328,35.1392
2.81,283.331,283.331,35.136,35.1378
2.82,283.936,284.018,34.944,35.1365
2.83,284.391,284.705,34.752,35.1351
2.84,284.706,285.391,34.56,35.1338
2.85,284.894,286.078,34.368,35.1324
2.86,284.965,286.764,34.176,35.131
2.87,284.93,287.451,33.984,35.1296
2.88,286.34,288.137,34.176,35.1282
2.89,287.644,288.823,34.368,35.1268
2.9,288.833,289.508,34.56,35.1254
2.91,289.892,290.194,34.752,35.1239
2.92,290.808,290.88,34.944,35.1225
2.93,291.564,291.565,35.136,35.1211
2.94,292.146,292.25,35.328,35.1196
2.95,292.534,292.935,35.52,35.1181
2.96,292.712,293.62,35.712,35.1166
2.97,292.66,294.305,35.904,35.1152
2.98,294.068,294.989,35.712,35.1137
2.99,295.257,295.673,35.52,35.1122
3,296.243,296.358,35.328,35.1106
3.01,296.356,296.358,35.136,35.1106
3.02,296.294,296.358,34.944,35.1106
3.03,296.356,296.358,35.136,35.1106
3.04,296.243,296.358,35.328,35.1106
3.05,296.356,296.358,35.136,35.1106
3.06,296.294,296.358,34.944,35.1106
3.07,296.356,296.358,35.136,35.1106
3.08,296.243,296.358,35.328,35.1106
3.09,296.356,296.358,35.136,35.1106
3.1,296.294,296.358,34.944,35.1106
3.11,296.356,296.358,35.136,35.1106
3.12,296.243,296.358,35.328,35.1106
3.13,296.356,296.358,35.136,35.1106
3.14,296.294,296.358,34.944,35.1106
3.15,296.356,296.358,35.136,35.1106
3.16,296.243,296.358,35.328,35.1106
3.17,296.356,296.358,35.136,35.1106
3.18,296.294,296.358,34.944,35.1106
3.19,296.356,296.358,35.136,35.1106
3.2,296.243,296.358,35.328,35.1106
3.21,296.356,296.358,35.136,35.1106
3.22,296.294,296.358,34.944,35.1106
3.23,296.356,296.358,35.136,35.1106
3.24,296.243,296.358,35.328,35.1106
3.25,296.356,296.358,35.136,35.1106
3.26,296.294,296.358,34.944,35.1106
3.27,296.356,296.358,35.136,35.1106
3.28,296.243,296.358,35.328,35.1106
3.29,296.356,296.358,35.136,35.1106
3.3,296.294,296.358,34.944,35.1106
3.31,296.356,296.358,35.136,35.1106
3.32,296.243,296.358,35.328,35.1106
3.33,296.356,296.358,35.136,35.1106
3.34,296.294,296.358,34.944,35.1106
3.35,296.356,296.358,35.136,35.1106
3.36,296.243,296.358,35.328,35.1106
3.37,296.356,296.358,35.136,35.1106
3.38,296.294,296.358,34.944,35.1106
3.39,296.356,296.358,35.136,35.1106
3.4,296.243,296.358,35.328,35.1106
3.41,296.356,296.358,35.136,35.1106
3.42,296.294,296.358,34.944,35.1106
3.43,296.356,296.358,35.136,35.1106
3.44,296.243,296.358,35.328,35.1106
3.45,296.356,296.358,35.136,35.1106
3.46,296.294,296.358,34.944,35.1106
3.47,296.356,296.358,35.136,35.1106
3.48,296.243,296.358,35.328,35.1106
3.49,296.356,296.358,35.136,35.1106
3.5,296.294,296.358,34.944,35.1106
3.51,296.356,296.358,35.136,35.1106
3.52,296.243,296.358,35.328,35.1106
3.53,296.356,296.358,35.136,35.1106
3.54,296.294,296.358,34.944,35.1106
3.55,296.356,296.358,35.136,35.1106
3.56,296.243,296.358,35.328,35.1106
3.57,296.356,296.358,35.136,35.1106
3.58,296.294,296.358,34.944,35.1106
3.59,296.356,296.358,35.136,35.1106
3.6,296.243,296.358,35.328,35.1106
3.61,296.356,296.358,35.136,35.1106
3.62,296.294,296.358,34.944,35.1106
3.63,296.356,296.358,35.136,35.1106
3.64,296.243,296.358,35.328,35.1106
3.65,296.356,296.358,35.136,35.1106
3.66,296.294,296.358,34.944,35.1106
3.67,296.356,296.358,35.136,35.1106
3.68,296.243,296.358,35.328,35.1106
3.69,296.356,296.358,35.136,35.1106
3.7,296.294,296.358,34.944,35.1106
3.71,296.356,296.358,35.136,35.1106
3.72,296.243,296.358,35.328,35.1106
3.73,296.356,296.358,35.136,35.1106
3.74,296.294,296.358,34.944,35.1106
3.75,296.356,296.358,35.136,35.1106
3.76,296.243,296.358,35.328,35.1106
3.77,296.356,296.358,35.136,35.1106
3.78,296.294,296.358,34.944,35.1106
3.79,296.356,296.358,35.136,35.1106
3.8,296.243,296.358,35.328,35.1106
3.81,296.356,296.358,35.136,35.1106
3.82,296.294,296.358,34.944,35.1106
3.83,296.356,296.358,35.136,35.1106
3.84,296.243,296.358,35.328,35.1106
3.85,296.356,296.358,35.136,35.1106
3.86,296.294,296.358,34.944,35.1106
3.87,296.356,296.358,35.136,35.1106
3.88,296.243,296.358,35.328,35.1106
3.89,296.356,296.358,35.136,35.1106
3.9,296.294,296.358,34.944,35.1106
3.91,296.356,296.358,35.136,35.1106
3.92,296.243,296.358,35.328,35.1106
3.93,296.356,296.358,35.136,35.1106
3.94,296.294,296.358,34.944,35.1106
3.95,296.356,296.358,35.136,35.1106
3.96,296.243,296.358,35.328,35.1106
3.97,296.356,296.358,35.136,35.1106
3.98,296.294,296.358,34.944,35.1106
3.99,296.356,296.358,35.136,35.1106
4,296.243,296.358,35.328,35.1106
4.01,296.356,296.358,35.136,35.1106
4.02,296.294,296.358,34.944,35.1106
4.03,296.356,296.358,35.136,35.1106
4.04,296.243,296.358,35.328,35.1106
4.05,296.356,296.358,35.136,35.1106
4.06,296.294,296.358,34.944,35.1106
4.07,296.356,296.358,35.136,35.1106
4.08,296.243,296.358,35.328,35.1106
4.09,296.356,296.358,35.136,35.1106
4.1,296.294,296.358,34.944,35.1106
4.11,296.356,296.358,35.136,35.1106
4.12,296.243,296.358,35.328,35.1106
4.13,296.356,296.358,35.136,35.1106
4.14,296.294,296.358,34.944,35.1106
4.15,296.356,296.358,35.136,35.1106
4.16,296.243,296.358,35.328,35.1106
4.17,296.356,296.358,35.136,35.1106
4.18,296.294,296.358,34.944,35.1106
4.19,296.356,296.358,35.136,35.1106
4.2,296.243,296.358,35.328,35.1106
4.21,296.356,296.358,35.136,35.1106
4.22,296.294,296.358,34.944,35.1106
4.23,296.356,296.358,35.136,35.1106
4.24,296.243,296.358,35.328,35.1106
4.25,296.356,296.358,35.136,35.1106
4.26,296.294,296.358,34.944,35.1106
4.27,296.356,296.358,35.136,35.1106
4.28,296.243,296.358,35.328,35.1106
4.29,296.356,296.358,35.136,35.1106
4.3,296.294,296.358,34.944,35.1106
4.31,296.356,296.358,35.136,35.1106
4.32,296.243,296.358,35.328,35.1106
4.33,296.356,296.358,35.136,35.1106
4.34,296.294,296.358,34.944,35.1106
4.35,296.356,296.358,35.136,35.1106
4.36,296.243,296.358,35.328,35.1106
4.37,296.356,296.358,35.136,35.1106
4.38,296.294,296.358,34.944,35.1106
4.39,296.356,296.358,35.136,35.1106
4.4,296.243,296.358,35.328,35.1106
4.41,296.356,296.358,35.136,35.1106
4.42,296.294,296.358,34.944,35.1106
4.43,296.356,296.358,35.136,35.1106
4.44,296.243,296.358,35.328,35.1106
4.45,296.356,296.358,35.136,35.1106
4.46,296.294,296.358,34.944,35.1106
4.47,296.356,296.358,35.136,35.1106
4.48,296.243,296.358,35.328,35.1106
4.49,296.356,296.358,35.136,35.1106
4.5,296.294,296.358,34.944,35.1106
4.51,296.356,296.358,35.136,35.1106
4.52,296.243,296.358,35.328,35.1106
4.53,296.356,296.358,35.136,35.1106
4.54,296.294,296.358,34.944,35.1106
4.55,296.356,296.358,35.136,35.1106
4.56,296.243,296.358,35.328,35.1106
4.57,296.356,296.358,35.136,35.1106
4.58,296.294,296.358,34.944,35.1106
4.59,296.356,296.358,35.136,35.1106
4.6,296.243,296.358,35.328,35.1106
4.61,296.356,296.358,35.136,35.1106
4.62,296.294,296.358,34.944,35.1106
4.63,296.356,296.358,35.136,35.1106
4.64,296.243,296.358,35.328,35.1106
4.65,296.356,296.358,35.136,35.1106
4.66,296.294,296.358,34.944,35.1106
4.67,296.356,296.358,35.136,35.1106
4.68,296.243,296.358,35.328,35.1106
4.69,296.356,296.358,35.136,35.1106
4.7,296.294,296.358,34.944,35.1106
4.71,296.356,296.358,35.136,35.1106
4.72,296.243,296.358,35.328,35.1106
4.73,296.356,296.358,35.136,35.1106
4.74,296.294,296.358,34.944,35.1106
4.75,296.356,296.358,35.136,35.1106
4.76,296.243,296.358,35.328,35.1106
4.77,296.356,296.358,35.136,35.1106
4.78,296.294,296.358,34.944,35.1106
4.79,296.356,296.358,35.136,35.1106
4.8,296.243,296.358,35.328,35.1106
4.81,296.356,296.358,35.136,35.1106
4.82,296.294,296.358,34.944,35.1106
4.83,296.356,296.358,35.136,35.1106
4.84,296.243,296.358,35.328,35.1106
4.85,296.356,296.358,35.136,35.1106
4.86,296.294,296.358,34.944,35.1106
4.87,296.356,296.358,35.136,35.1106
4.88,296.243,296.358,35.328,35.1106
4.89,296.356,296.358,35.136,35.1106
4.9,296.294,296.358,34.944,35.1106
4.91,296.356,296.358,35.136,35.1106
4.92,296.243,296.358,35.328,35.1106
4.93,296.356,296.358,35.136,35.1106
4.94,296.294,296.358,34.944,35.1106
4.95,296.356,296.358,35.136,35.1106
4.96,296.243,296.358,35.328,35.1106
4.97,296.356,296.358,35.136,35.1106
4.98,296.294,296.358,34.944,35.1106
4.99,296.356,296.358,35.136,35.1106
5,296.243,296.358,35.328,35.1106
5.01,296.356,296.358,35.136,35.1106
5.02,296.294,296.358,34.944,35.1106
5.03,296.356,296.358,35.136,35.1106
5.04,296.243,296.358,35.328,35.1106
5.05,296.356,296.358,35.136,35.1106
5.06,296.294,296.358,34.944,35.1106
5.07,296.356,296.358,35.136,35.1106
5.08,296.243,296.358,35.328,35.1106
5.09,296.356,296.358,35.136,35.1106
5.1,296.294,296.358,34.944,35.1106
5.11,296.356,296.358,35.136,35.1106
5.12,296.243,296.358,35.328,35.1106
5.13,296.356,296.358,35.136,35.1106
5.14,296.294,296.358,34.944,35.1106
5.15,296.356,296.358,35.136,35.1106
5.16,296.243,296.358,35.328,35.1106
5.17,296.356,296.358,35.136,35.1106
5.18,296.294,296.358,34.944,35.1106
5.19,296.356,296.358,35.136,35.1106
5.2,296.243,296.358,35.328,35.1106
5.21,296.356,296.358,35.136,35.1106
5.22,296.294,296.358,34.944,35.1106
5.23,296.356,296.358,35.136,35.1106
5.24,296.243,296.358,35.328,35.1106
5.25,296.356,296.358,35.136,35.1106
5.26,296.294,296.358,34.944,35.1106
5.27,296.356,296.358,35.136,35.1106
5.28,296.243,296.358,35.328,35.1106
5.29,296.356,296.358,35.136,35.1106
5.3,296.294,296.358,34.944,35.1106
5.31,296.356,296.358,35.136,35.1106
5.32,296.243,296.358,35.328,35.1106
5.33,296.356,296.358,35.136,35.1106
5.34,296.294,296.358,34.944,35.1106
5.35,296.356,296.358,35.136,35.1106
5.36,296.243,296.358,35.328,35.1106
5.37,296.356,296.358,35.136,35.1106
5.38,296.294,296.358,34.944,35.1106
5.39,296.356,296.358,35.136,35.1106
5.4,296.243,296.358,35.328,35.1106
5.41,296.356,296.358,35.136,35.1106
5.42,296.294,296.358,34.944,35.1106
5.43,296.356,296.358,35.136,35.1106
5.44,296.243,296.358,35.328,35.1106
5.45,296.356,296.358,35.136,35.1106
5.46,296.294,296.358,34.944,35.1106
5.47,296.356,296.358,35.136,35.1106
5.48,296.243,296.358,35.328,35.1106
5.49,296.356,296.358,35.136,35.1106
5.5,296.294,296.358,34.944,35.1106
5.51,296.356,296.358,35.136,35.1106
5.52,296.243,296.358,35.328,35.1106
5.53,296.356,296.358,35.136,35.1106
5.54,296.294,296.358,34.944,35.1106
5.55,296.356,296.358,35.136,35.1106
5.56,296.243,296.358,35.328,35.1106
5.57,296.356,296.358,35.136,35.1106
5.58,296.294,296.358,34.944,35.1106
5.59,296.356,296.358,35.136,35.1106
5.6,296.243,296.358,35.328,35.1106
5.61,296.356,296.358,35.136,35.1106
5.62,296.294,296.358,34.944,35.1106
5.63,296.356,296.358,35.136,35.1106
5.64,296.243,296.358,35.328,35.1106
5.65,296.356,296.358,35.136,35.1106
5.66,296.294,296.358,34.944,35.1106
5.67,296.356,296.358,35.136,35.1106
5.68,296.243,296.358,35.328,35.1106
5.69,296.356,296.358,35.136,35.1106
5.7,296.294,296.358,34.944,35.1106
5.71,296.356,296.358,35.136,35.1106
5.72,296.243,296.358,35.328,35.1106
5.73,296.356,296.358,35.136,35.1106
5.74,296.294,296.358,34.944,35.1106
5.75,296.356,296.358,35.136,35.1106
5.76,296.243,296.358,35.328,35.1106
5.77,296.356,296.358,35.136,35.1106
5.78,296.294,296.358,34.944,35.1106
5.79,296.356,296.358,35.136,35.1106
5.8,296.243,296.358,35.328,35.1106
5.81,296.356,296.358,35.136,35.1106
5.82,296.294,296.358,34.944,35.1106
5.83,296.356,296.358,35.136,35.1106
5.84,296.243,296.358,35.328,35.1106
5.85,296.356,296.358,35.136,35.1106
5.86,296.294,296.358,34.944,35.1106
5.87,296.356,296.358,35.136,35.1106
5.88,296.243,296.358,35.328,35.1106
5.89,296.356,296.358,35.136,35.1106
5.9,296.294,296.358,34.944,35.1106
5.91,296.356,296.358,35.136,35.1106
5.92,296.243,296.358,35.328,35.1106
5.93,296.356,296.358,35.136,35.1106
5.94,296.294,296.358,34.944,35.1106
5.95,296.356,296.358,35.136,35.1106
5.96,296.243,296.358,35.328,35.1106
5.97,296.356,296.358,35.136,35.1106
5.98,296.294,296.358,34.944,35.1106
5.99,296.356,296.358,35.136,35.1106
6,115.909,116.055,35.328,34.9566
6.01,116.022,116.055,35.136,34.9566
6.02,116.055,116.055,34.944,34.9566
6.03,116.016,116.055,34.752,34.9566
6.04,116.055,116.055,34.944,34.9566
6.05,116.022,116.055,35.136,34.9566
6.06,116.055,116.055,34.944,34.9566
6.07,116.016,116.055,34.752,34.9566
6.08,116.055,116.055,34.944,34.9566
6.09,116.022,116.055,35.136,34.9566
6.1,116.055,116.055,34.944,34.9566
6.11,116.016,116.055,34.752,34.9566
6.12,116.055,116.055,34.944,34.9566
6.13,116.022,116.055,35.136,34.9566
6.14,116.055,116.055,34.944,34.9566
6.15,116.016,116.055,34.752,34.9566
6.16,116.055,116.055,34.944,34.9566
6.17,116.022,116.055,35.136,34.9566
6.18,116.055,116.055,34.944,34.9566
6.19,116.016,116.055,34.752,34.9566
6.2,116.055,116.055,34.944,34.9566
6.21,116.022,116.055,35.136,34.9566
6.22,116.055,116.055,34.944,34.9566
6.23,116.016,116.055,34.752,34.9566
6.24,116.055,116.055,34.944,34.9566
6.25,116.022,116.055,35.136,34.9566
6.26,116.055,116.055,34.944,34.9566
6.27,116.016,116.055,34.752,34.9566
6.28,116.055,116.055,34.944,34.9566
6.29,116.022,116.055,35.136,34.9566
6.3,116.055,116.055,34.944,34.9566
6.31,116.016,116.055,34.752,34.9566
6.32,116.055,116.055,34.944,34.9566
6.33,116.022,116.055,35.136,34.9566
6.34,116.055,116.055,34.944,34.9566
6.35,116.016,116.055,34.752,34.9566
6.36,116.055,116.055,34.944,34.9566
6.37,116.022,116.055,35.136,34.9566
6.38,116.055,116.055,34.944,34.9566
6.39,116.016,116.055,34.752,34.9566
6.4,116.055,116.055,34.944,34.9566
6.41,116.022,116.055,35.136,34.9566
6.42,116.055,116.055,34.944,34.9566
6.43,116.016,116.055,34.752,34.9566
6.44,116.055,116.055,34.944,34.9566
6.45,116.022,116.055,35.136,34.9566
6.46,116.055,116.055,34.944,34.9566
6.47,116.016,116.055,34.752,34.9566
6.48,116.055,116.055,34.944,34.9566
6.49,116.022,116.055,35.136,34.9566
6.5,116.055,116.055,34.944,34.9566
6.51,116.016,116.055,34.752,34.9566
6.52,116.055,116.055,34.944,34.9566
6.53,116.022,116.055,35.136,34.9566
6.54,116.055,116.055,34.944,34.9566
6.55,116.016,116.055,34.752,34.9566
6.56,116.055,116.055,34.944,34.9566
6.57,116.022,116.055,35.136,34.9566
6.58,116.055,116.055,34.944,34.9566
6.59,116.016,116.055,34.752,34.9566
6.6,116.055,116.055,34.944,34.9566
6.61,116.022,116.055,35.136,34.9566
6.62,116.055,116.055,34.944,34.9566
6.63,116.016,116.055,34.752,34.9566
6.64,116.055,116.055,34.944,34.9566
6.65,116.022,116.055,35.136,34.9566
6.66,116.055,116.055,34.944,34.9566
6.67,116.016,116.055,34.752,34.9566
6.68,116.055,116.055,34.944,34.9566
6.69,116.022,116.055,35.136,34.9566
6.7,116.055,116.055,34.944,34.9566
6.71,116.016,116.055,34.752,34.9566
6.72,116.055,116.055,34.944,34.9566
6.73,116.022,116.055,35.136,34.9566
6.74,116.055,116.055,34.944,34.9566
6.75,116.016,116.055,34.752,34.9566
6.76,116.055,116.055,34.944,34.9566
6.77,116.022,116.055,35.136,34.9566
6.78,116.055,116.055,34.944,34.9566
6.79,116.016,116.055,34.752,34.9566
6.8,116.055,116.055,34.944,34.9566
6.81,116.022,116.055,35.136,34.9566
6.82,116.055,116.055,34.944,34.9566
6.83,116.016,116.055,34.752,34.9566
6.84,116.055,116.055,34.944,34.9566
6.85,116.022,116.055,35.136,34.9566
6.86,116.055,116.055,34.944,34.9566
6.87,116.016,116.055,34.752,34.9566
6.88,116.055,116.055,34.944,34.9566
6.89,116.022,116.055,35.136,34.9566
6.9,116.055,116.055,34.944,34.9566
6.91,116.016,116.055,34.752,34.9566
6.92,116.055,116.055,34.944,34.9566
6.93,116.022,116.055,35.136,34.9566
6.94,116.055,116.055,34.944,34.9566
6.95,116.016,116.055,34.752,34.9566
6.96,116.055,116.055,34.944,34.9566
6.97,116.022,116.055,35.136,34.9566
6.98,116.055,116.055,34.944,34.9566
6.99,116.016,116.055,34.752,34.9566
7,116.055,116.055,34.944,34.9566
7.01,116.022,116.055,35.136,34.9566
7.02,116.055,116.055,34.944,34.9566
7.03,116.016,116.055,34.752,34.9566
7.04,116.055,116.055,34.944,34.9566
7.05,116.022,116.055,35.136,34.9566
7.06,116.055,116.055,34.944,34.9566
7.07,116.016,116.055,34.752,34.9566
7.08,116.055,116.055,34.944,34.9566
7.09,116.022,116.055,35.136,34.9566
7.1,116.055,116.055,34.944,34.9566
7.11,116.016,116.055,34.752,34.9566
7.12,116.055,116.055,34.944,34.9566
7.13,116.022,116.055,35.136,34.9566
7.14,116.055,116.055,34.944,34.9566
7.15,116.016,116.055,34.752,34.9566
7.16,116.055,116.055,34.944,34.9566
7.17,116.022,116.055,35.136,34.9566
7.18,116.055,116.055,34.944,34.9566
7.19,116.016,116.055,34.752,34.9566
7.2,116.055,116.055,34.944,34.9566
7.21,116.022,116.055,35.136,34.9566
7.22,116.055,116.055,34.944,34.9566
7.23,116.016,116.055,34.752,34.9566
7.24,116.055,116.055,34.944,34.9566
7.25,116.022,116.055,35.136,34.9566
7.26,116.055,116.055,34.944,34.9566
7.27,116.016,116.055,34.752,34.9566
7.28,116.055,116.055,34.944,34.9566
7.29,116.022,116.055,35.136,34.9566
7.3,116.055,116.055,34.944,34.9566
7.31,116.016,116.055,34.752,34.9566
7.32,116.055,116.055,34.944,34.9566
7.33,116.022,116.055,35.136,34.9566
7.34,116.055,116.055,34.944,34.9566
7.35,116.016,116.055,34.752,34.9566
7.36,116.055,116.055,34.944,34.9566
7.37,116.022,116.055,35.136,34.9566
7.38,116.055,116.055,34.944,34.9566
7.39,116.016,116.055,34.752,34.9566
7.4,116.055,116.055,34.944,34.9566
7.41,116.022,116.055,35.136,34.9566
7.42,116.055,116.055,34.944,34.9566
7.43,116.016,116.055,34.752,34.9566
7.44,116.055,116.055,34.944,34.9566
7.45,116.022,116.055,35.136,34.9566
7.46,116.055,116.055,34.944,34.9566
7.47,116.016,116.055,34.752,34.9566
7.48,116.055,116.055,34.944,34.9566
7.49,116.022,116.055,35.136,34.9566
7.5,116.055,116.055,34.944,34.9566
7.51,116.016,116.055,34.752,34.9566
7.52,116.055,116.055,34.944,34.9566
7.53,116.022,116.055,35.136,34.9566
7.54,116.055,116.055,34.944,34.9566
7.55,116.016,116.055,34.752,34.9566
7.56,116.055,116.055,34.944,34.9566
7.57,116.022,116.055,35.136,34.9566
7.58,116.055,116.055,34.944,34.9566
7.59,116.016,116.055,34.752,34.9566
7.6,116.055,116.055,34.944,34.9566
7.61,116.022,116.055,35.136,34.9566
7.62,116.055,116.055,34.944,34.9566
7.63,116.016,116.055,34.752,34.9566
7.64,116.055,116.055,34.944,34.9566
7.65,116.022,116.055,35.136,34.9566
7.66,116.055,116.055,34.944,34.9566
7.67,116.016,116.055,34.752,34.9566
7.68,116.055,116.055,34.944,34.9566
7.69,116.022,116.055,35.136,34.9566
7.7,116.055,116.055,34.944,34.9566
7.71,116.016,116.055,34.752,34.9566
7.72,116.055,116.055,34.944,34.9566
7.73,116.022,116.055,35.136,34.9566
7.74,116.055,116.055,34.944,34.9566
7.75,116.016,116.055,34.752,34.9566
7.76,116.055,116.055,34.944,34.9566
7.77,116.022,116.055,35.136,34.9566
7.78,116.055,116.055,34.944,34.9566
7.79,116.016,116.055,34.752,34.9566
7.8,116.055,116.055,34.944,34.9566
7.81,116.022,116.055,35.136,34.9566
7.82,116.055,116.055,34.944,34.9566
7.83,116.016,116.055,34.752,34.9566
7.84,116.055,116.055,34.944,34.9566
7.85,116.022,116.055,35.136,34.9566
7.86,116.055,116.055,34.944,34.9566
7.87,116.016,116.055,34.752,34.9566
7.88,116.055,116.055,34.944,34.9566
7.89,116.022,116.055,35.136,34.9566
7.9,116.055,116.055,34.944,34.9566
7.91,116.016,116.055,34.752,34.9566
7.92,116.055,116.055,34.944,34.9566
7.93,116.022,116.055,35.136,34.9566
7.94,116.055,116.055,34.944,34.9566
7.95,116.016,116.055,34.752,34.9566
7.96,116.055,116.055,34.944,34.9566
7.97,116.022,116.055,35.136,34.9566
7.98,116.055,116.055,34.944,34.9566
7.99,116.016,116.055,34.752,34.9566
8,116.055,116.055,34.944,34.9566
8.01,116.022,116.055,35.136,34.9566
8.02,116.055,116.055,34.944,34.9566
8.03,116.016,116.055,34.752,34.9566
8.04,116.055,116.055,34.944,34.9566
8.05,116.022,116.055,35.136,34.9566
8.06,116.055,116.055,34.944,34.9566
8.07,116.016,116.055,34.752,34.9566
8.08,116.055,116.055,34.944,34.9566
8.09,116.022,116.055,35.136,34.9566
8.1,116.055,116.055,34.944,34.9566
8.11,116.016,116.055,34.752,34.9566
8.12,116.055,116.055,34.944,34.9566
8.13,116.022,116.055,35.136,34.9566
8.14,116.055,116.055,34.944,34.9566
8.15,116.016,116.055,34.752,34.9566
8.16,116.055,116.055,34.944,34.9566
8.17,116.022,116.055,35.136,34.9566
8.18,116.055,116.055,34.944,34.9566
8.19,116.016,116.055,34.752,34.9566
8.2,116.055,116.055,34.944,34.9566
8.21,116.022,116.055,35.136,34.9566
8.22,116.055,116.055,34.944,34.9566
8.23,116.016,116.055,34.752,34.9566
8.24,116.055,116.055,34.944,34.9566
8.25,116.022,116.055,35.136,34.9566
8.26,116.055,116.055,34.944,34.9566
8.27,116.016,116.055,34.752,34.9566
8.28,116.055,116.055,34.944,34.9566
8.29,116.022,116.055,35.136,34.9566
8.3,116.055,116.055,34.944,34.9566
8.31,116.016,116.055,34.752,34.9566
8.32,116.055,116.055,34.944,34.9566
8.33,116.022,116.055,35.136,34.9566
8.34,116.055,116.055,34.944,34.9566
8.35,116.016,116.055,34.752,34.9566
8.36,116.055,116.055,34.944,34.9566
8.37,116.022,116.055,35.136,34.9566
8.38,116.055,116.055,34.944,34.9566
8.39,116.016,116.055,34.752,34.9566
8.4,116.055,116.055,34.944,34.9566
8.41,116.022,116.055,35.136,34.9566
8.42,116.055,116.055,34.944,34.9566
8.43,116.016,116.055,34.752,34.9566
8.44,116.055,116.055,34.944,34.9566
8.45,116.022,116.055,35.136,34.9566
8.46,116.055,116.055,34.944,34.9566
8.47,116.016,116.055,34.752,34.9566
8.48,116.055,116.055,34.944,34.9566
8.49,116.022,116.055,35.136,34.9566
8.5,116.055,116.055,34.944,34.9566
8.51,116.016,116.055,34.752,34.9566
8.52,116.055,116.055,34.944,34.9566
8.53,116.022,116.055,35.136,34.9566
8.54,116.055,116.055,34.944,34.9566
8.55,116.016,116.055,34.752,34.9566
8.56,116.055,116.055,34.944,34.9566
8.57,116.022,116.055,35.136,34.9566
8.58,116.055,116.055,34.944,34.9566
8.59,116.016,116.055,34.752,34.9566
8.6,116.055,116.055,34.944,34.9566
8.61,116.022,116.055,35.136,34.9566
8.62,116.055,116.055,34.944,34.9566
8.63,116.016,116.055,34.752,34.9566
8.64,116.055,116.055,34.944,34.9566
8.65,116.022,116.055,35.136,34.9566
8.66,116.055,116.055,34.944,34.9566
8.67,116.016,116.055,34.752,34.9566
8.68,116.055,116.055,34.944,34.9566
8.69,116.022,116.055,35.136,34.9566
8.7,116.055,116.055,34.944,34.9566
8.71,116.016,116.055,34.752,34.9566
8.72,116.055,116.055,34.944,34.9566
8.73,116.022,116.055,35.136,34.9566
8.74,116.055,116.055,34.944,34.9566
8.75,116.016,116.055,34.752,34.9566
8.76,116.055,116.055,34.944,34.9566
8.77,116.022,116.055,35.136,34.9566
8.78,116.055,116.055,34.944,34.9566
8.79,116.016,116.055,34.752,34.9566
8.8,116.055,116.055,34.944,34.9566
8.81,116.022,116.055,35.136,34.9566
8.82,116.055,116.055,34.944,34.9566
8.83,116.016,116.055,34.752,34.9566
8.84,116.055,116.055,34.944,34.9566
8.85,116.022,116.055,35.136,34.9566
8.86,116.055,116.055,34.944,34.9566
8.87,116.016,116.055,34.752,34.9566
8.88,116.055,116.055,34.944,34.9566
8.89,116.022,116.055,35.136,34.9566
8.9,116.055,116.055,34.944,34.9566
8.91,116.016,116.055,34.752,34.9566
8.92,116.055,116.055,34.944,34.9566
8.93,116.022,116.055,35.136,34.9566
8.94,116.055,116.055,34.944,34.9566
8.95,116.016,116.055,34.752,34.9566
8.96,116.055,116.055,34.944,34.9566
8.97,116.022,116.055,35.136,34.9566
8.98,116.055,116.055,34.944,34.9566
8.99,116.016,116.055,34.752,34.9566
9,116.055,116.055,34.944,34.9566
9.01,117.86,117.889,35.136,34.9684
9.02,119.591,119.723,35.328,34.9797
9.03,121.237,121.556,35.52,34.9906
9.04,122.785,123.389,35.712,35.0012
9.05,124.223,125.222,35.904,35.0114
9.06,125.534,127.054,36.096,35.0212
9.07,126.703,128.887,36.288,35.0307
9.08,127.713,130.719,36.48,35.0399
9.09,128.545,132.55,36.672,35.0487
9.1,129.179,134.381,36.864,35.0572
9.11,129.593,136.212,37.056,35.0655
9.12,129.765,138.042,37.248,35.0734
9.13,129.673,139.872,37.44,35.081
9.14,133.375,141.702,37.248,35.0883
9.15,136.846,143.531,37.056,35.0954
9.16,140.101,145.36,36.864,35.1022
9.17,143.155,147.188,36.672,35.1087
9.18,146.02,149.016,36.48,35.115
9.19,148.709,150.843,36.288,35.121
9.2,151.235,152.67,36.096,35.1268
9.21,153.609,154.496,35.904,35.1324
9.22,155.843,156.321,35.712,35.1377
9.23,157.945,158.147,35.52,35.1428
9.24,159.926,159.971,35.328,35.1476
9.25,161.795,161.795,35.136,35.1523
9.26,163.559,163.618,34.944,35.1567
9.27,165.226,165.441,34.752,35.161
9.28,166.803,167.263,34.56,35.165
9.29,168.297,169.085,34.368,35.1689
9.3,169.713,170.906,34.176,35.1725
9.31,171.057,172.726,33.984,35.176
9.32,172.333,174.546,33.792,35.1792
9.33,173.546,176.365,33.6,35.1823
9.34,174.701,178.183,33.408,35.1852
9.35,175.8,180.001,33.216,35.188
9.36,176.847,181.818,33.024,35.1906
9.37,177.845,183.634,32.832,35.193
9.38,178.797,185.449,32.64,35.1952
9.39,179.706,187.264,32.448,35.1973
9.4,180.573,189.078,32.256,35.1992
9.41,181.401,190.892,32.064,35.201
9.42,182.191,192.704,31.872,35.2026
9.43,182.945,194.516,31.68,35.2041
9.44,183.666,196.327,31.488,35.2054
9.45,184.353,198.138,31.296,35.2066
9.46,185.009,199.947,31.104,35.2077
9.47,185.633,201.756,30.912,35.2086
9.48,186.229,203.564,30.72,35.2094
9.49,186.795,205.371,30.528,35.21
9.5,187.334,207.178,30.336,35.2105
9.51,187.845,208.983,30.144,35.2109
9.52,188.329,210.788,29.952,35.2112
9.53,188.788,212.592,29.76,35.2113
9.54,189.221,214.395,29.568,35.2114
9.55,189.629,216.198,29.376,35.2113
9.56,190.012,217.999,29.184,35.2111
9.57,190.371,219.8,28.992,35.2107
9.58,190.707,221.6,28.8,35.2103
9.59,191.018,223.399,28.608,35.2098
9.6,191.306,225.197,28.416,35.2091
9.61,191.572,226.994,28.224,35.2084
9.62,191.814,228.791,28.032,35.2075
9.63,192.034,230.586,27.84,35.2065
9.64,192.231,232.381,27.648,35.2054
9.65,192.406,234.174,27.456,35.2043
9.66,192.558,235.967,27.264,35.203
9.67,192.689,237.759,27.072,35.2016
9.68,192.797,239.55,26.88,35.2002
9.69,192.884,241.34,26.688,35.1986
9.7,192.949,243.129,26.496,35.197
9.71,192.992,244.918,26.304,35.1952
9.72,193.014,246.705,26.112,35.1934
9.73,193.014,248.491,25.92,35.1915
9.74,192.993,250.277,25.728,35.1895
9.75,195.81,252.061,25.92,35.1874
9.76,198.647,253.845,26.112,35.1852
9.77,201.503,255.628,26.304,35.183
9.78,204.379,257.409,26.496,35.1806
9.79,207.275,259.19,26.688,35.1782
9.8,210.189,260.97,26.88,35.1757
9.81,213.123,262.749,27.072,35.1731
9.82,216.076,264.527,27.264,35.1705
9.83,219.047,266.303,27.456,35.1678
9.84,222.037,268.079,27.648,35.1649
9.85,225.045,269.854,27.84,35.1621
9.86,228.071,271.628,28.032,35.1591
9.87,231.114,273.401,28.224,35.1561
9.88,234.175,275.173,28.416,35.153
9.89,237.252,276.944,28.608,35.1498
9.9,240.345,278.714,28.8,35.1466
9.91,243.454,280.483,28.992,35.1433
9.92,246.578,282.251,29.184,35.1399
9.93,249.715,284.018,29.376,35.1365
9.94,252.866,285.784,29.568,35.133
9.95,256.03,287.549,29.76,35.1294
9.96,259.204,289.313,29.952,35.1258
9.97,262.388,291.075,30.144,35.1221
9.98,265.581,292.837,30.336,35.1183
9.99,268.78,294.598,30.528,35.1145
10,271.985,296.358,30.72,35.1106
10.01,273.536,296.358,30.912,35.1106
10.02,275.071,296.358,31.104,35.1106
10.03,276.586,296.358,31.296,35.1106
10.04,278.079,296.358,31.488,35.1106
10.05,279.549,296.358,31.68,35.1106
10.06,280.991,296.358,31.872,35.1106
10.07,282.403,296.358,32.064,35.1106
10.08,283.782,296.358,32.256,35.1106
10.09,285.122,296.358,32.448,35.1106
10.1,286.421,296.358,32.64,35.1106
10.11,287.672,296.358,32.832,35.1106
10.12,288.871,296.358,33.024,35.1106
10.13,290.011,296.358,33.216,35.1106
10.14,291.086,296.358,33.408,35.1106
10.15,292.089,296.358,33.6,35.1106
10.16,293.01,296.358,33.792,35.1106
10.17,293.843,296.358,33.984,35.1106
10.18,294.576,296.358,34.176,35.1106
10.19,295.199,296.358,34.368,35.1106
10.2,295.702,296.358,34.56,35.1106
10.21,296.071,296.358,34.752,35.1106
10.22,296.294,296.358,34.944,35.1106
10.23,296.356,296.358,35.136,35.1106
10.24,296.243,296.358,35.328,35.1106
10.25,296.356,296.358,35.136,35.1106
10.26,296.294,296.358,34.944,35.1106
10.27,296.356,296.358,35.136,35.1106
10.28,296.243,296.358,35.328,35.1106
10.29,296.356,296.358,35.136,35.1106
10.3,296.294,296.358,34.944,35.1106
10.31,296.356,296.358,35.136,35.1106
10.32,296.243,296.358,35.328,35.1106
10.33,296.356,296.358,35.136,35.1106
10.34,296.294,296.358,34.944,35.1106
10.35,296.356,296.358,35.136,35.1106
10.36,296.243,296.358,35.328,35.1106
10.37,296.356,296.358,35.136,35.1106
10.38,296.294,296.358,34.944,35.1106
10.39,296.356,296.358,35.136,35.1106
10.4,296.243,296.358,35.328,35.1106
10.41,296.356,296.358,35.136,35.1106
10.42,296.294,296.358,34.944,35.1106
10.43,296.356,296.358,35.136,35.1106
10.44,296.243,296.358,35.328,35.1106
10.45,296.356,296.358,35.136,35.1106
10.46,296.294,296.358,34.944,35.1106
10.47,296.356,296.358,35.136,35.1106
10.48,296.243,296.358,35.328,35.1106
10.49,296.356,296.358,35.136,35.1106
10.5,296.294,296.358,34.944,35.1106
10.51,296.356,296.358,35.136,35.1106
10.52,296.243,296.358,35.328,35.1106
10.53,296.356,296.358,35.136,35.1106
10.54,296.294,296.358,34.944,35.1106
10.55,296.356,296.358,35.136,35.1106
10.56,296.243,296.358,35.328,35.1106
10.57,296.356,296.358,35.136,35.1106
10.58,296.294,296.358,34.944,35.1106
10.59,296.356,296.358,35.136,35.1106
10.6,296.243,296.358,35.328,35.1106
10.61,296.356,296.358,35.136,35.1106
10.62,296.294,296.358,34.944,35.1106
10.63,296.356,296.358,35.136,35.1106
10.64,296.243,296.358,35.328,35.1106
10.65,296.356,296.358,35.136,35.1106
10.66,296.294,296.358,34.944,35.1106
10.67,296.356,296.358,35.136,35.1106
10.68,296.243,296.358,35.328,35.1106
10.69,296.356,296.358,35.136,35.1106
10.7,296.294,296.358,34.944,35.1106
10.71,296.356,296.358,35.136,35.1106
10.72,296.243,296.358,35.328,35.1106
10.73,296.356,296.358,35.136,35.1106
10.74,296.294,296.358,34.944,35.1106
10.75,296.356,296.358,35.136,35.1106
10.76,296.243,296.358,35.328,35.1106
10.77,296.356,296.358,35.136,35.1106
10.78,296.294,296.358,34.944,35.1106
10.79,296.356,296.358,35.136,35.1106
10.8,296.243,296.358,35.328,35.1106
10.81,296.356,296.358,35.136,35.1106
10.82,296.294,296.358,34.944,35.1106
10.83,296.356,296.358,35.136,35.1106
10.84,296.243,296.358,35.328,35.1106
10.85,296.356,296.358,35.136,35.1106
10.86,296.294,296.358,34.944,35.1106
10.87,296.356,296.358,35.136,35.1106
10.88,296.243,296.358,35.328,35.1106
10.89,296.356,296.358,35.136,35.1106
10.9,296.294,296.358,34.944,35.1106
10.91,296.356,296.358,35.136,35.1106
10.92,296.243,296.358,35.328,35.1106
10.93,296.356,296.358,35.136,35.1106
10.94,296.294,296.358,34.944,35.1106
10.95,296.356,296.358,35.136,35.1106
10.96,296.243,296.358,35.328,35.1106
10.97,296.356,296.358,35.136,35.1106
10.98,296.294,296.358,34.944,35.1106
10.99,296.356,296.358,35.136,35.1106
11,296.243,296.358,35.328,35.1106
11.01,296.356,296.358,35.136,35.1106
11.02,296.294,296.358,34.944,35.1106
11.03,296.356,296.358,35.136,35.1106
11.04,296.243,296.358,35.328,35.1106
11.05,296.356,296.358,35.136,35.1106
11.06,296.294,296.358,34.944,35.1106
11.07,296.356,296.358,35.136,35.1106
11.08,296.243,296.358,35.328,35.1106
11.09,296.356,296.358,35.136,35.1106
11.1,296.294,296.358,34.944,35.1106
11.11,296.356,296.358,35.136,35.1106
11.12,296.243,296.358,35.328,35.1106
11.13,296.356,296.358,35.136,35.1106
11.14,296.294,296.358,34.944,35.1106
11.15,296.356,296.358,35.136,35.1106
11.16,296.243,296.358,35.328,35.1106
11.17,296.356,296.358,35.136,35.1106
11.18,296.294,296.358,34.944,35.1106
11.19,296.356,296.358,35.136,35.1106
11.2,296.243,296.358,35.328,35.1106
11.21,296.356,296.358,35.136,35.1106
11.22,296.294,296.358,34.944,35.1106
11.23,296.356,296.358,35.136,35.1106
11.24,296.243,296.358,35.328,35.1106
11.25,296.356,296.358,35.136,35.1106
11.26,296.294,296.358,34.944,35.1106
11.27,296.356,296.358,35.136,35.1106
11.28,296.243,296.358,35.328,35.1106
11.29,296.356,296.358,35.136,35.1106
11.3,296.294,296.358,34.944,35.1106
11.31,296.356,296.358,35.136,35.1106
11.32,296.243,296.358,35.328,35.1106
11.33,296.356,296.358,35.136,35.1106
11.34,296.294,296.358,34.944,35.1106
11.35,296.356,296.358,35.136,35.1106
11.36,296.243,296.358,35.328,35.1106
11.37,296.356,296.358,35.136,35.1106
11.38,296.294,296.358,34.944,35.1106
11.39,296.356,296.358,35.136,35.1106
11.4,296.243,296.358,35.328,35.1106
11.41,296.356,296.358,35.136,35.1106
11.42,296.294,296.358,34.944,35.1106
11.43,296.356,296.358,35.136,35.1106
11.44,296.243,296.358,35.328,35.1106
11.45,296.356,296.358,35.136,35.1106
11.46,296.294,296.358,34.944,35.1106
11.47,296.356,296.358,35.136,35.1106
11.48,296.243,296.358,35.328,35.1106
11.49,296.356,296.358,35.136,35.1106
11.5,296.294,296.358,34.944,35.1106
11.51,296.356,296.358,35.136,35.1106
11.52,296.243,296.358,35.328,35.1106
11.53,296.356,296.358,35.136,35.1106
11.54,296.294,296.358,34.944,35.1106
11.55,296.356,296.358,35.136,35.1106
11.56,296.243,296.358,35.328,35.1106
11.57,296.356,296.358,35.136,35.1106
11.58,296.294,296.358,34.944,35.1106
11.59,296.356,296.358,35.136,35.1106
11.6,296.243,296.358,35.328,35.1106
11.61,296.356,296.358,35.136,35.1106
11.62,296.294,296.358,34.944,35.1106
11.63,296.356,296.358,35.136,35.1106
11.64,296.243,296.358,35.328,35.1106
11.65,296.356,296.358,35.136,35.1106
11.66,296.294,296.358,34.944,35.1106
11.67,296.356,296.358,35.136,35.1106
11.68,296.243,296.358,35.328,35.1106
11.69,296.356,296.358,35.136,35.1106
11.7,296.294,296.358,34.944,35.1106
11.71,296.356,296.358,35.136,35.1106
11.72,296.243,296.358,35.328,35.1106
11.73,296.356,296.358,35.136,35.1106
11.74,296.294,296.358,34.944,35.1106
11.75,296.356,296.358,35.136,35.1106
11.76,296.243,296.358,35.328,35.1106
11.77,296.356,296.358,35.136,35.1106
11.78,296.294,296.358,34.944,35.1106
11.79,296.356,296.358,35.136,35.1106
11.8,296.243,296.358,35.328,35.1106
11.81,296.356,296.358,35.136,35.1106
11.82,296.294,296.358,34.944,35.1106
11.83,296.356,296.358,35.136,35.1106
11.84,296.243,296.358,35.328,35.1106
11.85,296.356,296.358,35.136,35.1106
11.86,296.294,296.358,34.944,35.1106
11.87,296.356,296.358,35.136,35.1106
11.88,296.243,296.358,35.328,35.1106
11.89,296.356,296.358,35.136,35.1106
11.9,296.294,296.358,34.944,35.1106
11.91,296.356,296.358,35.136,35.1106
11.92,296.243,296.358,35.328,35.1106
11.93,296.356,296.358,35.136,35.1106
11.94,296.294,296.358,34.944,35.1106
11.95,296.356,296.358,35.136,35.1106
11.96,296.243,296.358,35.328,35.1106
11.97,296.356,296.358,35.136,35.1106
11.98,296.294,296.358,34.944,35.1106
11.99,296.356,296.358,35.136,35.1106
