freq_hz,rac_rdc_fd,rac_rdc_exact
50.1187,1,1
83.3361,1,1
138.569,1,1
230.409,1,1
383.119,1.00001,1.00001
637.04,1.00003,1.00003
1059.25,1.00008,1.00008
1761.3,1.00021,1.00021
2928.64,1.00059,1.00059
4869.68,1.00162,1.00162
8097.17,1.00446,1.00446
13463.8,1.01225,1.01225
22387.2,1.03331,1.03331
37224.9,1.08799,1.08799
61896.6,1.21709,1.21708
102920,1.46751,1.4675
171133,1.83583,1.83581
284555,2.29162,2.29157
473151,2.86961,2.86951
786744,3.61939,3.61916
1.30818e+06,4.58803,4.58752
2.1752e+06,5.83879,5.8377
3.61687e+06,7.45332,7.45099
6.01404e+06,9.53725,9.53225
1e+07,12.2275,12.2167
