freq_hz,gain_db,phase_deg,theory_db
10,-0.00189977,-0.593952,-0.000438896
10.2335,-0.00192182,-0.607821,-0.000459633
10.4725,-0.00194491,-0.622014,-0.000481349
10.717,-0.00196909,-0.636538,-0.000504091
10.9673,-0.00199442,-0.651401,-0.000527908
11.2234,-0.00202094,-0.666611,-0.00055285
11.4855,-0.00204872,-0.682177,-0.00057897
11.7537,-0.0020778,-0.698105,-0.000606324
12.0282,-0.00210827,-0.714406,-0.00063497
12.3091,-0.00214017,-0.731087,-0.00066497
12.5965,-0.00217357,-0.748157,-0.000696387
12.8907,-0.00220856,-0.765626,-0.000729288
13.1917,-0.0022452,-0.783503,-0.000763743
13.4998,-0.00228357,-0.801797,-0.000799826
13.815,-0.00232375,-0.820518,-0.000837614
14.1376,-0.00236583,-0.839676,-0.000877187
14.4678,-0.0024099,-0.859281,-0.000918629
14.8056,-0.00245605,-0.879344,-0.000962029
15.1513,-0.00250438,-0.899875,-0.00100748
15.5052,-0.00255499,-0.920886,-0.00105508
15.8672,-0.002608,-0.942386,-0.00110492
16.2378,-0.0026635,-0.964389,-0.00115712
16.617,-0.00272163,-0.986905,-0.00121179
17.005,-0.00278251,-1.00995,-0.00126903
17.4021,-0.00284626,-1.03353,-0.00132899
17.8085,-0.00291302,-1.05766,-0.00139177
18.2243,-0.00298294,-1.08235,-0.00145752
18.6499,-0.00305615,-1.10762,-0.00152637
19.0854,-0.00313283,-1.13348,-0.00159848
19.5311,-0.00321313,-1.15994,-0.00167399
19.9872,-0.00329721,-1.18702,-0.00175307
20.4539,-0.00338528,-1.21473,-0.00183589
20.9316,-0.00347749,-1.24308,-0.00192261
21.4204,-0.00357407,-1.2721,-0.00201343
21.9206,-0.00367521,-1.3018,-0.00210854
22.4325,-0.00378112,-1.33219,-0.00220815
22.9563,-0.00389203,-1.36329,-0.00231245
23.4924,-0.00400818,-1.39511,-0.00242168
24.041,-0.00412982,-1.42768,-0.00253607
24.6024,-0.0042572,-1.461,-0.00265587
25.1769,-0.00439059,-1.4951,-0.00278131
25.7648,-0.00453028,-1.53,-0.00291268
26.3665,-0.00467657,-1.56571,-0.00305026
26.9822,-0.00482976,-1.60225,-0.00319433
27.6123,-0.00499019,-1.63965,-0.0033452
28.2571,-0.00515819,-1.67792,-0.0035032
28.917,-0.00533412,-1.71708,-0.00366865
29.5922,-0.00551836,-1.75715,-0.00384192
30.2833,-0.00571129,-1.79816,-0.00402336
30.9905,-0.00591333,-1.84012,-0.00421337
31.7142,-0.00612491,-1.88306,-0.00441235
32.4547,-0.00634647,-1.927,-0.00462072
33.2126,-0.00657849,-1.97196,-0.00483892
33.9882,-0.00682146,-2.01797,-0.00506742
34.7819,-0.00707589,-2.06506,-0.00530671
35.5941,-0.00734233,-2.11324,-0.00555729
36.4253,-0.00762134,-2.16254,-0.00581969
37.2759,-0.00791352,-2.21299,-0.00609448
38.1464,-0.00821947,-2.26461,-0.00638223
39.0372,-0.00853987,-2.31744,-0.00668355
39.9488,-0.00887537,-2.3715,-0.00699909
40.8817,-0.0092267,-2.42681,-0.00732951
41.8364,-0.0095946,-2.48341,-0.00767552
42.8133,-0.00997985,-2.54133,-0.00803785
43.8131,-0.0103833,-2.60059,-0.00841727
44.8362,-0.0108057,-2.66124,-0.00881457
45.8832,-0.0112481,-2.72329,-0.00923062
46.9547,-0.0117113,-2.78678,-0.00966627
48.0512,-0.0121963,-2.85176,-0.0101225
49.1733,-0.0127042,-2.91824,-0.0106002
50.3216,-0.013236,-2.98626,-0.0111004
51.4967,-0.0137929,-3.05587,-0.0116242
52.6993,-0.014376,-3.12709,-0.0121726
53.9299,-0.0149866,-3.19996,-0.0127469
55.1893,-0.015626,-3.27453,-0.0133483
56.4781,-0.0162955,-3.35082,-0.013978
57.7969,-0.0169964,-3.42888,-0.0146373
59.1466,-0.0177304,-3.50876,-0.0153277
60.5278,-0.0184989,-3.59048,-0.0160506
61.9412,-0.0193036,-3.6741,-0.0168075
63.3877,-0.0201462,-3.75965,-0.0176
64.8679,-0.0210284,-3.84719,-0.0184299
66.3827,-0.0219521,-3.93675,-0.0192987
67.9329,-0.0229192,-4.02838,-0.0202085
69.5193,-0.0239318,-4.12213,-0.021161
71.1427,-0.024992,-4.21805,-0.0221583
72.804,-0.0261019,-4.31618,-0.0232025
74.5041,-0.0272641,-4.41658,-0.0242957
76.244,-0.0284808,-4.51929,-0.0254403
78.0244,-0.0297546,-4.62437,-0.0266387
79.8465,-0.0310882,-4.73188,-0.0278933
81.711,-0.0324844,-4.84186,-0.0292068
83.6192,-0.0339461,-4.95437,-0.030582
85.5718,-0.0354763,-5.06947,-0.0320216
87.5701,-0.0370783,-5.18721,-0.0335288
89.6151,-0.0387553,-5.30766,-0.0351067
91.7077,-0.0405108,-5.43087,-0.0367584
93.8493,-0.0423485,-5.55691,-0.0384876
96.0409,-0.0442723,-5.68583,-0.0402977
98.2836,-0.046286,-5.81771,-0.0421925
100.579,-0.0483938,-5.9526,-0.0441759
102.927,-0.0506002,-6.09057,-0.0462522
105.331,-0.0529096,-6.23169,-0.0484254
107.791,-0.0553268,-6.37603,-0.0507002
110.308,-0.0578568,-6.52366,-0.0530811
112.884,-0.0605047,-6.67464,-0.0555732
115.52,-0.063276,-6.82905,-0.0581815
118.217,-0.0661764,-6.98696,-0.0609114
120.978,-0.0692117,-7.14845,-0.0637684
123.803,-0.0723882,-7.3136,-0.0667583
126.694,-0.0757123,-7.48247,-0.0698874
129.653,-0.0791907,-7.65515,-0.0731619
132.68,-0.0828305,-7.83172,-0.0765884
135.779,-0.086639,-8.01226,-0.080174
138.95,-0.0906238,-8.19685,-0.0839258
142.194,-0.0947931,-8.38557,-0.0878514
145.515,-0.099155,-8.57851,-0.0919586
148.913,-0.103718,-8.77575,-0.0962558
152.39,-0.108492,-8.97738,-0.100751
155.949,-0.113486,-9.18349,-0.105455
159.591,-0.11871,-9.39416,-0.110374
163.317,-0.124173,-9.60949,-0.115521
167.131,-0.129888,-9.82956,-0.120904
171.034,-0.135864,-10.0545,-0.126534
175.028,-0.142114,-10.2843,-0.132422
179.115,-0.14865,-10.5192,-0.138581
183.298,-0.155484,-10.7591,-0.14502
187.578,-0.162629,-11.0043,-0.151754
191.959,-0.170099,-11.2548,-0.158795
196.441,-0.177909,-11.5107,-0.166156
201.029,-0.186072,-11.7721,-0.173852
205.723,-0.194605,-12.039,-0.181896
210.527,-0.203523,-12.3117,-0.190305
215.443,-0.212843,-12.5901,-0.199094
220.475,-0.222582,-12.8744,-0.208279
225.623,-0.232758,-13.1647,-0.217877
230.892,-0.243389,-13.4611,-0.227906
236.284,-0.254494,-13.7636,-0.238384
241.801,-0.266094,-14.0724,-0.24933
247.448,-0.278209,-14.3875,-0.260764
253.226,-0.29086,-14.7091,-0.272706
259.14,-0.304069,-15.0372,-0.285177
265.191,-0.31786,-15.3719,-0.298199
271.384,-0.332255,-15.7133,-0.311795
277.721,-0.34728,-16.0615,-0.325987
284.207,-0.362959,-16.4166,-0.340801
290.843,-0.379318,-16.7786,-0.35626
297.635,-0.396385,-17.1477,-0.372392
304.586,-0.414186,-17.5239,-0.389221
311.698,-0.432751,-17.9073,-0.406776
318.977,-0.452108,-18.2979,-0.425084
326.426,-0.472287,-18.6958,-0.444176
334.048,-0.49332,-19.101,-0.46408
341.849,-0.515238,-19.5137,-0.484827
349.832,-0.538074,-19.9339,-0.506448
358.001,-0.561861,-20.3615,-0.528976
366.361,-0.586633,-20.7967,-0.552444
374.917,-0.612424,-21.2395,-0.576886
383.672,-0.639271,-21.6899,-0.602336
392.631,-0.66721,-22.1479,-0.62883
401.8,-0.696277,-22.6136,-0.656403
411.183,-0.726511,-23.0868,-0.685093
420.785,-0.75795,-23.5677,-0.714936
430.611,-0.790631,-24.0562,-0.745971
440.667,-0.824595,-24.5523,-0.778237
450.957,-0.859882,-25.056,-0.811772
461.488,-0.896531,-25.5671,-0.846616
472.265,-0.934583,-26.0858,-0.88281
483.293,-0.974078,-26.6118,-0.920392
494.579,-1.01506,-27.1451,-0.959405
506.128,-1.05756,-27.6857,-0.99989
517.947,-1.10164,-28.2334,-1.04189
530.043,-1.14732,-28.7881,-1.08544
542.42,-1.19465,-29.3497,-1.13058
555.087,-1.24367,-29.9181,-1.17736
568.049,-1.29442,-30.4932,-1.22581
581.314,-1.34693,-31.0747,-1.27599
594.889,-1.40126,-31.6625,-1.32791
608.781,-1.45744,-32.2565,-1.38164
622.997,-1.5155,-32.8563,-1.4372
637.546,-1.57548,-33.4619,-1.49463
652.434,-1.63742,-34.073,-1.55397
667.669,-1.70136,-34.6894,-1.61526
683.261,-1.76732,-35.3108,-1.67854
699.216,-1.83534,-35.937,-1.74382
715.544,-1.90546,-36.5676,-1.81116
732.254,-1.97769,-37.2026,-1.88058
749.353,-2.05207,-37.8415,-1.9521
766.852,-2.12862,-38.484,-2.02577
784.76,-2.20736,-39.1299,-2.10159
803.086,-2.28833,-39.7788,-2.17961
821.839,-2.37153,-40.4305,-2.25984
841.031,-2.45699,-41.0845,-2.3423
860.671,-2.54472,-41.7406,-2.42701
880.769,-2.63473,-42.3984,-2.51398
901.337,-2.72704,-43.0576,-2.60324
922.385,-2.82165,-43.7179,-2.69479
943.925,-2.91857,-44.3788,-2.78863
965.967,-3.0178,-45.04,-2.88479
988.525,-3.11935,-45.7012,-2.98326
1011.61,-3.22321,-46.3621,-3.08404
1035.23,-3.32938,-47.0222,-3.18713
1059.41,-3.43785,-47.6813,-3.29254
1084.15,-3.54862,-48.3389,-3.40025
1109.46,-3.66166,-48.9948,-3.51026
1135.37,-3.77698,-49.6486,-3.62255
1161.88,-3.89455,-50.2999,-3.73712
1189.02,-4.01436,-50.9485,-3.85394
1216.78,-4.13638,-51.594,-3.97301
1245.2,-4.2606,-52.2361,-4.0943
1274.27,-4.38698,-52.8745,-4.21779
1304.03,-4.51551,-53.5089,-4.34346
1334.48,-4.64615,-54.1391,-4.47128
1365.65,-4.77888,-54.7647,-4.60123
1397.54,-4.91367,-55.3855,-4.73327
1430.17,-5.05048,-56.0012,-4.86738
1463.57,-5.18928,-56.6117,-5.00352
1497.75,-5.33003,-57.2166,-5.14167
1532.72,-5.4727,-57.8158,-5.28178
1568.52,-5.61725,-58.409,-5.42382
1605.14,-5.76364,-58.996,-5.56775
1642.63,-5.91184,-59.5768,-5.71354
1680.99,-6.06181,-60.151,-5.86114
1720.24,-6.2135,-60.7186,-6.01053
1760.41,-6.36687,-61.2794,-6.16165
1801.52,-6.52189,-61.8333,-6.31447
1843.59,-6.67851,-62.3801,-6.46895
1886.64,-6.83669,-62.9198,-6.62504
1930.7,-6.99639,-63.4523,-6.78271
1975.78,-7.15757,-63.9774,-6.94191
2021.92,-7.32019,-64.4951,-7.10261
2069.14,-7.48421,-65.0054,-7.26476
2117.46,-7.64959,-65.5081,-7.42832
2166.9,-7.81629,-66.0033,-7.59325
2217.51,-7.98426,-66.4909,-7.75952
2269.29,-8.15347,-66.9708,-7.92707
2322.28,-8.32388,-67.4432,-8.09587
2376.51,-8.49545,-67.9079,-8.26589
2432.01,-8.66815,-68.365,-8.43708
2488.8,-8.84193,-68.8145,-8.60941
2546.92,-9.01677,-69.2563,-8.78284
2606.39,-9.19262,-69.6906,-8.95733
2667.26,-9.36945,-70.1174,-9.13285
2729.54,-9.54723,-70.5366,-9.30936
2793.29,-9.72592,-70.9484,-9.48683
2858.51,-9.90549,-71.3528,-9.66522
2925.27,-10.0859,-71.7498,-9.84451
2993.58,-10.2672,-72.1395,-10.0247
3063.48,-10.4492,-72.522,-10.2056
3135.02,-10.632,-72.8973,-10.3874
3208.23,-10.8155,-73.2655,-10.5699
3283.15,-10.9997,-73.6267,-10.7532
3359.82,-11.1846,-73.981,-10.9372
3438.28,-11.3702,-74.3284,-11.1219
3518.57,-11.5564,-74.669,-11.3072
3600.73,-11.7431,-75.0029,-11.4932
3684.82,-11.9305,-75.3302,-11.6798
3770.87,-12.1184,-75.651,-11.867
3858.92,-12.3069,-75.9653,-12.0547
3949.04,-12.4958,-76.2733,-12.243
4041.26,-12.6853,-76.5751,-12.4318
4135.63,-12.8752,-76.8707,-12.6211
4232.2,-13.0656,-77.1603,-12.8108
4331.03,-13.2564,-77.4439,-13.0011
4432.17,-13.4476,-77.7216,-13.1917
4535.67,-13.6393,-77.9936,-13.3828
4641.59,-13.8313,-78.2599,-13.5743
4749.98,-14.0237,-78.5206,-13.7662
4860.9,-14.2164,-78.7758,-13.9585
4974.41,-14.4095,-79.0256,-14.1511
5090.58,-14.6029,-79.2702,-14.3441
5209.45,-14.7966,-79.5095,-14.5374
5331.1,-14.9906,-79.7438,-14.731
5455.59,-15.1849,-79.973,-14.9249
5582.99,-15.3794,-80.1973,-15.1191
5713.37,-15.5742,-80.4168,-15.3135
5846.79,-15.7693,-80.6316,-15.5083
5983.32,-15.9646,-80.8417,-15.7032
6123.04,-16.1601,-81.0473,-15.8985
6266.03,-16.3559,-81.2484,-16.0939
6412.35,-16.5519,-81.4451,-16.2896
6562.1,-16.748,-81.6375,-16.4855
6715.33,-16.9444,-81.8257,-16.6816
6872.15,-17.1409,-82.0098,-16.8779
7032.63,-17.3376,-82.1899,-17.0744
7196.86,-17.5345,-82.366,-17.271
7364.92,-17.7315,-82.5382,-17.4679
7536.9,-17.9287,-82.7066,-17.6649
7712.91,-18.1261,-82.8713,-17.862
7893.02,-18.3236,-83.0323,-18.0593
8077.34,-18.5212,-83.1898,-18.2567
8265.96,-18.7189,-83.3438,-18.4543
8458.99,-18.9168,-83.4944,-18.652
8656.52,-19.1148,-83.6416,-18.8498
8858.67,-19.3129,-83.7856,-19.0478
9065.54,-19.5111,-83.9263,-19.2458
9277.23,-19.7094,-84.0639,-19.444
9493.88,-19.9078,-84.1984,-19.6423
9715.58,-20.1063,-84.3299,-19.8407
9942.46,-20.3049,-84.4585,-20.0391
10174.6,-20.5036,-84.5842,-20.2377
10412.2,-20.7023,-84.7071,-20.4363
10655.4,-20.9011,-84.8272,-20.6351
10904.2,-21.1001,-84.9446,-20.8339
11158.8,-21.299,-85.0594,-21.0328
11419.4,-21.4981,-85.1716,-21.2317
11686.1,-21.6972,-85.2813,-21.4307
11959,-21.8964,-85.3885,-21.6298
12238.2,-22.0956,-85.4933,-21.829
12524,-22.2949,-85.5957,-22.0282
12816.5,-22.4942,-85.6958,-22.2275
13115.8,-22.6936,-85.7937,-22.4268
13422.1,-22.8931,-85.8893,-22.6262
13735.5,-23.0926,-85.9828,-22.8256
14056.3,-23.2921,-86.0742,-23.0251
14384.5,-23.4917,-86.1635,-23.2246
14720.4,-23.6913,-86.2508,-23.4242
15064.2,-23.891,-86.3361,-23.6238
15415.9,-24.0907,-86.4195,-23.8234
15775.9,-24.2904,-86.501,-24.0231
16144.3,-24.4902,-86.5807,-24.2229
16521.3,-24.69,-86.6585,-24.4226
16907.1,-24.8898,-86.7346,-24.6224
17302,-25.0897,-86.8089,-24.8222
17706,-25.2896,-86.8816,-25.0221
18119.5,-25.4895,-86.9526,-25.222
18542.6,-25.6895,-87.0221,-25.4219
18975.6,-25.8894,-87.0899,-25.6218
19418.7,-26.0894,-87.1562,-25.8218
19872.2,-26.2895,-87.221,-26.0218
20336.2,-26.4895,-87.2843,-26.2218
20811.1,-26.6896,-87.3462,-26.4218
21297.1,-26.8896,-87.4067,-26.6219
21794.4,-27.0897,-87.4658,-26.822
22303.4,-27.2899,-87.5235,-27.022
22824.2,-27.49,-87.58,-27.2222
23357.2,-27.6901,-87.6351,-27.4223
23902.7,-27.8903,-87.689,-27.6224
24460.8,-28.0905,-87.7417,-27.8226
25032,-28.2907,-87.7932,-28.0228
25616.6,-28.4909,-87.8435,-28.223
26214.8,-28.6911,-87.8927,-28.4232
26827,-28.8914,-87.9407,-28.6234
27453.4,-29.0916,-87.9877,-28.8236
28094.5,-29.2919,-88.0335,-29.0239
28750.6,-29.4921,-88.0784,-29.2241
29422,-29.6924,-88.1222,-29.4244
30109,-29.8927,-88.165,-29.6247
30812.1,-30.093,-88.2069,-29.825
31531.7,-30.2933,-88.2478,-30.0253
32268,-30.4936,-88.2877,-30.2256
33021.5,-30.694,-88.3268,-30.4259
33792.6,-30.8943,-88.3649,-30.6262
34581.8,-31.0946,-88.4022,-30.8265
35389.3,-31.295,-88.4387,-31.0269
36215.7,-31.4953,-88.4743,-31.2272
37061.4,-31.6957,-88.5091,-31.4276
37926.9,-31.8961,-88.5431,-31.6279
38812.6,-32.0964,-88.5763,-31.8283
39718.9,-32.2968,-88.6088,-32.0287
40646.4,-32.4972,-88.6405,-32.229
41595.6,-32.6976,-88.6715,-32.4294
42567,-32.898,-88.7018,-32.6298
43561,-33.0984,-88.7314,-32.8302
44578.2,-33.2988,-88.7604,-33.0306
45619.2,-33.4992,-88.7887,-33.231
46684.5,-33.6996,-88.8163,-33.4314
47774.7,-33.9,-88.8433,-33.6318
48890.3,-34.1005,-88.8697,-33.8323
50032,-34.3009,-88.8955,-34.0327
51200.4,-34.5013,-88.9207,-34.2331
52396,-34.7018,-88.9453,-34.4335
53619.6,-34.9022,-88.9694,-34.634
54871.7,-35.1026,-88.9929,-34.8344
56153.1,-35.3031,-89.0158,-35.0348
57464.3,-35.5035,-89.0383,-35.2353
58806.3,-35.704,-89.0602,-35.4357
60179.5,-35.9044,-89.0817,-35.6362
61584.8,-36.1049,-89.1026,-35.8366
63023,-36.3053,-89.1231,-36.0371
64494.7,-36.5058,-89.1431,-36.2375
66000.8,-36.7062,-89.1627,-36.438
67542,-36.9067,-89.1818,-36.6384
69119.2,-37.1071,-89.2004,-36.8389
70733.3,-37.3076,-89.2187,-37.0393
72385.1,-37.5081,-89.2365,-37.2398
74075.4,-37.7085,-89.2539,-37.4403
75805.2,-37.909,-89.271,-37.6407
77575.5,-38.1095,-89.2876,-37.8412
79387,-38.3099,-89.3038,-38.0417
81240.8,-38.5104,-89.3197,-38.2421
83138,-38.7109,-89.3352,-38.4426
85079.4,-38.9114,-89.3504,-38.6431
87066.2,-39.1118,-89.3652,-38.8436
89099.4,-39.3123,-89.3797,-39.044
91180,-39.5128,-89.3939,-39.2445
93309.3,-39.7133,-89.4077,-39.445
95488.2,-39.9138,-89.4212,-39.6455
97718.1,-40.1142,-89.4344,-39.8459
100000,-40.3147,-89.4473,-40.0464
