freq_hz,gain_db,phase_deg
10,-39.9559,89.406
10.2335,-39.7554,89.3922
10.4725,-39.5549,89.378
10.717,-39.3544,89.3635
10.9673,-39.1539,89.3486
11.2234,-38.9535,89.3334
11.4855,-38.753,89.3178
11.7537,-38.5525,89.3019
12.0282,-38.3521,89.2856
12.3091,-38.1516,89.2689
12.5965,-37.9511,89.2518
12.8907,-37.7507,89.2344
13.1917,-37.5502,89.2165
13.4998,-37.3497,89.1982
13.815,-37.1493,89.1795
14.1376,-36.9488,89.1603
14.4678,-36.7483,89.1407
14.8056,-36.5479,89.1207
15.1513,-36.3474,89.1001
15.5052,-36.147,89.0791
15.8672,-35.9465,89.0576
16.2378,-35.7461,89.0356
16.617,-35.5457,89.0131
17.005,-35.3452,88.99
17.4021,-35.1448,88.9665
17.8085,-34.9443,88.9423
18.2243,-34.7439,88.9176
18.6499,-34.5435,88.8924
19.0854,-34.3431,88.8665
19.5311,-34.1426,88.8401
19.9872,-33.9422,88.813
20.4539,-33.7418,88.7853
20.9316,-33.5414,88.7569
21.4204,-33.341,88.7279
21.9206,-33.1406,88.6982
22.4325,-32.9402,88.6678
22.9563,-32.7398,88.6367
23.4924,-32.5394,88.6049
24.041,-32.339,88.5723
24.6024,-32.1387,88.539
25.1769,-31.9383,88.5049
25.7648,-31.7379,88.47
26.3665,-31.5376,88.4343
26.9822,-31.3372,88.3977
27.6123,-31.1369,88.3603
28.2571,-30.9366,88.3221
28.917,-30.7362,88.2829
29.5922,-30.5359,88.2428
30.2833,-30.3356,88.2018
30.9905,-30.1353,88.1599
31.7142,-29.935,88.1169
32.4547,-29.7347,88.073
33.2126,-29.5345,88.028
33.9882,-29.3342,87.982
34.7819,-29.134,87.9349
35.5941,-28.9337,87.8867
36.4253,-28.7335,87.8374
37.2759,-28.5333,87.787
38.1464,-28.3331,87.7354
39.0372,-28.1329,87.6825
39.9488,-27.9328,87.6285
40.8817,-27.7326,87.5732
41.8364,-27.5325,87.5166
42.8133,-27.3324,87.4587
43.8131,-27.1323,87.3994
44.8362,-26.9322,87.3387
45.8832,-26.7321,87.2767
46.9547,-26.5321,87.2132
48.0512,-26.3321,87.1482
49.1733,-26.1321,87.0817
50.3216,-25.9321,87.0137
51.4967,-25.7322,86.9441
52.6993,-25.5322,86.8729
53.9299,-25.3324,86.8
55.1893,-25.1325,86.7255
56.4781,-24.9327,86.6492
57.7969,-24.7329,86.5711
59.1466,-24.5331,86.4912
60.5278,-24.3334,86.4095
61.9412,-24.1337,86.3259
63.3877,-23.934,86.2403
64.8679,-23.7344,86.1528
66.3827,-23.5348,86.0632
67.9329,-23.3353,85.9716
69.5193,-23.1358,85.8778
71.1427,-22.9363,85.7819
72.804,-22.737,85.6838
74.5041,-22.5376,85.5834
76.244,-22.3383,85.4807
78.0244,-22.1391,85.3756
79.8465,-21.9399,85.2681
81.711,-21.7408,85.1581
83.6192,-21.5418,85.0456
85.5718,-21.3428,84.9305
87.5701,-21.1439,84.8128
89.6151,-20.9451,84.6923
91.7077,-20.7464,84.5691
93.8493,-20.5477,84.4431
96.0409,-20.3491,84.3141
98.2836,-20.1506,84.1823
100.579,-19.9522,84.0474
102.927,-19.7539,83.9094
105.331,-19.5557,83.7683
107.791,-19.3577,83.6239
110.308,-19.1597,83.4763
112.884,-18.9618,83.3253
115.52,-18.7641,83.1709
118.217,-18.5665,83.013
120.978,-18.369,82.8515
123.803,-18.1717,82.6864
126.694,-17.9745,82.5175
129.653,-17.7775,82.3448
132.68,-17.5807,82.1682
135.779,-17.384,81.9877
138.95,-17.1874,81.8031
142.194,-16.9911,81.6144
145.515,-16.795,81.4214
148.913,-16.599,81.2242
152.39,-16.4033,81.0226
155.949,-16.2078,80.8165
159.591,-16.0125,80.6058
163.317,-15.8175,80.3904
167.131,-15.6227,80.1704
171.034,-15.4282,79.9455
175.028,-15.2339,79.7156
179.115,-15.04,79.4808
183.298,-14.8463,79.2408
187.578,-14.6529,78.9956
191.959,-14.4599,78.7451
196.441,-14.2672,78.4892
201.029,-14.0749,78.2279
205.723,-13.8829,77.9609
210.527,-13.6913,77.6882
215.443,-13.5001,77.4098
220.475,-13.3094,77.1255
225.623,-13.119,76.8352
230.892,-12.9292,76.5388
236.284,-12.7398,76.2363
241.801,-12.5509,75.9275
247.448,-12.3625,75.6124
253.226,-12.1746,75.2908
259.14,-11.9874,74.9627
265.191,-11.8006,74.628
271.384,-11.6145,74.2866
277.721,-11.4291,73.9384
284.207,-11.2442,73.5833
290.843,-11.0601,73.2213
297.635,-10.8767,72.8522
304.586,-10.694,72.476
311.698,-10.512,72.0926
318.977,-10.3309,71.702
326.426,-10.1506,71.3041
334.048,-9.97109,70.8989
341.849,-9.79251,70.4862
349.832,-9.61484,70.066
358.001,-9.43813,69.6383
366.361,-9.2624,69.2031
374.917,-9.08769,68.7603
383.672,-8.91404,68.31
392.631,-8.74147,67.8519
401.8,-8.57004,67.3863
411.183,-8.39977,66.913
420.785,-8.23071,66.4321
430.611,-8.06289,65.9436
440.667,-7.89635,65.4475
450.957,-7.73114,64.9439
461.488,-7.56729,64.4327
472.265,-7.40484,63.9141
483.293,-7.24383,63.3881
494.579,-7.08431,62.8547
506.128,-6.92632,62.3142
517.947,-6.76989,61.7665
530.043,-6.61507,61.2117
542.42,-6.4619,60.6501
555.087,-6.31041,60.0817
568.049,-6.16066,59.5066
581.314,-6.01268,58.9251
594.889,-5.86651,58.3373
608.781,-5.72218,57.7433
622.997,-5.57974,57.1435
637.546,-5.43922,56.5379
652.434,-5.30066,55.9268
667.669,-5.1641,55.3104
683.261,-5.02956,54.689
699.216,-4.89708,54.0628
715.544,-4.76669,53.4321
732.254,-4.63842,52.7972
749.353,-4.5123,52.1583
766.852,-4.38835,51.5158
784.76,-4.26659,50.8699
803.086,-4.14706,50.221
821.839,-4.02976,49.5693
841.031,-3.91472,48.9153
860.671,-3.80194,48.2591
880.769,-3.69146,47.6013
901.337,-3.58326,46.9421
922.385,-3.47737,46.2819
943.925,-3.37379,45.621
965.967,-3.27253,44.9597
988.525,-3.17357,44.2985
1011.61,-3.07693,43.6376
1035.23,-2.9826,42.9775
1059.41,-2.89057,42.3184
1084.15,-2.80084,41.6608
1109.46,-2.71338,41.0049
1135.37,-2.6282,40.3511
1161.88,-2.54527,39.6998
1189.02,-2.46457,39.0512
1216.78,-2.38609,38.4057
1245.2,-2.30981,37.7636
1274.27,-2.23569,37.1252
1304.03,-2.16372,36.4907
1334.48,-2.09386,35.8606
1365.65,-2.02609,35.235
1397.54,-1.96038,34.6141
1430.17,-1.89668,33.9984
1463.57,-1.83498,33.3879
1497.75,-1.77523,32.783
1532.72,-1.7174,32.1839
1568.52,-1.66145,31.5906
1605.14,-1.60735,31.0036
1642.63,-1.55504,30.4228
1680.99,-1.50451,29.8486
1720.24,-1.45569,29.281
1760.41,-1.40857,28.7201
1801.52,-1.36308,28.1663
1843.59,-1.3192,27.6194
1886.64,-1.27688,27.0797
1930.7,-1.23608,26.5473
1975.78,-1.19676,26.0221
2021.92,-1.15889,25.5044
2069.14,-1.1224,24.9941
2117.46,-1.08728,24.4914
2166.9,-1.05347,23.9962
2217.51,-1.02094,23.5086
2269.29,-0.989653,23.0286
2322.28,-0.959563,22.5563
2376.51,-0.930634,22.0915
2432.01,-0.90283,21.6344
2488.8,-0.876112,21.185
2546.92,-0.850446,20.7431
2606.39,-0.825796,20.3088
2667.26,-0.802126,19.882
2729.54,-0.779403,19.4627
2793.29,-0.757594,19.0509
2858.51,-0.736666,18.6466
2925.27,-0.716588,18.2495
2993.58,-0.697328,17.8598
3063.48,-0.678858,17.4773
3135.02,-0.661147,17.102
3208.23,-0.644168,16.7337
3283.15,-0.627892,16.3725
3359.82,-0.612294,16.0183
3438.28,-0.597347,15.6709
3518.57,-0.583026,15.3302
3600.73,-0.569307,14.9963
3684.82,-0.556166,14.669
3770.87,-0.543581,14.3482
3858.92,-0.53153,14.0338
3949.04,-0.519991,13.7258
4041.26,-0.508944,13.424
4135.63,-0.49837,13.1284
4232.2,-0.488248,12.8388
4331.03,-0.478561,12.5552
4432.17,-0.46929,12.2774
4535.67,-0.46042,12.0054
4641.59,-0.451932,11.7391
4749.98,-0.443813,11.4784
4860.9,-0.436045,11.2232
4974.41,-0.428615,10.9733
5090.58,-0.421508,10.7287
5209.45,-0.414711,10.4894
5331.1,-0.40821,10.2551
5455.59,-0.401994,10.0258
5582.99,-0.39605,9.80148
5713.37,-0.390366,9.58196
5846.79,-0.384932,9.36717
5983.32,-0.379737,9.15703
6123.04,-0.374771,8.95144
6266.03,-0.370023,8.75031
6412.35,-0.365484,8.55357
6562.1,-0.361146,8.36111
6715.33,-0.357,8.17286
6872.15,-0.353037,7.98874
7032.63,-0.349249,7.80865
7196.86,-0.345629,7.63252
7364.92,-0.34217,7.46027
7536.9,-0.338864,7.29181
7712.91,-0.335705,7.12708
7893.02,-0.332686,6.96599
8077.34,-0.329802,6.80846
8265.96,-0.327046,6.65443
8458.99,-0.324412,6.50382
8656.52,-0.321896,6.35656
8858.67,-0.319492,6.21257
9065.54,-0.317196,6.07179
9277.23,-0.315002,5.93415
9493.88,-0.312905,5.79958
9715.58,-0.310903,5.66802
9942.46,-0.30899,5.5394
10174.6,-0.307162,5.41366
10412.2,-0.305416,5.29074
10655.4,-0.303749,5.17057
10904.2,-0.302156,5.0531
11158.8,-0.300634,4.93826
11419.4,-0.29918,4.82601
11686.1,-0.297792,4.71628
11959,-0.296465,4.60901
12238.2,-0.295199,4.50416
12524,-0.293989,4.40167
12816.5,-0.292833,4.30149
13115.8,-0.291729,4.20357
13422.1,-0.290675,4.10785
13735.5,-0.289668,4.01429
14056.3,-0.288706,3.92285
14384.5,-0.287788,3.83347
14720.4,-0.28691,3.7461
15064.2,-0.286073,3.66071
15415.9,-0.285272,3.57725
15775.9,-0.284508,3.49568
16144.3,-0.283778,3.41595
16521.3,-0.283081,3.33802
16907.1,-0.282415,3.26186
17302,-0.28178,3.18742
17706,-0.281172,3.11466
18119.5,-0.280592,3.04355
18542.6,-0.280039,2.97405
18975.6,-0.27951,2.90613
19418.7,-0.279005,2.83974
19872.2,-0.278522,2.77485
20336.2,-0.278062,2.71144
20811.1,-0.277622,2.64946
21297.1,-0.277202,2.58888
21794.4,-0.276801,2.52968
22303.4,-0.276417,2.47181
22824.2,-0.276052,2.41526
23357.2,-0.275702,2.35999
23902.7,-0.275369,2.30597
24460.8,-0.27505,2.25317
25032,-0.274746,2.20157
25616.6,-0.274455,2.15114
26214.8,-0.274178,2.10185
26827,-0.273913,2.05368
27453.4,-0.27366,2.00659
28094.5,-0.273418,1.96058
28750.6,-0.273187,1.9156
29422,-0.272967,1.87164
30109,-0.272757,1.82868
30812.1,-0.272556,1.78668
31531.7,-0.272364,1.74564
32268,-0.272181,1.70553
33021.5,-0.272006,1.66632
33792.6,-0.271839,1.628
34581.8,-0.271679,1.59054
35389.3,-0.271527,1.55393
36215.7,-0.271381,1.51814
37061.4,-0.271243,1.48317
37926.9,-0.27111,1.44898
38812.6,-0.270983,1.41556
39718.9,-0.270862,1.3829
40646.4,-0.270747,1.35097
41595.6,-0.270636,1.31976
42567,-0.270531,1.28925
43561,-0.270431,1.25943
44578.2,-0.270335,1.23028
45619.2,-0.270243,1.20178
46684.5,-0.270155,1.17393
47774.7,-0.270072,1.14669
48890.3,-0.269992,1.12007
50032,-0.269916,1.09405
51200.4,-0.269843,1.0686
52396,-0.269773,1.04373
53619.6,-0.269707,1.01941
54871.7,-0.269643,0.995635
56153.1,-0.269583,0.972389
57464.3,-0.269525,0.949661
58806.3,-0.26947,0.927439
60179.5,-0.269417,0.905711
61584.8,-0.269367,0.884465
63023,-0.269319,0.86369
64494.7,-0.269273,0.843375
66000.8,-0.269229,0.823509
67542,-0.269187,0.804082
69119.2,-0.269147,0.785082
70733.3,-0.269109,0.766501
72385.1,-0.269073,0.748329
74075.4,-0.269038,0.730554
75805.2,-0.269005,0.713169
77575.5,-0.268973,0.696164
79387,-0.268943,0.67953
81240.8,-0.268914,0.663257
83138,-0.268886,0.647338
85079.4,-0.26886,0.631764
87066.2,-0.268835,0.616526
89099.4,-0.268811,0.601617
91180,-0.268788,0.587028
93309.3,-0.268766,0.572752
95488.2,-0.268745,0.558781
97718.1,-0.268725,0.545107
100000,-0.268706,0.531724
