topology,gain,noise_gain,gain_js,gain_sim,bw_js_hz,bw_sim_hz
inverting,1,2,0.99998,0.99998,500000,498760
inverting,3,4,2.99988,2.99988,250000,249695
inverting,10,11,9.9989,9.9989,90909.1,90877.7
inverting,30,31,29.9907,29.9907,32258.1,32262.7
inverting,100,101,99.8991,99.8991,9900.99,9910.35
inverting,300,301,299.1,299.1,3322.26,3332.2
inverting,1000,1001,990.089,990.089,999.001,1008.98
noninverting,1.5,1.5,1.49998,1.49998,666667,664452
noninverting,3,3,2.99991,2.99991,333333,332784
noninverting,10,10,9.999,9.999,100000,99958.8
noninverting,30,30,29.991,29.991,33333.3,33337.7
noninverting,100,100,99.9001,99.9001,10000,10009.3
noninverting,300,300,299.103,299.103,3333.33,3343.23
noninverting,1000,1000,990.099,990.098,1000,1009.98
follower,1,1,0.99999,0.99999,1e+06,1e+06
difference,1,2,0.99998,0.99998,500000,498758
difference,10,11,9.9989,9.9989,90909.1,90877.7
summing2,1,3,0.99997,0.99997,333333,332231
summing2,10,21,9.9979,9.9979,47619,47606
