mu_0.001,mu_0.002,mu_0.005
0.283945,0.27978,0.268371
0.366068,0.359838,0.342914
0.466981,0.456936,0.429643
0.489003,0.474864,0.437133
0.480945,0.463307,0.417288
0.464234,0.443628,0.390408
0.476802,0.452066,0.388948
0.487612,0.457962,0.383636
0.527827,0.491139,0.40157
0.518802,0.47768,0.379313
0.500238,0.454386,0.347845
0.500855,0.45075,0.336066
0.484172,0.43003,0.309661
0.453894,0.399992,0.281676
0.463417,0.403836,0.275218
0.469662,0.407051,0.27256
0.473127,0.407087,0.266345
0.468887,0.398958,0.253636
0.460448,0.387673,0.238759
0.433035,0.361392,0.217281
0.413764,0.342797,0.202709
0.400129,0.325849,0.183528
0.384356,0.311303,0.172946
0.363643,0.292297,0.158907
0.366244,0.292686,0.156459
0.398887,0.315813,0.163805
0.383927,0.301698,0.153333
0.380124,0.297017,0.147564
0.390106,0.301421,0.144481
0.384361,0.295239,0.139135
0.35893,0.272162,0.124328
0.366991,0.275736,0.123071
0.369044,0.274778,0.119597
0.375643,0.276086,0.116066
0.404421,0.291472,0.11527
0.399868,0.287256,0.112821
0.394814,0.280374,0.107073
0.398069,0.279638,0.103896
0.400972,0.280662,0.10307
0.38778,0.27004,0.0987915
0.406399,0.27974,0.0983705
0.384344,0.262927,0.0909599
0.370162,0.250844,0.0845089
0.34689,0.231911,0.0756425
0.326343,0.217721,0.0700923
0.290241,0.19068,0.0593981
0.297597,0.195651,0.0602603
0.298111,0.194208,0.0582416
0.292467,0.18882,0.055376
0.2759,0.175553,0.0494536
0.289393,0.18284,0.050294
0.285795,0.176772,0.0463053
0.299339,0.183346,0.0468333
0.321684,0.1957,0.04918
0.354273,0.213675,0.0525494
0.349042,0.208496,0.0500024
0.374561,0.223153,0.0528299
0.359909,0.212692,0.0490974
0.351045,0.204283,0.04527
0.327012,0.187691,0.0402455
0.345633,0.194321,0.0394565
0.315488,0.174384,0.0342102
0.298311,0.163413,0.0315071
0.289898,0.156959,0.0295566
0.297379,0.158593,0.0283246
0.269286,0.143064,0.0256144
0.272817,0.143956,0.0249395
0.271096,0.140891,0.023535
0.262424,0.136243,0.022673
0.25129,0.129951,0.0219676
0.256317,0.131646,0.0219753
0.255286,0.128726,0.0207212
0.259137,0.130681,0.0212449
0.266752,0.133726,0.0213473
0.251715,0.125331,0.0195852
0.241797,0.119331,0.0182933
0.238457,0.11707,0.017898
0.241607,0.117078,0.017258
0.246885,0.11771,0.0167329
0.251008,0.119103,0.0167563
0.24948,0.117027,0.0158664
0.243192,0.11387,0.015124
0.229917,0.106871,0.0136691
0.213127,0.0983024,0.0122471
0.214288,0.0970668,0.0113087
0.21086,0.0947987,0.0109598
0.209137,0.0928242,0.010565
0.214715,0.0933886,0.0103713
0.22403,0.0956459,0.0101228
0.227727,0.095986,0.00973806
0.22132,0.0917298,0.00899808
0.220497,0.0903058,0.00860129
0.218655,0.0897679,0.00885677
0.218512,0.0900865,0.00925193
0.214325,0.0875185,0.00916194
0.213049,0.0871931,0.00924453
0.21047,0.0863699,0.00939204
0.208746,0.0845385,0.00870575
0.196536,0.0773193,0.00759327
0.1925,0.0754542,0.00722144
0.20347,0.0792483,0.00754815
0.206605,0.0792412,0.00750424
0.212408,0.0813203,0.00756482
0.204023,0.0776534,0.00741639
0.201575,0.0763349,0.0076626
0.202011,0.0757581,0.00753936
0.192162,0.0710539,0.00700508
0.180871,0.0654783,0.00663933
0.175921,0.0630408,0.00626716
0.17156,0.0604087,0.00567719
0.155916,0.0535941,0.00506681
0.161085,0.0552904,0.00484953
0.162697,0.0555985,0.00465452
0.168367,0.0569319,0.00462291
0.174054,0.0590428,0.00500211
0.180232,0.0605599,0.00485737
0.174174,0.0580299,0.0048855
0.174275,0.0576369,0.00502
0.172482,0.0565083,0.00485075
0.170961,0.0550285,0.00429186
0.163851,0.0522676,0.0041738
0.16551,0.0524682,0.00422096
0.15752,0.0494725,0.00401806
0.153931,0.0485721,0.00406976
0.14508,0.0455226,0.0039772
0.145388,0.0450066,0.00379923
0.141701,0.043557,0.00346105
0.150304,0.0452721,0.00357929
0.152985,0.0449713,0.00350689
0.155892,0.0453993,0.00349511
0.154458,0.0450883,0.00364999
0.15152,0.0436618,0.00354586
0.137579,0.0393631,0.00325145
0.13336,0.0384654,0.00318244
0.137467,0.0394897,0.00332024
0.134665,0.0383559,0.00304244
0.137905,0.0389732,0.00315307
0.15317,0.0431547,0.00318307
0.147345,0.0413556,0.00329803
0.13569,0.0375861,0.00312548
0.142103,0.0387315,0.00327939
0.139995,0.0373949,0.00320531
0.128021,0.0334761,0.00322089
0.129721,0.0333064,0.0032218
0.133749,0.0334332,0.00339017
0.1245,0.0305191,0.0033568
0.132281,0.0321311,0.00322853
0.130159,0.0319251,0.00308792
0.132219,0.0321583,0.0028234
0.134852,0.0331014,0.00265475
0.140497,0.0344625,0.0027922
0.129172,0.0315172,0.00292301
0.135715,0.0325547,0.00300153
0.131816,0.0312582,0.00319857
0.120238,0.0281615,0.00320737
0.114516,0.0266729,0.00310426
0.112599,0.0259638,0.00310192
0.105116,0.0238731,0.00314113
0.102356,0.0228975,0.00306961
0.101802,0.0226142,0.00310637
0.10271,0.0227251,0.0030288
0.101318,0.0221271,0.00283292
0.101546,0.0218898,0.00280886
0.101975,0.0220263,0.00262734
0.107007,0.0226671,0.00271198
0.0993245,0.0208048,0.00292846
0.100432,0.0209972,0.00322172
0.103481,0.0219571,0.003086
0.0986301,0.0206073,0.00313499
0.093374,0.0197237,0.00297348
0.0999784,0.0207295,0.00278385
0.0994958,0.0202426,0.00251218
0.0924524,0.0182751,0.0025965
0.0938308,0.0186061,0.00277695
0.0961586,0.0187797,0.00297068
0.0932962,0.0181572,0.00304457
0.0871,0.0169983,0.00302847
0.0862269,0.0165944,0.00306375
0.0894965,0.0171278,0.0028493
0.0898667,0.0170831,0.00264682
0.0857578,0.0158935,0.00255163
0.0886667,0.0164891,0.00289829
0.0878792,0.0165334,0.0028732
0.0839362,0.0156568,0.00291132
0.079856,0.01495,0.00291856
0.0816764,0.0151979,0.00307082
0.0814021,0.0146898,0.00281641
0.0813515,0.0143034,0.00277727
0.0845583,0.0145774,0.00282611
0.085779,0.0145121,0.00292178
0.0836199,0.0141049,0.00286696
0.0791908,0.0134012,0.00295152
0.0786601,0.0133038,0.00292231
0.0751319,0.0127581,0.00285624
0.0765142,0.0128353,0.0027211
0.0794059,0.0132308,0.00262736
0.0820371,0.0136195,0.00250457
0.0792111,0.0129176,0.00250926
0.0794194,0.0129136,0.00260741
0.0762731,0.0122389,0.00254588
0.0704189,0.0112735,0.00246604
0.0694263,0.0109549,0.00248921
0.0704934,0.0112769,0.00270829
0.0651283,0.0102185,0.00250208
0.0627686,0.00987831,0.00253133
0.0651971,0.0101389,0.00272346
0.0670809,0.0103837,0.00269815
0.0653189,0.0098432,0.00253983
0.0680946,0.0100411,0.00260064
0.0710603,0.0103237,0.00275003
0.0719271,0.0102244,0.00255982
0.0701791,0.00979707,0.00254251
0.0694446,0.00976284,0.00267053
0.0690364,0.00988386,0.00291084
0.0683687,0.00969727,0.00280245
0.0636358,0.00915942,0.00286137
0.0609702,0.00883405,0.00288933
0.0601347,0.00837357,0.00262447
0.0601695,0.00820332,0.00239162
0.0585444,0.00800471,0.00241071
0.0585005,0.0076655,0.00221244
0.0594208,0.00766896,0.00210665
0.0594975,0.00778451,0.00210723
0.0572235,0.00749792,0.00221239
0.0558013,0.00714165,0.00202446
0.0552625,0.0071862,0.00198937
0.0557538,0.00716654,0.00195733
0.0571891,0.00735092,0.00210136
0.0584925,0.00729905,0.00210647
0.0573241,0.00719131,0.00218473
0.0565371,0.00699334,0.00244612
0.0545632,0.00667202,0.00247494
0.0535887,0.00646578,0.00243181
0.0550893,0.00662339,0.0024619
0.0546753,0.00635682,0.00245381
0.0573679,0.00652479,0.00232371
0.0579211,0.00651684,0.00216216
0.0574102,0.00632049,0.00210161
0.053021,0.00604863,0.0022851
0.0517849,0.00593885,0.00235705
0.0475002,0.00558931,0.00252741
0.0481076,0.00562712,0.00270892
0.0473939,0.00552453,0.00303652
0.0497551,0.00543187,0.00278676
0.0517568,0.0056419,0.00269066
0.0516055,0.00549503,0.002538
0.0488505,0.0053787,0.00291984
0.0475714,0.00534119,0.00269972
0.0458945,0.0051662,0.0025453
0.0442951,0.00494447,0.00258034
0.0437111,0.00483065,0.00247312
0.0424783,0.00453753,0.00202237
0.0430697,0.00457628,0.00211943
0.0420771,0.00455396,0.00223163
0.0418931,0.00449153,0.00230672
0.0428963,0.00461004,0.0024741
0.043407,0.00470812,0.00286992
0.0439108,0.00452496,0.00270727
0.0442342,0.00458689,0.00292046
0.041831,0.00447906,0.00305425
0.041643,0.00446388,0.00297933
0.0432459,0.00451625,0.00263697
0.0403234,0.00434198,0.00259641
0.0384497,0.00404565,0.00225627
0.0396102,0.00404496,0.00217887
0.0403542,0.00412981,0.0024362
0.0390639,0.00397104,0.00270103
0.0395101,0.00416047,0.00310156
0.0400783,0.00412284,0.00321341
0.0398821,0.00409499,0.00320371
0.0385143,0.00393287,0.00308508
0.0374998,0.00382614,0.00296927
0.0373136,0.00364112,0.00282599
0.0366177,0.00364125,0.0027894
0.0348061,0.00341308,0.00269342
0.0344527,0.00336217,0.00265645
0.0317579,0.00315813,0.00266335
0.0308248,0.00301621,0.00242072
0.0309287,0.00300691,0.00235913
0.0317663,0.00306764,0.0023626
0.0309563,0.00301726,0.00242362
0.0315712,0.00303789,0.0023479
0.0312386,0.00301191,0.00242967
0.0313188,0.00303351,0.00263267
0.0306522,0.00290766,0.00255929
0.0305229,0.00291379,0.00246162
0.0327215,0.00294946,0.00233637
0.0337359,0.00305426,0.00250306
0.0338893,0.00304017,0.00237276
0.0329315,0.00317614,0.00279059
0.0328545,0.00313234,0.00296816
0.0302933,0.00306522,0.0029598
0.0298922,0.00298162,0.00273249
0.0293639,0.00289642,0.00288522
0.0302543,0.00286738,0.00259585
0.0306419,0.00282222,0.00254902
0.0322872,0.00289754,0.00269405
0.0319696,0.00289539,0.00286768
0.0320339,0.00292522,0.0028129
0.0316708,0.00277744,0.00265081
0.0308781,0.00271326,0.00253836
0.0292712,0.00255139,0.0025294
0.0275123,0.00245145,0.00244528
0.0272306,0.00235745,0.00238913
0.0271999,0.00232922,0.00239886
0.0265357,0.00224516,0.00230264
0.0284666,0.00235897,0.00239252
0.0286919,0.00236054,0.00235834
0.0262476,0.002219,0.00237627
0.0255366,0.00216484,0.00241149
0.0246584,0.00225458,0.00267621
0.0220491,0.00215515,0.00273872
0.0232013,0.0022013,0.00288343
0.0249122,0.00239893,0.0030824
0.0251431,0.00249241,0.00331174
0.0258022,0.00236539,0.00299499
0.0248081,0.00226432,0.002814
0.0236837,0.00210407,0.00256697
0.0220961,0.001854,0.00224441
0.0215565,0.0017138,0.00197794
0.0214489,0.00174042,0.002076
0.0216265,0.00176379,0.0022003
0.0210149,0.00174423,0.00216899
0.0215907,0.00177617,0.00227388
0.0206371,0.00183775,0.00254057
0.0212485,0.00198822,0.00273393
0.0216022,0.00199083,0.00269818
0.0215715,0.001994,0.00278006
0.0209043,0.00207492,0.00284207
0.0217529,0.00205005,0.00275565
0.0207367,0.00188849,0.00273367
0.0204083,0.00190241,0.00269134
0.0205493,0.00199677,0.00273062
0.0201679,0.00188765,0.00258855
0.0205357,0.00183633,0.00237385
0.0203044,0.00186928,0.00229993
0.0202669,0.00181009,0.00239743
0.0204527,0.00173909,0.00247482
0.0213969,0.00186108,0.00289338
0.0210065,0.00195104,0.00327766
0.0203036,0.00201883,0.00367848
0.0192308,0.00205922,0.00374365
0.0184897,0.00206841,0.0037903
0.0179916,0.00213618,0.00389675
0.0178571,0.00217308,0.00386077
0.0176996,0.00197232,0.00344013
0.0182684,0.00191903,0.00327425
0.0180688,0.00189944,0.00321287
0.0175706,0.00180957,0.00308628
0.01602,0.00165572,0.00282046
0.016437,0.00168435,0.00280582
0.0168494,0.00167844,0.00278862
0.0169763,0.00162598,0.00270468
0.0169621,0.0015255,0.00236994
0.0175522,0.00153307,0.00240914
0.0173653,0.00154159,0.0024171
0.0165875,0.00148699,0.0023645
0.0164086,0.00148274,0.00242236
0.016606,0.00147102,0.00237015
0.0157855,0.00141068,0.00235659
0.0158268,0.00135056,0.00217925
0.0158669,0.00142505,0.00236417
0.0161298,0.00140745,0.00217616
0.0153506,0.00144666,0.00237451
0.0161854,0.0015019,0.00236452
0.0166414,0.0015721,0.00256014
0.0167614,0.00159938,0.00251839
0.0165545,0.00162389,0.00265544
0.0170912,0.00157275,0.00248895
0.0171001,0.00153911,0.00243762
0.0163336,0.00145781,0.00234674
0.0158366,0.00134559,0.00229
0.015263,0.00131872,0.00221306
0.0148923,0.0013859,0.0023027
0.014794,0.00144268,0.0024195
0.0146382,0.00149302,0.00249342
0.0145058,0.00143587,0.00222661
0.0148762,0.00137075,0.00227468
0.0143809,0.00134493,0.00236418
0.0137853,0.00138943,0.00260129
0.0133909,0.00134243,0.00262614
0.0130467,0.00134195,0.00282347
0.0120491,0.00133511,0.00281636
0.011823,0.001211,0.00253602
0.0117264,0.00112199,0.00240899
0.0117646,0.00114183,0.00233745
0.0117149,0.00117571,0.0024519
0.0117926,0.00120997,0.00250805
0.0122312,0.00115813,0.00249819
0.0114554,0.00101628,0.00219992
0.0109134,0.00092496,0.00203307
0.011727,0.000953652,0.00203874
0.0120622,0.000920254,0.00192485
0.0117763,0.00106874,0.00223116
0.0119722,0.00114511,0.0023164
0.0120961,0.00121714,0.00253343
0.0109459,0.00120918,0.00244649
0.0105824,0.00129795,0.00255507
0.0104243,0.00125508,0.00249186
0.0109414,0.00135059,0.0026733
0.010445,0.00127793,0.00259145
0.0109508,0.00126662,0.00264312
0.0104441,0.00116334,0.00254536
0.0103203,0.00106674,0.00225402
0.00984083,0.000927483,0.00207557
0.0103041,0.000917223,0.00194542
0.0100468,0.000851874,0.0017407
0.00971358,0.000824555,0.00179755
0.00988169,0.00086036,0.00192164
0.0103204,0.000895669,0.00200466
0.00974989,0.000949716,0.00221181
0.00934377,0.000952439,0.00231889
0.009935,0.000997698,0.00227554
0.00983304,0.00102665,0.00226811
0.00902855,0.000982357,0.00208472
0.0092766,0.000916213,0.00190553
0.00941066,0.000953922,0.00193392
0.00941844,0.000907131,0.00180895
0.00917322,0.000916408,0.00192019
0.00929358,0.000961504,0.0021035
0.00939771,0.00100499,0.00220424
0.00913686,0.000978278,0.00224258
0.00870109,0.00102397,0.00235393
0.00851439,0.000980923,0.002315
0.00838607,0.00097321,0.00231072
0.00794404,0.000981007,0.00239122
0.00814812,0.00109574,0.00262199
0.00846351,0.00120353,0.00295941
0.00824858,0.00131001,0.00330208
0.00862546,0.00145803,0.00371085
0.00878352,0.00154031,0.00383141
0.00887728,0.00144041,0.00352762
0.00867599,0.00137858,0.00333956
0.00850998,0.00125946,0.00290104
0.00828491,0.00112105,0.00248687
0.00782332,0.0010406,0.0023055
0.00759074,0.00100539,0.00232961
0.0074433,0.000886713,0.00206989
0.00752334,0.000907354,0.00212524
0.00723688,0.000924814,0.00215376
0.00796866,0.000953236,0.00226091
0.00766716,0.000977032,0.00230604
0.00792832,0.00107203,0.00251746
0.00791623,0.00108298,0.00254775
0.00812415,0.00118785,0.00276287
0.0074837,0.00121765,0.00281935
0.00736144,0.00120858,0.00277599
0.00722849,0.00127342,0.00298074
0.00709507,0.00128881,0.00304716
0.0064325,0.0011267,0.00285303
0.00646586,0.00101994,0.00261018
0.00644783,0.00103575,0.00269034
0.00593953,0.000891741,0.00231419
0.00598608,0.000844328,0.00220914
0.00594645,0.000849977,0.00208462
0.00552656,0.000811859,0.00198201
0.00547418,0.000737909,0.00170776
0.00569482,0.000802499,0.00182897
0.00552004,0.000770533,0.00173735
0.0056953,0.000751254,0.00174521
0.00586357,0.000754461,0.00187153
0.00595664,0.000789842,0.00197443
0.00581332,0.000717538,0.00182784
0.0058835,0.000735058,0.00189149
0.00563587,0.000716197,0.00188457
0.0059416,0.000767285,0.00193752
0.00609941,0.000795922,0.00202566
0.00581698,0.000823158,0.00218119
0.00573975,0.000813003,0.00235105
0.00578449,0.00084577,0.00234629
0.00550031,0.000843714,0.00222845
0.00508294,0.000900639,0.0023742
0.00526124,0.000890116,0.00222137
0.00521588,0.00098988,0.00228617
0.0052471,0.000994133,0.0023507
0.00505309,0.00107311,0.00266927
0.00496931,0.00103973,0.00272664
0.004785,0.00105952,0.00298575
0.00503245,0.0010681,0.00313798
0.00520395,0.00108903,0.0031504
0.00514411,0.000985969,0.00280498
0.00521147,0.0009692,0.0025646
0.00521413,0.000984258,0.00244088
0.00470355,0.000990331,0.00231005
0.00467494,0.000996835,0.00237435
0.00476494,0.000995442,0.00242163
0.00467119,0.00104828,0.00252417
0.00480985,0.00107634,0.00254365
0.00506564,0.000993497,0.00222087
0.00479397,0.000991153,0.00211303
0.00474169,0.0010942,0.00231289
0.00473097,0.00098965,0.00219219
0.00439453,0.000944938,0.00220903
0.00413671,0.000940836,0.00237127
0.00406669,0.000946372,0.00250232
0.00418139,0.000879907,0.00244784
0.00405581,0.000955772,0.00258928
0.0042162,0.000985401,0.00266049
0.00439348,0.000989943,0.00263572
0.00444075,0.000965571,0.00266892
0.00438775,0.000922393,0.00257957
0.00437028,0.000845725,0.00243197
0.00424978,0.000880954,0.00243046
0.00412324,0.000902393,0.00248359
0.00412565,0.000881969,0.00230507
0.00412679,0.000913193,0.00227362
0.00402677,0.00096303,0.002334
0.00413383,0.000959969,0.00224369
0.00407607,0.000990474,0.00230742
0.00415063,0.001132,0.00268742
0.00409657,0.00117981,0.00288089
0.00418077,0.00114365,0.00291565
0.00405081,0.00110208,0.00295789
0.00391981,0.00106447,0.00294894
0.0038359,0.000997786,0.00270996
0.00381267,0.000993693,0.00266912
0.00381897,0.000999825,0.00262251
0.0037462,0.0010131,0.00279786
0.00400532,0.00104671,0.00283919
0.00382961,0.000986888,0.00279497
0.00367888,0.000908611,0.00257955
0.00344962,0.000927608,0.00261558
0.00335654,0.000888143,0.0023411
0.00311136,0.000866658,0.00224817
0.00320706,0.000937682,0.0022914
0.00313137,0.000970449,0.00235102
0.00336151,0.000952257,0.00231883
0.00349313,0.000968456,0.0023894
0.00343574,0.00097371,0.00231851
0.00343112,0.00101243,0.00238292
0.00336175,0.00110824,0.00250318
0.00322106,0.00112298,0.00253515
0.00312503,0.00112764,0.00248919
0.00308065,0.0010834,0.00247745
0.00289492,0.000993485,0.00240716
0.00294735,0.000931984,0.00237272
0.00292524,0.000970032,0.00253568
0.00282941,0.00102463,0.00274921
0.00281715,0.00104011,0.00283105
0.00279862,0.00105875,0.0029003
0.00273166,0.0010136,0.00284758
0.00269011,0.000956633,0.00258712
0.002718,0.000856649,0.00243955
0.00275963,0.000904248,0.00245856
0.00273171,0.000903926,0.00238646
0.00284875,0.000916747,0.00238223
0.00290918,0.000911842,0.00235479
0.00286442,0.000908163,0.00221377
0.00292504,0.000836762,0.00210248
0.00295752,0.00076203,0.00188986
0.00272224,0.000752735,0.00181816
0.00259251,0.000791265,0.00201013
0.00277137,0.000865224,0.00219968
0.0026452,0.000950243,0.00234619
0.00262558,0.000977059,0.00247888
0.00269457,0.00108415,0.00297151
0.00274881,0.00108918,0.00296248
0.00251756,0.00107489,0.00293601
0.00260171,0.00106331,0.00295979
0.00269421,0.00107592,0.00298566
0.00263078,0.000971377,0.00260182
0.00251904,0.000996208,0.00261732
0.00250802,0.000981979,0.00256131
0.0023921,0.000926044,0.00246849
0.00227485,0.000997484,0.00253373
0.00234098,0.00104675,0.00264242
0.00237975,0.000992346,0.00256145
0.0025395,0.00100956,0.00261084
0.00258603,0.00115068,0.00295796
0.00253536,0.00116201,0.00304401
0.00253334,0.00125513,0.00324674
0.00252604,0.00133306,0.00329065
0.00243659,0.00138168,0.00336827
0.00227505,0.00128383,0.00312739
0.00228206,0.00124748,0.00297539
0.00219389,0.00112708,0.00272378
0.00215017,0.00105786,0.00262099
0.00211524,0.00104626,0.00258529
0.00220261,0.00106816,0.00256163
0.00222892,0.00115645,0.00278144
0.00228156,0.00118008,0.00271193
0.00233424,0.00114296,0.00272844
0.00233339,0.00110442,0.00272443
0.00232748,0.00112138,0.00278184
0.00227333,0.00103955,0.0026557
0.0021972,0.00101953,0.00272311
0.00220505,0.00109456,0.00283514
0.00224519,0.00109698,0.0028399
0.00221557,0.00104065,0.00286403
0.00222834,0.00104127,0.00300761
0.00218391,0.0010262,0.00289635
0.00213655,0.00103159,0.0029769
0.00204843,0.00106512,0.0028866
0.00206087,0.00105703,0.00271822
0.00211563,0.00107295,0.00254533
0.00212049,0.00108287,0.00256136
0.00203542,0.00107856,0.00266397
0.00202177,0.00109076,0.00295306
0.00190603,0.00109604,0.0030187
0.0017628,0.001002,0.00301449
0.00182771,0.00100842,0.00309019
0.00184505,0.000973602,0.00294113
0.0018303,0.000979505,0.0028991
0.00184447,0.000966963,0.00294685
0.00184195,0.00105257,0.00298334
0.00181466,0.0010565,0.002943
0.00184954,0.00104395,0.00280266
0.00186562,0.0010201,0.00260987
0.00190316,0.00101257,0.00250493
0.00188038,0.000972404,0.00245043
0.00181448,0.000946377,0.0025724
0.0017578,0.000940878,0.00268051
0.00170198,0.00092334,0.00271973
0.0016935,0.000925878,0.00272734
0.00174662,0.000944794,0.00272552
0.00181963,0.000985493,0.00263983
0.00187451,0.0010717,0.00273938
0.00189976,0.00106718,0.00275723
0.00187579,0.00114401,0.00299682
0.00180977,0.00110263,0.00298208
0.00177848,0.00108382,0.0030516
0.0018016,0.00111438,0.00308375
0.00181779,0.00114175,0.00299519
0.00181666,0.0011735,0.00298401
0.00177632,0.00116541,0.0028383
0.00173446,0.00118967,0.00278521
0.00165512,0.00116795,0.00283813
0.0016129,0.00120507,0.00309517
0.00163913,0.00113472,0.00304998
0.00170341,0.00122804,0.00334245
0.00178477,0.00128576,0.00343457
0.00184649,0.00130372,0.00322793
0.0018573,0.00123691,0.00300818
0.00177525,0.00119743,0.00279655
0.00172922,0.00117039,0.00274408
0.00163535,0.00116506,0.00279006
0.00153373,0.00116741,0.00297896
0.00156848,0.00131155,0.00336124
0.00155883,0.00133319,0.00336841
0.00153239,0.00125095,0.00320883
0.00147255,0.00116274,0.00315028
0.00157549,0.0011412,0.00305829
0.0014791,0.00103274,0.00267342
0.00142109,0.00101051,0.00265835
0.00142768,0.00107683,0.00276523
0.00143662,0.00113472,0.00287469
0.00130481,0.00105305,0.00283391
0.00129517,0.000996381,0.00272024
0.00134416,0.00101188,0.00272622
0.001264,0.000983735,0.00258644
0.00134535,0.0011018,0.00270363
0.0014084,0.00114247,0.00274306
0.00140057,0.00111134,0.00269072
0.0014302,0.00108758,0.00262052
0.00147053,0.00110328,0.00281439
0.001437,0.000967871,0.00249232
0.00139962,0.000922776,0.00233285
0.00132966,0.000936269,0.0024127
0.00127201,0.00093346,0.00252854
0.00131001,0.00096818,0.00261996
0.00129775,0.000959209,0.00265058
0.00128812,0.000977111,0.00263325
0.0013662,0.0010572,0.00287539
0.00137558,0.00113569,0.00317416
0.00132305,0.00108018,0.00290812
0.00131823,0.00109538,0.00300865
0.00127861,0.0011258,0.00325607
0.00128235,0.00105574,0.00302051
0.00122936,0.000965828,0.00266366
0.00122889,0.000939901,0.00263411
0.00116435,0.000904162,0.00253094
0.00113297,0.000833105,0.00228087
0.00107375,0.00086068,0.00239599
0.00106196,0.000900622,0.00240922
0.00107103,0.000954738,0.00248916
0.0010885,0.000903718,0.00232423
0.00110427,0.000943559,0.00235649
0.00122024,0.00102352,0.00239984
0.00132395,0.00104289,0.00234796
0.00130408,0.000997731,0.00229481
0.00130364,0.00110673,0.00250751
0.0012971,0.00112538,0.00263056
0.0011639,0.00103947,0.0026424
0.00116039,0.0010368,0.00282679
0.00118587,0.00109422,0.00298005
0.0011797,0.00104877,0.00282596
0.00118854,0.00102917,0.00262405
0.00119179,0.00101743,0.00249728
0.00111044,0.00100184,0.00252699
0.00107563,0.000949679,0.00238855
0.00106993,0.000923253,0.00246257
0.00105617,0.000928274,0.00251003
0.00110894,0.0010097,0.00265536
0.00114419,0.0011322,0.00272501
0.00119113,0.00125554,0.00297752
0.00121221,0.0013095,0.00310952
0.00117962,0.00127774,0.00328635
0.00115406,0.00123368,0.00333428
0.00107545,0.00111648,0.00310408
0.00103044,0.00101655,0.00284579
0.000936827,0.000917184,0.00254647
0.00095114,0.000932716,0.00248177
0.000901268,0.00093047,0.00241642
0.000934479,0.00087638,0.00240072
0.000939644,0.000914382,0.00267652
0.0010127,0.00101275,0.00285975
0.00106923,0.00110515,0.00304688
0.00107739,0.00108959,0.00303138
0.00109731,0.00112914,0.00311989
0.00109363,0.00112649,0.00316426
0.00106262,0.00112958,0.00337957
0.00103435,0.00108269,0.00322965
0.00106789,0.00114063,0.00328012
0.00106948,0.00122365,0.0033234
0.00102308,0.00122597,0.00308003
0.00106554,0.00132221,0.00316896
0.00107511,0.00138082,0.00321972
0.00109605,0.00147584,0.00346569
0.00106168,0.00141303,0.00330639
0.00112162,0.00138237,0.00323171
0.00108254,0.00128194,0.00299382
0.00100581,0.00119572,0.00286901
0.00090419,0.000950716,0.00235157
0.000884001,0.000928103,0.00248085
0.000850754,0.000965295,0.00263883
0.000824524,0.000967568,0.00282005
0.000948544,0.00114773,0.00320466
0.000994068,0.00123377,0.00320346
0.000986058,0.00123788,0.00314864
0.000984366,0.00124464,0.00314556
0.000965059,0.00120365,0.00293817
0.000888106,0.000994056,0.00243997
0.000872138,0.00100133,0.00260728
0.000934583,0.0011047,0.00267554
0.000936677,0.00106327,0.00259482
0.00097833,0.00105775,0.00239934
0.000956449,0.00109452,0.00251407
0.000940408,0.00106361,0.00244483
0.000883065,0.000920886,0.00218508
0.000873895,0.000888668,0.00202379
0.000832283,0.00087282,0.00214673
0.000878214,0.000922138,0.00216575
0.000862891,0.000894399,0.00197557
0.0009103,0.0009364,0.00217239
0.000897714,0.000933672,0.0022597
0.000918483,0.000987224,0.00238351
0.00085311,0.000926794,0.0025576
0.000827474,0.000936491,0.00278551
0.000748708,0.000919477,0.00284855
0.000772664,0.000935407,0.0028558
0.000743476,0.000885169,0.00266534
0.00075605,0.000894367,0.00250927
0.000788078,0.000930956,0.00252804
0.000806573,0.00096373,0.00257042
0.00077117,0.00100449,0.00278475
0.000797841,0.00101011,0.00286488
0.000773221,0.000979316,0.00277787
0.00078416,0.000992423,0.00274234
0.000807965,0.00106619,0.00295945
0.000901446,0.00119199,0.00311205
0.000919721,0.0012236,0.00315134
0.00096783,0.00128403,0.00330809
0.00100898,0.0013259,0.0032823
0.00101051,0.00121438,0.00288416
0.000922756,0.00106555,0.00253616
0.00089128,0.00112004,0.0027029
0.000843828,0.00113101,0.00274698
0.000791916,0.00106263,0.00268418
0.000728089,0.00106058,0.00276176
0.000718158,0.00107778,0.00293277
0.000694867,0.000942017,0.0025928
0.000721287,0.000903777,0.00247286
0.000724209,0.000904351,0.00253856
0.000765764,0.00092799,0.00258093
0.000785397,0.000985437,0.00261259
0.000826871,0.0011377,0.00298113
0.000821704,0.00119382,0.00316738
0.000849254,0.00124964,0.00328288
0.00084603,0.00123967,0.00317367
0.000841947,0.00115835,0.00301066
0.000797979,0.000990246,0.00261968
0.000775639,0.000889521,0.00233125
0.000739753,0.0008185,0.00217041
0.000714678,0.00081964,0.00226302
0.000705735,0.000845775,0.00224203
0.000703782,0.000890839,0.00236528
0.000660226,0.000863837,0.00239552
0.000684072,0.000992937,0.00268456
0.000707237,0.00103278,0.00275126
0.000686031,0.00101784,0.00279368
0.000735376,0.00110543,0.00288016
0.000793464,0.00118364,0.00294172
0.000755037,0.00105522,0.00268052
0.000731447,0.001016,0.00263609
0.000724267,0.000984366,0.00259377
0.000686555,0.000874861,0.00244634
0.000633555,0.00081374,0.00229815
0.000600792,0.000787546,0.00223105
0.000572085,0.00073576,0.00197766
0.000546788,0.000672622,0.00180707
0.00050504,0.000651132,0.00174474
0.000488642,0.000625394,0.00173182
0.000531129,0.000681727,0.00186486
0.000540196,0.000703045,0.00196366
0.000557892,0.000775822,0.00220123
0.000594416,0.000859948,0.00242252
0.000663049,0.00099564,0.00276267
0.000656698,0.00100393,0.00276829
0.000700341,0.00104856,0.00289468
0.000703937,0.00107967,0.0029779
0.00070415,0.00108712,0.00308829
0.000711905,0.00107602,0.00299136
0.000782124,0.00127621,0.00340343
0.0007484,0.00125943,0.00341288
0.000743632,0.00127651,0.00348011
0.000745764,0.00128114,0.00334388
0.000690278,0.00121677,0.00327835
0.000597119,0.000956535,0.0027102
0.000585076,0.000904641,0.00253481
0.000575617,0.00084629,0.00222703
0.000590678,0.000891099,0.0023438
0.000606189,0.0008635,0.00215282
0.000630252,0.000938859,0.00231241
0.000668617,0.00102946,0.0023967
0.000673066,0.00104709,0.00247242
0.000656167,0.000995192,0.00234329
0.000646927,0.00101033,0.0024414
0.000638434,0.000962031,0.002197
0.000603916,0.000866613,0.00204405
0.000587899,0.000819568,0.00189591
0.000549911,0.000739212,0.00169716
0.000530102,0.000740988,0.00162718
0.000515069,0.000724404,0.00176758
0.000505339,0.000768235,0.0019487
0.000513575,0.000781017,0.00203405
0.000504472,0.0007653,0.00208915
0.000514696,0.000731292,0.00209063
0.000507206,0.000748629,0.00215209
0.000479782,0.000707558,0.00209965
0.000509125,0.00079179,0.00236338
0.000569965,0.000921803,0.00261457
0.000571616,0.000945858,0.00265982
0.000589142,0.00094898,0.00271302
0.000649337,0.00104335,0.00292361
0.000654611,0.00102095,0.00289098
0.000657941,0.000981016,0.00266935
0.000677685,0.000978892,0.00261773
0.000670679,0.00100199,0.00264707
0.000645359,0.000916515,0.0023138
0.000629647,0.000873129,0.00204756
0.000580112,0.000812217,0.00205502
0.000538771,0.00078964,0.00198519
0.000538158,0.000768637,0.00181689
0.000527105,0.000790848,0.00203002
0.000534996,0.000798981,0.00204078
0.000525988,0.000792494,0.00195964
0.000533358,0.000781568,0.00195427
0.000529085,0.0007859,0.00202523
0.000526985,0.000769137,0.00191388
0.000485264,0.00070451,0.0018537
0.000488444,0.000700446,0.00186875
0.000507422,0.000742672,0.00194776
0.000489717,0.000664228,0.0017391
0.000503104,0.000693103,0.00177799
0.000475729,0.000670684,0.00190072
0.000497043,0.000733109,0.00210672
0.000508245,0.000796204,0.00234869
0.000532899,0.000911474,0.00267602
0.000532003,0.000905138,0.00267113
0.00058531,0.000993654,0.00270845
0.000584863,0.00097394,0.00262224
0.000575579,0.000944142,0.00252514
0.00057668,0.000964468,0.00254774
0.000560807,0.000960874,0.00250909
0.000535113,0.000916142,0.00237085
0.000510809,0.000891391,0.00228838
0.000510835,0.000848086,0.00220841
0.000511053,0.000773005,0.00195954
0.000515996,0.000776348,0.00197182
0.000523549,0.000798303,0.00199868
0.000536238,0.000844986,0.00220507
0.000503938,0.000820839,0.0021367
0.000477464,0.000818959,0.0022991
0.000471964,0.000824649,0.00241308
0.000446521,0.000792659,0.00253237
0.000428462,0.000746355,0.00247186
0.000455689,0.000782141,0.00264582
0.000468286,0.000812436,0.00258717
0.000486684,0.000808457,0.00247551
0.000526627,0.000858142,0.00231771
0.00057081,0.000921941,0.00220155
0.000574012,0.000921172,0.00200946
0.000568384,0.000863155,0.00182011
0.0005638,0.000863565,0.00177175
0.000531425,0.000839213,0.00190206
0.000489625,0.000788864,0.00195617
0.000473084,0.000749403,0.0018989
0.000462238,0.000760766,0.001995
0.000443135,0.000757248,0.00214476
0.000453465,0.000758396,0.00210836
0.000454793,0.000754748,0.00214273
0.000428385,0.000742966,0.00223036
0.000410089,0.000707356,0.0022256
0.000418207,0.00070647,0.00220138
0.000410846,0.000717883,0.00229986
0.000385598,0.000684599,0.0022785
0.000400383,0.000721425,0.00236527
0.000414491,0.000768705,0.00249308
0.000395285,0.000726348,0.00235978
0.000398307,0.000722515,0.00235257
0.000401176,0.000726859,0.00229397
0.000422931,0.000730171,0.002168
0.000402882,0.000668781,0.00192577
0.000438709,0.000734466,0.00200258
0.000428327,0.000688677,0.00178589
0.000446415,0.000695824,0.00178579
0.00044494,0.000713976,0.00185493
0.000483009,0.000800654,0.00216251
0.000480732,0.000822012,0.00229046
0.000479353,0.000852483,0.00246933
0.000456061,0.000823678,0.00242629
0.000418732,0.000794302,0.00247577
0.000401748,0.000780816,0.00238131
0.000372449,0.00071647,0.00215929
0.000378496,0.000686047,0.00197872
0.000412055,0.000737516,0.00200918
0.000449034,0.000770158,0.00204313
0.000437825,0.000727287,0.00197458
0.000444038,0.000715629,0.001992
0.000429675,0.000722065,0.00207474
0.000418836,0.000724239,0.00216807
0.000381569,0.000655529,0.00199488
0.000377796,0.0006616,0.00198619
0.000396659,0.000705443,0.00212779
0.000476654,0.000853449,0.00242239
0.000511385,0.000894648,0.00234281
0.000545382,0.000926234,0.00242061
0.000566745,0.000967647,0.00256628
0.00056116,0.000965394,0.00254769
0.000502646,0.000873157,0.00243992
0.000464907,0.000811295,0.00236301
0.00046108,0.000832383,0.0024055
0.000466777,0.000887587,0.00252057
0.00047579,0.000901025,0.00247166
0.000478858,0.000892575,0.002456
0.000507216,0.000946431,0.00263648
0.000523376,0.00095533,0.00256946
0.000512147,0.000907623,0.00247364
0.000494185,0.000896593,0.00249432
0.000492811,0.000888775,0.00241601
0.000471951,0.000871756,0.00238615
0.000502308,0.00101874,0.00285678
0.000530114,0.00107358,0.00304733
0.000584199,0.00118638,0.00332225
0.000646506,0.00135414,0.00367859
0.000651022,0.00137636,0.00383789
0.000596731,0.00124976,0.00357033
0.000566327,0.00117077,0.00318331
0.000496174,0.00101209,0.00289409
0.000460144,0.000890139,0.00263255
0.000464608,0.000869594,0.00245142
0.000452352,0.000788872,0.00217867
0.000490377,0.000862774,0.0024268
0.000607575,0.00109977,0.00273539
0.000634971,0.00114621,0.00278752
0.000648754,0.00117125,0.00277609
0.000691928,0.0012968,0.00309999
0.0007002,0.00131992,0.00314913
0.000625018,0.00120246,0.0030125
0.000588345,0.00113977,0.00291605
0.000559917,0.00107785,0.00284846
0.000548634,0.00108261,0.00288074
0.00050351,0.00101783,0.00273745
0.000493466,0.000953566,0.00260521
0.000514017,0.00102568,0.00282185
0.000510956,0.00105602,0.00293686
0.00048444,0.000971929,0.00279644
0.000471522,0.000943945,0.00289183
0.000487133,0.000996594,0.00306272
0.000433431,0.000881431,0.00278079
0.00042952,0.000880386,0.00289747
0.000456399,0.000942342,0.00287745
0.000450113,0.000900417,0.00261466
0.000417098,0.000816108,0.00242017
0.000467001,0.000933033,0.00267208
0.000489078,0.000993263,0.00266962
0.000468582,0.000988322,0.00272938
0.000490072,0.00108057,0.00303326
0.000491465,0.00110567,0.00311269
0.000492551,0.00106673,0.00298899
0.000475383,0.00102006,0.00297958
0.000497364,0.000988718,0.00284329
0.000535283,0.00100245,0.00267286
0.000551218,0.00101504,0.00254047
0.000541172,0.00101423,0.00252585
0.000550315,0.00105374,0.0025222
0.000523015,0.00105729,0.00264982
0.000464169,0.000962055,0.00251508
0.000429096,0.000896691,0.0024754
0.000424079,0.000863767,0.00239162
0.000433612,0.000820981,0.00228391
0.000450376,0.000834698,0.00217491
0.000521329,0.000981217,0.00246178
0.000528742,0.00102082,0.00262346
0.000512415,0.000996619,0.00252488
0.000486625,0.000975783,0.0024522
0.000475674,0.000960909,0.00259028
0.000440269,0.000845673,0.00231208
0.000483982,0.000913879,0.00236069
0.00048507,0.000907306,0.00242595
0.000488513,0.00089838,0.00238471
0.000505812,0.000897993,0.00232773
0.00052883,0.000955422,0.00243737
0.000488588,0.000876181,0.002283
0.000480128,0.000878311,0.00221122
0.000486172,0.000879441,0.0022077
0.000454206,0.000842686,0.00210961
0.0004609,0.000847378,0.00218946
0.000475247,0.000856602,0.00220585
0.000492831,0.000899434,0.0023239
0.000487301,0.000896828,0.00228325
0.000512614,0.00094949,0.00249654
0.000467242,0.000907048,0.00246088
0.000449628,0.000908556,0.00250568
0.000463729,0.000897931,0.00246295
0.000474754,0.000919185,0.00263711
0.000487686,0.000930348,0.0025884
0.000491733,0.000943211,0.00267724
0.000514022,0.000969345,0.00275233
0.00052083,0.00100306,0.00280877
0.000514398,0.00098725,0.00272083
0.000480058,0.000931928,0.00257495
0.000462348,0.000899597,0.00249956
0.000465638,0.00091021,0.00247932
0.000411917,0.000814103,0.00239248
0.000405777,0.000811292,0.00238856
0.000396852,0.000795427,0.00239663
0.000419687,0.000824427,0.00241724
0.000432001,0.000846097,0.00247276
0.000492007,0.000972425,0.00273464
0.000499678,0.00101723,0.00292437
0.000514689,0.00106712,0.0030526
0.000501181,0.00106556,0.00316337
0.000468956,0.00103665,0.00315163
0.000438366,0.000962754,0.00292137
0.000462366,0.000978318,0.00281517
0.000478067,0.00103782,0.00303665
0.00054122,0.00113955,0.00310977
0.000550937,0.00116662,0.00317723
0.000550806,0.00118735,0.00322719
0.000559117,0.00121237,0.00328663
0.000586703,0.00123244,0.0030668
0.000516006,0.00109532,0.00274031
0.000560129,0.00112942,0.00268899
0.000562869,0.00110633,0.00266442
0.000520586,0.00104172,0.00262286
0.000507614,0.000979996,0.00252251
0.000518287,0.00101942,0.0027376
0.00047534,0.000984242,0.00279858
0.000518084,0.00106985,0.00300525
0.000532049,0.00106034,0.0029546
0.000500098,0.00101361,0.00289187
0.000508586,0.000993444,0.00271688
0.000561246,0.00110889,0.00285915
0.000569146,0.00119315,0.00315372
0.000608742,0.00127812,0.00329048
0.000652867,0.00141907,0.0037329
0.000661113,0.00150803,0.00407959
0.000632623,0.00141329,0.0038679
0.000632272,0.001336,0.00349224
0.000600739,0.00130969,0.00348286
0.000586052,0.00123774,0.00317725
0.000550055,0.00110296,0.0027409
0.00051148,0.00102942,0.00260406
0.000479639,0.000981811,0.0024511
0.00045688,0.00093198,0.00241689
0.000442957,0.000912734,0.00240187
0.00046902,0.000976705,0.00254066
0.000456483,0.000962231,0.00252627
0.000401764,0.000865687,0.0024524
0.000381972,0.000812452,0.00224988
0.000364325,0.000756832,0.0021125
0.000328545,0.000691535,0.00199485
0.000350049,0.000722715,0.00210002
0.000369343,0.000761732,0.00222068
0.000419348,0.000845982,0.00236062
0.000426211,0.000859711,0.00249748
0.000476777,0.000996025,0.00282123
0.000451873,0.000959401,0.00269732
0.000464623,0.000978966,0.00268522
0.000453467,0.000983751,0.00272608
0.000468607,0.00106087,0.00289616
0.000450308,0.0010002,0.00278791
0.000463028,0.00101636,0.00289039
0.000470745,0.00104629,0.00296969
0.00046051,0.000995111,0.00289823
0.000481803,0.00094711,0.00258009
0.000505077,0.000971669,0.00258358
0.000545072,0.00104186,0.00258875
0.000548239,0.00104551,0.00264991
0.000554875,0.00104884,0.00249962
0.000488201,0.000989513,0.00255715
0.000470547,0.000971051,0.00253677
0.000457917,0.000964246,0.0025843
0.000453515,0.000958686,0.00249792
0.000456177,0.00098113,0.00266378
0.000484597,0.00100961,0.00261538
0.000484388,0.00095111,0.00246433
0.000474601,0.000921982,0.00248581
0.000506969,0.0010261,0.00280233
0.000518023,0.00110638,0.00309463
0.000517579,0.00112449,0.00319171
0.000521523,0.00123398,0.00350124
0.00057382,0.00132804,0.00360158
0.000550372,0.00126891,0.00349768
0.000552405,0.00122961,0.00330076
0.000568189,0.00122843,0.00327738
0.000570303,0.00117601,0.00304844
0.000528826,0.00111112,0.00294164
0.00050465,0.00101252,0.00256317
0.000508784,0.00100117,0.00251384
0.000519747,0.00105075,0.00260149
0.000502947,0.00100258,0.00252666
0.000489623,0.000968546,0.00241556
0.000541655,0.00106705,0.00264793
0.000533318,0.00109388,0.00268923
0.00050836,0.00104855,0.00259801
0.000555318,0.00113368,0.00272488
0.000537277,0.00106313,0.00255214
0.000472105,0.000978621,0.00241662
0.000456127,0.000910292,0.00224435
0.000482122,0.000962036,0.00238408
0.000460571,0.000961416,0.00243112
0.000542533,0.00116873,0.00293953
0.000563183,0.00118969,0.0029397
0.000585603,0.00121852,0.00295369
0.000575199,0.00118212,0.00290983
0.00058252,0.00119372,0.00301608
0.000532347,0.00106199,0.0027467
0.000566894,0.00109588,0.00290013
0.000531079,0.00109073,0.00319702
0.000519225,0.00108641,0.00313172
0.000521099,0.00107635,0.00300481
0.000519164,0.00108387,0.00294191
0.000485476,0.00104235,0.00269533
0.000494977,0.000993343,0.00232766
0.00049588,0.000984655,0.00222423
0.000496131,0.000956625,0.0020769
0.000561014,0.00105764,0.002279
0.00060499,0.00111034,0.00241976
0.000653715,0.00119941,0.00258108
0.000664601,0.00123197,0.00273925
0.000617279,0.00115322,0.00266584
0.000527881,0.0010195,0.00245427
0.000494582,0.000966842,0.00237879
0.000472509,0.000903839,0.00229543
0.000461408,0.000844291,0.00215078
0.000537669,0.000965682,0.00224248
0.000558463,0.000986796,0.00221244
0.000584662,0.00102218,0.00220325
0.000607905,0.00112183,0.00239404
0.000599705,0.00114102,0.00245892
0.000557887,0.00107904,0.00249245
0.000565574,0.00108531,0.00252589
0.000542898,0.00104017,0.00254294
0.000557758,0.00104499,0.00253306
0.000572564,0.00104084,0.00239299
0.000591003,0.00104631,0.00231526
0.000604897,0.00111147,0.00245787
0.000604559,0.00114537,0.0024738
0.000571574,0.00107127,0.00231677
0.000569112,0.00106407,0.00233259
0.000556431,0.00103321,0.00230383
0.0005677,0.00102211,0.00232692
0.00059962,0.00110132,0.0025479
0.000612116,0.00112795,0.00260753
0.000652802,0.0012042,0.00279026
0.000683555,0.00126492,0.00297819
0.000620642,0.00114048,0.00271674
0.000611549,0.00105658,0.00246304
0.000596013,0.000998343,0.00233831
0.000579268,0.00101456,0.00249385
0.000549599,0.000997748,0.0024697
0.0005649,0.00103086,0.00249513
0.000521381,0.00100674,0.00255349
0.000503357,0.000978564,0.00249844
0.000461681,0.000871955,0.00217627
0.000437661,0.000830299,0.00202598
0.000427771,0.000805426,0.00200334
0.000395274,0.000734455,0.0018895
0.000384499,0.000749353,0.00200777
0.000405097,0.000767885,0.00203406
0.00041325,0.000831748,0.00238061
0.000433959,0.000887371,0.00256138
0.000447912,0.000898359,0.00252599
0.000497986,0.0010174,0.00273257
0.000487253,0.00102933,0.0028797
0.000485812,0.000949751,0.00258956
0.000444142,0.000859882,0.00228052
0.000372435,0.000731827,0.00193162
