t_ms,v_bridge,v_load
0,-199.981,-11.4911
0.01,-199.943,-11.3247
0.02,-199.905,-11.5332
0.03,200.084,-11.9321
0.04,200.042,-11.9448
0.05,200,-11.5443
0.06,199.957,-10.7518
0.07,199.915,-9.58812
0.08,-200.086,-8.1925
0.09,-200.048,-7.16205
0.1,-200.009,-6.55728
0.11,-199.97,-6.35841
0.12,-199.932,-6.54587
0.13,200.059,-6.93452
0.14,200.017,-6.94718
0.15,199.976,-6.55655
0.16,199.935,-5.78324
0.17,199.894,-4.6476
0.18,-200.115,-3.24891
0.19,-200.075,-2.18684
0.2,-200.036,-1.56177
0.21,-199.996,-1.35343
0.22,-199.956,-1.54171
0.23,200.027,-1.8861
0.24,199.987,-1.84366
0.25,199.947,-1.41066
0.26,199.907,-0.607185
0.27,199.867,0.546963
0.28,-200.141,1.95306
0.29,-200.1,3.01194
0.3,-200.06,3.62376
0.31,-200.019,3.80932
0.32,-199.978,3.58924
0.33,199.998,3.2671
0.34,199.959,3.3358
0.35,199.92,3.7836
0.36,199.881,4.59095
0.37,199.842,5.73857
0.38,-200.173,7.15985
0.39,-200.131,8.26915
0.4,-200.089,8.91859
0.41,-200.048,9.12951
0.42,-200.006,8.92309
0.43,199.972,8.60345
0.44,199.934,8.66406
0.45,199.895,9.09369
0.46,199.857,9.87333
0.47,199.82,10.9842
0.48,-200.194,12.3603
0.49,-200.151,13.4164
0.5,-200.108,14.0051
0.51,-200.066,14.1483
0.52,-200.023,13.8677
0.53,199.948,13.5379
0.54,199.911,13.5869
0.55,199.873,13.9957
0.56,199.836,14.7459
0.57,199.8,15.8193
0.58,-200.221,17.174
0.59,-200.177,18.2543
0.6,-200.134,18.8566
0.61,-200.09,19.0031
0.62,-200.046,18.7161
0.63,199.926,18.3708
0.64,199.889,18.3954
0.65,199.853,18.7717
0.66,199.817,19.4816
0.67,199.781,20.5073
0.68,-200.246,21.8233
0.69,-200.202,22.9197
0.7,-200.157,23.5281
0.71,-200.112,23.6713
0.72,-200.068,23.3719
0.73,199.897,23.0834
0.74,199.862,23.1529
0.75,199.826,23.5624
0.76,199.791,24.2945
0.77,199.756,25.3319
0.78,-200.27,26.6495
0.79,-200.225,27.738
0.8,-200.179,28.3293
0.81,-200.133,28.4469
0.82,199.904,28.1217
0.83,199.87,27.8693
0.84,199.836,27.9635
0.85,199.801,28.3872
0.86,199.767,29.1233
0.87,199.733,30.155
0.88,199.699,31.4657
0.89,-200.254,32.6079
0.9,-200.207,33.2408
0.91,-200.16,33.3882
0.92,199.878,33.0817
0.93,199.845,32.8373
0.94,199.811,32.9295
0.95,199.778,33.3414
0.96,199.745,34.0565
0.97,199.712,35.0586
0.98,199.679,36.3315
0.99,-200.281,37.5061
1,-200.233,38.1601
1.01,-200.186,38.3179
1.02,199.846,38.0275
1.03,199.814,37.8506
1.04,199.781,37.9971
1.05,199.749,38.4507
1.06,199.717,39.1955
1.07,199.685,40.2156
1.08,199.653,41.4956
1.09,-200.306,42.6666
1.1,-200.257,43.3072
1.11,-200.209,43.4422
1.12,199.824,43.12
1.13,199.793,42.9028
1.14,199.761,43.0011
1.15,199.73,43.399
1.16,199.699,44.0812
1.17,199.668,45.0322
1.18,199.637,46.2369
1.19,-200.329,47.3974
1.2,-200.279,48.0262
1.21,-200.23,48.1406
1.22,199.796,47.8135
1.23,199.766,47.6364
1.24,199.735,47.7635
1.25,199.705,48.1796
1.26,199.675,48.8695
1.27,199.645,49.8185
1.28,199.615,51.012
1.29,-200.35,52.1523
1.3,-200.3,52.7526
1.31,-200.249,52.8307
1.32,199.769,52.4914
1.33,199.74,52.3397
1.34,199.711,52.4818
1.35,199.681,52.9028
1.36,199.652,53.5881
1.37,199.623,54.5235
1.38,199.594,55.6947
1.39,-200.378,56.8673
1.4,-200.327,57.5043
1.41,-200.275,57.6079
1.42,199.744,57.2834
1.43,199.716,57.1365
1.44,199.688,57.2736
1.45,199.659,57.6805
1.46,199.631,58.343
1.47,199.603,59.2474
1.48,199.575,60.3799
1.49,-200.397,61.5064
1.5,-200.344,62.0904
1.51,-200.292,62.1347
1.52,199.721,61.7843
1.53,199.693,61.6424
1.54,199.666,61.7754
1.55,199.638,62.1694
1.56,199.611,62.811
1.57,199.584,63.6867
1.58,199.557,64.7831
1.59,-200.422,65.9216
1.6,-200.368,66.5313
1.61,-200.315,66.5912
1.62,199.698,66.247
1.63,199.672,66.1021
1.64,199.645,66.2235
1.65,199.619,66.5979
1.66,199.592,67.212
1.67,199.566,68.0529
1.68,199.54,69.1077
1.69,-200.446,70.2452
1.7,-200.392,70.8762
1.71,-200.337,70.9479
1.72,199.669,70.6534
1.73,199.643,70.5778
1.74,199.617,70.7563
1.75,199.592,71.176
1.76,199.566,71.8243
1.77,199.541,72.6885
1.78,199.516,73.7565
1.79,-200.469,74.8974
1.8,-200.414,75.5225
1.81,-200.359,75.5793
1.82,199.648,75.2617
1.83,199.624,75.155
1.84,199.599,75.295
1.85,199.574,75.6692
1.86,199.549,76.2653
1.87,199.525,77.0713
1.88,199.501,78.0752
1.89,-200.491,79.1861
1.9,-200.435,79.8127
1.91,-200.379,79.8625
1.92,199.621,79.5847
1.93,199.597,79.5303
1.94,199.573,79.7114
1.95,199.549,80.116
1.96,199.525,80.7323
1.97,199.502,81.5486
1.98,199.479,82.5537
1.99,-200.513,83.6569
2,-200.456,84.2673
2.01,-200.399,84.293
2.02,199.602,83.9835
2.03,199.579,83.8904
2.04,199.556,84.0261
2.05,199.533,84.3791
2.06,199.51,84.9379
2.07,199.488,85.6915
2.08,199.465,86.6285
2.09,-200.533,87.6908
2.1,-200.475,88.3004
2.11,-200.417,88.3176
2.12,199.576,88.0546
2.13,199.554,88.013
2.14,199.532,88.1895
2.15,199.51,88.5731
2.16,199.488,89.1529
2.17,199.466,89.918
2.18,199.444,90.8578
2.19,-200.553,91.9142
2.2,-200.495,92.5102
2.21,-200.436,92.506
2.22,199.559,92.2145
2.23,199.537,92.1376
2.24,199.516,92.2724
2.25,199.495,92.6084
2.26,199.473,93.1349
2.27,199.452,93.8416
2.28,199.431,94.7182
2.29,-200.573,95.7307
2.3,-200.514,96.3314
2.31,-200.454,96.3242
2.32,199.533,96.0926
2.33,199.512,96.0725
2.34,199.492,96.2538
2.35,199.471,96.626
2.36,199.451,97.1791
2.37,199.431,97.9031
2.38,199.411,98.7882
2.39,-200.593,99.8008
2.4,-200.533,100.394
2.41,-200.473,100.371
2.42,199.515,100.117
2.43,199.496,100.067
2.44,199.476,100.212
2.45,199.456,100.543
2.46,199.437,101.048
2.47,199.417,101.72
2.48,199.398,102.547
2.49,-200.613,103.513
2.5,-200.552,104.116
2.51,-200.491,104.097
2.52,199.49,103.915
2.53,199.471,103.928
2.54,199.452,104.124
2.55,199.433,104.496
2.56,199.414,105.033
2.57,199.395,105.726
2.58,199.377,106.567
2.59,-200.634,107.537
2.6,-200.572,108.137
2.61,-200.51,108.106
2.62,199.472,107.906
2.63,199.454,107.893
2.64,199.435,108.057
2.65,199.417,108.391
2.66,199.399,108.884
2.67,199.381,109.527
2.68,199.364,110.313
2.69,-200.646,111.225
2.7,-200.583,111.761
2.71,199.471,111.67
2.72,199.454,111.477
2.73,199.436,111.462
2.74,199.419,111.619
2.75,199.401,111.938
2.76,199.384,112.41
2.77,199.367,113.027
2.78,199.35,113.78
2.79,199.333,114.662
2.8,-200.604,115.233
2.81,199.451,115.169
2.82,199.435,114.994
2.83,199.418,114.99
2.84,199.401,115.149
2.85,199.384,115.464
2.86,199.368,115.925
2.87,199.351,116.525
2.88,199.335,117.255
2.89,199.319,118.108
2.9,-200.617,118.645
2.91,199.439,118.542
2.92,199.423,118.322
2.93,199.407,118.27
2.94,199.39,118.377
2.95,199.374,118.636
2.96,199.358,119.037
2.97,199.343,119.574
2.98,199.327,120.239
2.99,199.311,121.024
3,-200.632,121.568
3.01,199.416,121.481
3.02,199.401,121.334
3.03,199.385,121.344
3.04,199.37,121.505
3.05,199.354,121.808
3.06,199.339,122.246
3.07,199.324,122.812
3.08,199.309,123.497
3.09,199.294,124.295
3.1,-200.649,124.845
3.11,199.4,124.757
3.12,199.385,124.603
3.13,199.371,124.6
3.14,199.356,124.742
3.15,199.341,125.021
3.16,199.326,125.43
3.17,199.312,125.961
3.18,199.297,126.607
3.19,199.283,127.362
3.2,-200.659,127.865
3.21,199.391,127.727
3.22,199.376,127.519
3.23,199.362,127.46
3.24,199.348,127.542
3.25,199.334,127.758
3.26,199.32,128.102
3.27,199.305,128.567
3.28,199.292,129.144
3.29,199.278,129.829
3.3,-200.672,130.331
3.31,199.37,130.218
3.32,199.357,130.083
3.33,199.343,130.088
3.34,199.329,130.227
3.35,199.316,130.491
3.36,199.302,130.876
3.37,199.288,131.373
3.38,199.275,131.977
3.39,199.262,132.681
3.4,-200.687,133.195
3.41,199.356,133.088
3.42,199.343,132.954
3.43,199.329,132.953
3.44,199.316,133.081
3.45,199.303,133.33
3.46,199.29,133.694
3.47,199.277,134.166
3.48,199.264,134.74
3.49,199.252,135.41
3.5,-200.697,135.888
3.51,199.347,135.741
3.52,199.334,135.562
3.53,199.321,135.515
3.54,199.309,135.593
3.55,199.296,135.79
3.56,199.284,136.1
3.57,199.271,136.515
3.58,199.259,137.032
3.59,199.247,137.642
3.6,-200.709,138.121
3.61,199.326,138.017
3.62,199.314,137.922
3.63,199.302,137.95
3.64,199.29,138.094
3.65,199.278,138.349
3.66,199.266,138.708
3.67,199.254,139.167
3.68,199.242,139.718
3.69,199.231,140.357
3.7,-200.725,140.857
3.71,199.311,140.769
3.72,199.3,140.682
3.73,199.288,140.713
3.74,199.277,140.855
3.75,199.265,141.101
3.76,199.254,141.448
3.77,199.242,141.889
3.78,199.231,142.418
3.79,199.22,143.031
3.8,-200.735,143.5
3.81,199.302,143.378
3.82,199.291,143.254
3.83,199.28,143.244
3.84,199.269,143.342
3.85,199.258,143.543
3.86,199.247,143.841
3.87,199.236,144.23
3.88,199.225,144.706
3.89,199.214,145.264
3.9,-200.74,145.677
3.91,199.297,145.496
3.92,199.287,145.313
3.93,199.276,145.242
3.94,199.265,145.278
3.95,199.255,145.417
3.96,199.244,145.651
3.97,199.234,145.977
3.98,199.223,146.39
3.99,199.213,146.883
4,-200.75,147.287
4.01,199.28,147.157
4.02,199.27,147.057
4.03,199.26,147.062
4.04,199.249,147.166
4.05,199.239,147.366
4.06,199.229,147.655
4.07,199.219,148.029
4.08,199.209,148.483
4.09,199.199,149.011
4.1,-200.763,149.445
4.11,199.267,149.338
4.12,199.257,149.256
4.13,199.247,149.274
4.14,199.238,149.387
4.15,199.228,149.59
4.16,199.218,149.878
4.17,199.208,150.246
4.18,199.199,150.69
4.19,199.189,151.206
4.2,-200.772,151.622
4.21,199.259,151.495
4.22,199.249,151.389
4.23,199.24,151.38
4.24,199.23,151.463
4.25,199.221,151.634
4.26,199.212,151.887
4.27,199.202,152.218
4.28,199.193,152.624
4.29,199.184,153.098
4.3,-200.777,153.471
4.31,199.254,153.3
4.32,199.245,153.149
4.33,199.236,153.094
4.34,199.227,153.129
4.35,199.218,153.251
4.36,199.209,153.455
4.37,199.2,153.736
4.38,199.191,154.09
4.39,199.182,154.514
4.4,-200.779,154.836
4.41,199.253,154.613
4.42,199.244,154.411
4.43,199.235,154.304
4.44,199.226,154.288
4.45,199.217,154.358
4.46,199.209,154.512
4.47,199.2,154.743
4.48,199.191,155.047
4.49,199.182,155.421
4.5,-200.778,155.695
4.51,199.253,155.425
4.52,199.245,155.175
4.53,199.236,155.022
4.54,199.227,154.96
4.55,199.219,154.986
4.56,199.21,155.096
4.57,199.201,155.284
4.58,199.193,155.548
4.59,199.184,155.881
4.6,-200.776,156.116
4.61,199.255,155.807
4.62,199.247,155.52
4.63,199.238,155.331
4.64,199.229,155.235
4.65,199.221,155.227
4.66,199.212,155.304
4.67,199.203,155.461
4.68,199.195,155.695
4.69,199.186,155.999
4.7,-200.774,156.206
4.71,199.257,155.871
4.72,199.249,155.558
4.73,199.24,155.345
4.74,199.232,155.226
4.75,199.223,155.197
4.76,199.214,155.253
4.77,199.206,155.391
4.78,199.197,155.605
4.79,199.189,155.892
4.8,-200.772,156.083
4.81,199.26,155.732
4.82,199.251,155.406
4.83,199.242,155.179
4.84,199.234,155.048
4.85,199.225,155.007
4.86,199.216,155.053
4.87,199.208,155.181
4.88,199.199,155.387
4.89,199.19,155.667
4.9,-200.77,155.85
4.91,199.261,155.493
4.92,199.253,155.161
4.93,199.244,154.93
4.94,199.235,154.795
4.95,199.227,154.751
4.96,199.218,154.794
4.97,199.209,154.921
4.98,199.2,155.125
4.99,199.192,155.404
5,-200.769,155.587
5.01,199.263,155.231
5.02,199.254,154.9
5.03,199.245,154.67
5.04,199.236,154.536
5.05,199.228,154.495
5.06,199.219,154.541
5.07,199.21,154.67
5.08,199.201,154.878
5.09,199.193,155.16
5.1,-200.768,155.347
5.11,199.263,154.995
5.12,199.255,154.669
5.13,199.246,154.443
5.14,199.237,154.314
5.15,199.228,154.278
5.16,199.219,154.329
5.17,199.211,154.464
5.18,199.202,154.677
5.19,199.193,154.965
5.2,-200.768,155.158
5.21,199.264,154.812
5.22,199.255,154.491
5.23,199.246,154.272
5.24,199.237,154.149
5.25,199.228,154.119
5.26,199.22,154.176
5.27,199.211,154.317
5.28,199.202,154.537
5.29,199.193,154.831
5.3,-200.767,155.03
5.31,199.264,154.689
5.32,199.255,154.375
5.33,199.246,154.161
5.34,199.237,154.044
5.35,199.228,154.02
5.36,199.219,154.083
5.37,199.211,154.229
5.38,199.202,154.454
5.39,199.193,154.753
5.4,-200.768,154.957
5.41,199.264,154.622
5.42,199.255,154.312
5.43,199.246,154.104
5.44,199.237,153.992
5.45,199.228,153.972
5.46,199.219,154.039
5.47,199.21,154.19
5.48,199.202,154.419
5.49,199.193,154.722
5.5,-200.768,154.93
5.51,199.263,154.599
5.52,199.255,154.293
5.53,199.246,154.088
5.54,199.237,153.979
5.55,199.228,153.962
5.56,199.219,154.033
5.57,199.21,154.186
5.58,199.201,154.418
5.59,199.193,154.724
5.6,-200.768,154.935
5.61,199.263,154.606
5.62,199.254,154.302
5.63,199.245,154.099
5.64,199.236,153.992
5.65,199.228,153.977
5.66,199.219,154.05
5.67,199.21,154.205
5.68,199.201,154.438
5.69,199.192,154.746
5.7,-200.768,154.958
5.71,199.263,154.63
5.72,199.254,154.327
5.73,199.245,154.125
5.74,199.236,154.019
5.75,199.227,154.005
5.76,199.218,154.078
5.77,199.21,154.234
5.78,199.201,154.468
5.79,199.192,154.776
5.8,-200.769,154.988
5.81,199.263,154.661
5.82,199.254,154.358
5.83,199.245,154.156
5.84,199.236,154.05
5.85,199.227,154.036
5.86,199.218,154.109
5.87,199.21,154.265
5.88,199.201,154.499
5.89,199.192,154.806
5.9,-200.769,155.018
5.91,199.263,154.691
5.92,199.254,154.388
5.93,199.245,154.185
5.94,199.236,154.079
5.95,199.227,154.064
5.96,199.218,154.137
5.97,199.209,154.292
5.98,199.201,154.525
5.99,199.192,154.832
6,-200.769,155.044
6.01,199.262,154.715
6.02,199.254,154.412
6.03,199.245,154.209
6.04,199.236,154.102
6.05,199.227,154.086
6.06,199.218,154.158
6.07,199.209,154.312
6.08,199.201,154.545
6.09,199.192,154.852
6.1,-200.761,155.007
6.11,199.278,154.564
6.12,199.27,154.113
6.13,199.261,153.77
6.14,199.252,153.531
6.15,199.243,153.391
6.16,199.234,153.346
6.17,199.225,153.391
6.18,199.216,153.521
6.19,199.207,153.733
6.2,-200.746,153.8
6.21,199.293,153.275
6.22,199.284,152.748
6.23,199.274,152.337
6.24,199.265,152.036
6.25,199.256,151.839
6.26,199.246,151.743
6.27,199.237,151.743
6.28,199.228,151.834
6.29,199.218,152.011
6.3,-200.735,152.049
6.31,199.304,151.499
6.32,199.294,150.953
6.33,199.285,150.527
6.34,199.275,150.214
6.35,199.265,150.011
6.36,199.256,149.913
6.37,199.246,149.913
6.38,199.236,150.008
6.39,199.227,150.193
6.4,-200.727,150.242
6.41,199.311,149.707
6.42,199.301,149.178
6.43,199.291,148.77
6.44,199.282,148.48
6.45,199.271,148.301
6.46,199.261,148.229
6.47,199.251,148.258
6.48,199.241,148.384
6.49,199.231,148.601
6.5,-200.715,148.621
6.51,199.331,148.014
6.52,199.321,147.374
6.53,199.311,146.865
6.54,199.3,146.482
6.55,199.29,146.219
6.56,199.279,146.071
6.57,199.269,146.032
6.58,199.258,146.097
6.59,199.248,146.261
6.6,-200.698,146.235
6.61,199.347,145.589
6.62,199.336,144.918
6.63,199.325,144.383
6.64,199.315,143.98
6.65,199.304,143.704
6.66,199.293,143.547
6.67,199.282,143.505
6.68,199.271,143.573
6.69,199.26,143.744
6.7,-200.687,143.73
6.71,199.358,143.101
6.72,199.346,142.449
6.73,199.335,141.939
6.74,199.324,141.564
6.75,199.312,141.318
6.76,199.301,141.196
6.77,199.289,141.191
6.78,199.278,141.298
6.79,199.266,141.512
6.8,-200.673,141.472
6.81,199.38,140.792
6.82,199.368,140.042
6.83,199.356,139.443
6.84,199.344,138.989
6.85,199.332,138.673
6.86,199.32,138.489
6.87,199.308,138.431
6.88,199.296,138.493
6.89,199.284,138.669
6.9,-200.656,138.599
6.91,199.396,137.896
6.92,199.384,137.13
6.93,199.371,136.521
6.94,199.359,136.063
6.95,199.346,135.75
6.96,199.334,135.574
6.97,199.321,135.529
6.98,199.308,135.61
6.99,199.296,135.809
7,-200.645,135.767
7.01,199.407,135.095
7.02,199.394,134.365
7.03,199.381,133.796
7.04,199.368,133.381
7.05,199.355,133.114
7.06,199.342,132.987
7.07,199.328,132.994
7.08,199.315,133.128
7.09,199.302,133.384
7.1,-200.631,133.322
7.11,199.428,132.621
7.12,199.415,131.806
7.13,199.401,131.161
7.14,199.388,130.679
7.15,199.374,130.353
7.16,199.36,130.176
7.17,199.347,130.141
7.18,199.333,130.241
7.19,199.319,130.469
7.2,-200.614,130.387
7.21,199.444,129.673
7.22,199.43,128.851
7.23,199.416,128.205
7.24,199.402,127.728
7.25,199.387,127.412
7.26,199.373,127.251
7.27,199.359,127.237
7.28,199.345,127.363
7.29,199.33,127.621
7.3,-200.604,127.574
7.31,-200.538,126.889
7.32,199.447,126.031
7.33,199.433,125.356
7.34,199.418,124.858
7.35,199.403,124.528
7.36,199.388,124.358
7.37,199.373,124.342
7.38,199.358,124.471
7.39,-200.648,124.73
7.4,-200.583,124.619
7.41,-200.518,123.88
7.42,199.467,122.977
7.43,199.451,122.265
7.44,199.436,121.737
7.45,199.421,121.384
7.46,199.405,121.2
7.47,199.39,121.176
7.48,199.374,121.304
7.49,-200.633,121.568
7.5,-200.569,121.468
7.51,-200.504,120.746
7.52,199.48,119.864
7.53,199.464,119.18
7.54,199.448,118.683
7.55,199.432,118.367
7.56,199.416,118.223
7.57,199.4,118.243
7.58,199.384,118.419
7.59,-200.616,118.719
7.6,-200.552,118.596
7.61,-200.489,117.858
7.62,199.503,116.889
7.63,199.486,116.127
7.64,199.47,115.563
7.65,199.453,115.189
7.66,199.436,114.996
7.67,199.42,114.976
7.68,199.403,115.12
7.69,-200.598,115.396
7.7,-200.535,115.258
7.71,-200.471,114.511
7.72,199.52,113.54
7.73,199.502,112.783
7.74,199.485,112.23
7.75,199.468,111.874
7.76,199.45,111.704
7.77,199.433,111.712
7.78,199.415,111.889
7.79,-200.578,112.18
7.8,-200.515,112.007
7.81,-200.453,111.234
7.82,199.546,110.175
7.83,199.528,109.332
7.84,199.51,108.706
7.85,199.492,108.286
7.86,199.473,108.062
7.87,199.455,108.027
7.88,199.437,108.17
7.89,-200.557,108.435
7.9,-200.495,108.245
7.91,-200.433,107.464
7.92,199.564,106.404
7.93,199.545,105.568
7.94,199.527,104.956
7.95,199.508,104.556
7.96,199.489,104.36
7.97,199.47,104.357
7.98,199.451,104.538
7.99,-200.536,104.815
8,-200.475,104.598
8.01,-200.413,103.798
8.02,199.591,102.664
8.03,199.572,101.751
8.04,199.552,101.072
8.05,199.533,100.616
8.06,199.513,100.375
8.07,199.493,100.337
8.08,199.473,100.493
8.09,-200.514,100.754
8.1,-200.454,100.529
8.11,-200.394,99.7295
8.12,199.61,98.6048
8.13,199.59,97.7079
8.14,199.57,97.0522
8.15,199.549,96.6272
8.16,199.529,96.4222
8.17,199.508,96.427
8.18,199.488,96.6311
8.19,-200.493,96.9058
8.2,-200.433,96.6639
8.21,-200.374,95.8551
8.22,199.637,94.6745
8.23,199.616,93.7092
8.24,199.595,92.9963
8.25,199.574,92.5249
8.26,199.553,92.2839
8.27,199.531,92.2626
8.28,199.51,92.45
8.29,-200.471,92.717
8.3,-200.413,92.4762
8.31,-200.354,91.6765
8.32,199.656,90.5128
8.33,199.634,89.5717
8.34,199.612,88.8901
8.35,199.59,88.4564
8.36,199.568,88.2593
8.37,199.546,88.2875
8.38,199.524,88.5299
8.39,-200.45,88.8098
8.4,-200.392,88.5581
8.41,-200.335,87.7558
8.42,199.683,86.5502
8.43,199.66,85.5465
8.44,199.637,84.8131
8.45,199.614,84.3383
8.46,199.591,84.1101
8.47,199.568,84.117
8.48,199.545,84.3473
8.49,-200.429,84.6238
8.5,-200.372,84.3773
8.51,-200.315,83.5881
8.52,199.709,82.3636
8.53,199.686,81.3119
8.54,199.662,80.5411
8.55,199.638,80.0391
8.56,199.614,79.7936
8.57,199.59,79.7924
8.58,199.567,80.0236
8.59,-200.401,80.2546
8.6,-200.345,79.9503
8.61,-200.289,79.115
8.62,199.735,77.8555
8.63,199.71,76.7792
8.64,199.686,75.9941
8.65,199.661,75.4873
8.66,199.636,75.2463
8.67,199.611,75.2582
8.68,199.587,75.5108
8.69,-200.382,75.771
8.7,-200.327,75.5034
8.71,-200.272,74.7115
8.72,199.759,73.4705
8.73,199.734,72.3741
8.74,199.708,71.5786
8.75,199.683,71.0706
8.76,199.657,70.837
8.77,199.631,70.8648
8.78,199.606,71.141
8.79,-200.356,71.3697
8.8,-200.301,71.0655
8.81,-200.247,70.2477
8.82,199.783,68.9906
8.83,199.757,67.8879
8.84,199.73,67.0951
8.85,199.704,66.5985
8.86,199.677,66.3846
8.87,199.651,66.4398
8.88,199.624,66.7508
8.89,-200.33,66.9509
8.9,-200.277,66.6207
8.91,-200.224,65.7869
8.92,199.813,64.4996
8.93,199.786,63.3229
8.94,199.759,62.4687
8.95,199.731,61.9229
8.96,199.704,61.6713
8.97,199.676,61.7
8.98,199.649,61.9951
8.99,-200.306,62.1895
9,-200.254,61.8631
9.01,-200.202,61.0422
9.02,199.835,59.7767
9.03,199.806,58.6299
9.04,199.778,57.8133
9.05,199.75,57.3125
9.06,199.721,57.1127
9.07,199.693,57.1995
9.08,199.664,57.5588
9.09,-200.284,57.7451
9.1,-200.232,57.4198
9.11,-200.181,56.6087
9.12,199.862,55.3452
9.13,199.833,54.1472
9.14,199.804,53.2908
9.15,199.775,52.7608
9.16,199.746,52.5424
9.17,199.716,52.6204
9.18,199.687,52.9803
9.19,-200.262,53.1763
9.2,-200.212,52.8691
9.21,-200.161,52.0841
9.22,-200.111,50.8465
9.23,199.859,49.612
9.24,199.829,48.7298
9.25,199.799,48.1843
9.26,199.769,47.9601
9.27,199.738,48.0416
9.28,-200.284,48.4059
9.29,-200.234,48.5451
9.3,-200.184,48.1931
9.31,-200.135,47.3748
9.32,-200.085,46.1146
9.33,199.884,44.868
9.34,199.853,43.9836
9.35,199.821,43.4453
9.36,199.79,43.2373
9.37,199.759,43.3435
9.38,-200.256,43.7246
9.39,-200.207,43.8271
9.4,-200.159,43.4494
9.41,-200.11,42.616
9.42,-200.061,41.3508
9.43,199.915,40.031
9.44,199.883,39.0865
9.45,199.85,38.5008
9.46,199.818,38.2573
9.47,199.786,38.3396
9.48,-200.23,38.7077
9.49,-200.182,38.8078
9.5,-200.135,38.4377
9.51,-200.087,37.6213
9.52,-200.04,36.3821
9.53,199.943,35.0266
9.54,199.91,34.0504
9.55,199.877,33.4444
9.56,199.844,33.1915
9.57,199.811,33.2749
9.58,-200.199,33.6303
9.59,-200.152,33.6741
9.6,-200.105,33.2607
9.61,-200.058,32.4131
9.62,-200.012,31.1547
9.63,199.97,29.7911
9.64,199.936,28.8175
9.65,199.902,28.2242
9.66,199.867,27.9937
9.67,199.833,28.1086
9.68,-200.177,28.5041
9.69,-200.132,28.5961
9.7,-200.086,28.2384
9.71,-200.04,27.4538
9.72,-199.995,26.2648
9.73,199.994,24.9144
9.74,199.959,23.9477
9.75,199.924,23.3705
9.76,199.889,23.1649
9.77,199.853,23.3129
9.78,-200.15,23.7176
9.79,-200.105,23.7817
9.8,-200.06,23.4068
9.81,-200.016,22.6154
9.82,-199.971,21.4295
9.83,200.017,20.0915
9.84,199.981,19.146
9.85,199.944,18.5985
9.86,199.908,18.4304
9.87,199.872,18.6234
9.88,-200.124,19.0408
9.89,-200.08,19.0876
9.9,-200.037,18.7056
9.91,-199.993,17.9166
9.92,-199.95,16.7422
9.93,200.046,15.3695
9.94,200.009,14.3774
9.95,199.971,13.7949
9.96,199.934,13.6029
9.97,199.897,13.7828
9.98,-200.1,14.1971
9.99,-200.057,14.2506
10,-200.015,13.8844
10.01,-199.972,13.1199
10.02,-199.929,11.9783
10.03,200.073,10.5989
10.04,200.035,9.57916
10.05,199.997,8.97981
10.06,199.958,8.78134
10.07,199.92,8.96442
10.08,-200.07,9.34415
10.09,-200.028,9.3436
10.1,-199.986,8.93569
10.11,-199.944,8.14129
10.12,-199.903,6.98096
10.13,200.098,5.5936
10.14,200.059,4.57612
10.15,200.02,3.98876
10.16,199.981,3.8115
10.17,199.942,4.0245
10.18,-200.042,4.38751
10.19,-200.001,4.35786
10.2,-199.96,3.93209
10.21,-199.919,3.13052
10.22,-199.879,1.97324
10.23,200.129,0.559213
10.24,200.089,-0.512148
10.25,200.049,-1.14074
10.26,200.009,-1.34713
10.27,199.969,-1.15169
10.28,-200.015,-0.795208
10.29,-199.976,-0.820875
10.3,-199.936,-1.23269
10.31,-199.896,-2.01084
10.32,-199.857,-3.13576
10.33,200.158,-4.54057
10.34,200.117,-5.63937
10.35,200.076,-6.28398
10.36,200.035,-6.49549
10.37,199.993,-6.29481
10.38,-199.984,-5.98578
10.39,-199.945,-6.06163
10.4,-199.906,-6.51086
10.41,-199.868,-7.31421
10.42,-199.829,-8.45268
10.43,200.185,-9.85992
10.44,200.143,-10.9506
10.45,200.1,-11.577
10.46,200.058,-11.7609
10.47,200.016,-11.5235
10.48,-199.963,-11.1694
10.49,-199.925,-11.1921
10.5,-199.887,-11.5808
10.51,-199.85,-12.3166
10.52,-199.812,-13.381
10.53,200.209,-14.732
10.54,200.166,-15.8136
10.55,200.122,-16.4218
10.56,200.079,-16.5789
10.57,200.036,-16.3066
10.58,-199.936,-15.98
10.59,-199.899,-16.0271
10.6,-199.862,-16.4295
10.61,-199.826,-17.1688
10.62,-199.789,-18.227
10.63,200.231,-19.5625
10.64,200.187,-20.6199
10.65,200.143,-21.1957
10.66,200.098,-21.3125
10.67,200.054,-20.9927
10.68,-199.91,-20.6895
10.69,-199.874,-20.7497
10.7,-199.839,-21.1551
10.71,-199.803,-21.888
10.72,-199.768,-22.9309
10.73,200.26,-24.2585
10.74,200.214,-25.361
10.75,200.169,-25.9705
10.76,200.124,-26.1099
10.77,200.079,-25.8022
10.78,-199.886,-25.501
10.79,-199.852,-25.5536
10.8,-199.817,-25.9424
10.81,-199.782,-26.6501
10.82,-199.748,-27.6597
10.83,-199.713,-28.9543
10.84,200.241,-30.0861
10.85,200.194,-30.7141
10.86,200.148,-30.8618
10.87,-199.89,-30.5605
10.88,-199.856,-30.326
10.89,-199.822,-30.4325
10.9,-199.789,-30.863
10.91,-199.755,-31.6007
10.92,-199.721,-32.629
10.93,-199.688,-33.9317
10.94,200.265,-35.0614
10.95,200.218,-35.6776
10.96,200.17,-35.8043
10.97,-199.869,-35.4735
10.98,-199.836,-35.2011
10.99,-199.803,-35.2621
11,-199.77,-35.6398
11.01,-199.738,-36.3179
11.02,-199.705,-37.2804
11.03,-199.673,-38.5112
11.04,200.287,-39.6414
11.05,200.239,-40.2492
11.06,200.191,-40.3589
11.07,-199.841,-40.0187
11.08,-199.809,-39.7905
11.09,-199.777,-39.8845
11.1,-199.745,-40.2845
11.11,-199.713,-40.9746
11.12,-199.682,-41.9394
11.13,-199.651,-43.1632
11.14,200.309,-44.2777
11.15,200.259,-44.8614
11.16,200.21,-44.9391
11.17,-199.815,-44.5833
11.18,-199.784,-44.3854
11.19,-199.753,-44.499
11.2,-199.722,-44.9087
11.21,-199.691,-45.599
11.22,-199.66,-46.5547
11.23,-199.63,-47.761
11.24,200.336,-48.9199
11.25,200.286,-49.5443
11.26,200.236,-49.6515
11.27,-199.79,-49.3145
11.28,-199.759,-49.1252
11.29,-199.729,-49.2377
11.3,-199.699,-49.6369
11.31,-199.67,-50.3081
11.32,-199.64,-51.2363
11.33,-199.61,-52.4073
11.34,200.363,-53.586
11.35,200.312,-54.2353
11.36,200.261,-54.3571
11.37,-199.758,-54.0562
11.38,-199.729,-53.9381
11.39,-199.7,-54.1089
11.4,-199.671,-54.5541
11.41,-199.642,-55.2591
11.42,-199.613,-56.2099
11.43,-199.585,-57.3925
11.44,200.387,-58.5726
11.45,200.336,-59.2133
11.46,200.284,-59.3171
11.47,-199.736,-58.9895
11.48,-199.708,-58.8362
11.49,-199.68,-58.964
11.5,-199.652,-59.3586
11.51,-199.624,-60.0063
11.52,-199.596,-60.8931
11.53,-199.569,-62.0058
11.54,200.41,-63.1651
11.55,200.357,-63.8
11.56,200.305,-63.8893
11.57,-199.708,-63.5783
11.58,-199.681,-63.4703
11.59,-199.654,-63.6319
11.6,-199.627,-64.0495
11.61,-199.6,-64.7098
11.62,-199.573,-65.5995
11.63,-199.546,-66.7056
11.64,200.432,-67.8494
11.65,200.378,-68.4604
11.66,200.324,-68.5179
11.67,-199.69,-68.1674
11.68,-199.663,-68.0129
11.69,-199.637,-68.1213
11.7,-199.611,-68.4797
11.71,-199.585,-69.0749
11.72,-199.559,-69.8941
11.73,-199.533,-70.9247
11.74,200.452,-72.0356
11.75,200.398,-72.6378
11.76,200.343,-72.6786
11.77,-199.664,-72.3514
11.78,-199.638,-72.2413
11.79,-199.613,-72.3838
11.8,-199.587,-72.7661
11.81,-199.562,-73.3756
11.82,-199.537,-74.2
11.83,-199.512,-75.2271
11.84,200.472,-76.3262
11.85,200.417,-76.9088
11.86,200.361,-76.9225
11.87,-199.638,-76.6161
11.88,-199.614,-76.5403
11.89,-199.589,-76.707
11.9,-199.565,-77.1038
11.91,-199.54,-77.7186
11.92,-199.516,-78.5395
11.93,-199.492,-79.5547
11.94,200.499,-80.6735
11.95,200.443,-81.3045
11.96,200.387,-81.3558
11.97,-199.614,-81.0762
11.98,-199.59,-81.0174
11.99,-199.566,-81.1913
12,-199.543,-81.5861
12.01,-199.52,-82.1903
12.02,-199.496,-82.9922
12.03,-199.473,-83.9807
12.04,200.518,-85.0654
12.05,200.46,-85.6554
12.06,200.403,-85.659
12.07,-199.59,-85.3884
12.08,-199.567,-85.3447
12.09,-199.545,-85.5245
12.1,-199.522,-85.9165
12.11,-199.499,-86.5095
12.12,-199.477,-87.2923
12.13,-199.455,-88.2541
12.14,200.543,-89.3366
12.15,200.485,-89.9624
12.16,200.427,-89.9916
12.17,-199.567,-89.7367
12.18,-199.545,-89.6995
12.19,-199.524,-89.877
12.2,-199.502,-90.2581
12.21,-199.48,-90.8322
12.22,-199.458,-91.5887
12.23,-199.437,-92.5169
12.24,200.56,-93.5592
12.25,200.501,-94.1384
12.26,200.442,-94.1151
12.27,-199.545,-93.8725
12.28,-199.524,-93.8463
12.29,-199.503,-94.0261
12.3,-199.482,-94.4014
12.31,-199.461,-94.9618
12.32,-199.44,-95.697
12.33,-199.42,-96.5971
12.34,200.584,-97.6283
12.35,200.525,-98.243
12.36,200.465,-98.2454
12.37,-199.523,-98.0191
12.38,-199.503,-98.0003
12.39,-199.483,-98.179
12.4,-199.463,-98.545
12.41,-199.442,-99.0885
12.42,-199.423,-99.7995
12.43,-199.403,-100.669
12.44,200.601,-101.662
12.45,200.54,-102.233
12.46,200.479,-102.186
12.47,-199.509,-101.905
12.48,-199.49,-101.827
12.49,-199.47,-101.942
12.5,-199.451,-102.239
12.51,-199.432,-102.71
12.52,-199.413,-103.346
12.53,-199.394,-104.136
12.54,200.617,-105.063
12.55,200.556,-105.627
12.56,200.495,-105.566
12.57,-199.487,-105.343
12.58,-199.468,-105.313
12.59,-199.449,-105.466
12.6,-199.431,-105.794
12.61,-199.412,-106.287
12.62,-199.394,-106.936
12.63,-199.375,-107.732
12.64,200.635,-108.658
12.65,200.573,-109.213
12.66,200.511,-109.137
12.67,-199.471,-108.893
12.68,-199.453,-108.836
12.69,-199.435,-108.957
12.7,-199.417,-109.246
12.71,-199.4,-109.696
12.72,-199.382,-110.298
12.73,-199.364,-111.042
12.74,-199.347,-111.92
12.75,200.591,-112.493
12.76,-199.464,-112.436
12.77,-199.447,-112.273
12.78,-199.43,-112.286
12.79,-199.412,-112.467
12.8,-199.395,-112.807
12.81,-199.378,-113.298
12.82,-199.361,-113.931
12.83,-199.344,-114.698
12.84,-199.327,-115.591
12.85,200.609,-116.171
12.86,-199.446,-116.113
12.87,-199.43,-115.942
12.88,-199.413,-115.94
12.89,-199.396,-116.1
12.9,-199.38,-116.413
12.91,-199.364,-116.871
12.92,-199.347,-117.465
12.93,-199.331,-118.189
12.94,-199.315,-119.034
12.95,200.621,-119.561
12.96,-199.427,-119.462
12.97,-199.411,-119.308
12.98,-199.396,-119.315
12.99,-199.38,-119.477
13,-199.364,-119.785
13.01,-199.348,-120.232
13.02,-199.333,-120.809
13.03,-199.317,-121.51
13.04,-199.302,-122.327
13.05,200.641,-122.899
13.06,-199.407,-122.836
13.07,-199.392,-122.708
13.08,-199.377,-122.735
13.09,-199.362,-122.908
13.1,-199.347,-123.221
13.11,-199.332,-123.665
13.12,-199.317,-124.233
13.13,-199.302,-124.919
13.14,-199.287,-125.714
13.15,200.655,-126.258
13.16,-199.394,-126.163
13.17,-199.38,-125.998
13.18,-199.365,-125.983
13.19,-199.351,-126.111
13.2,-199.336,-126.373
13.21,-199.322,-126.763
13.22,-199.307,-127.274
13.23,-199.293,-127.899
13.24,-199.279,-128.63
13.25,200.671,-129.179
13.26,-199.371,-129.113
13.27,-199.357,-129.025
13.28,-199.343,-129.077
13.29,-199.329,-129.261
13.3,-199.316,-129.572
13.31,-199.302,-130.002
13.32,-199.288,-130.544
13.33,-199.275,-131.192
13.34,-199.261,-131.939
13.35,200.688,-132.497
13.36,-199.355,-132.433
13.37,-199.341,-132.339
13.38,-199.328,-132.38
13.39,-199.315,-132.547
13.4,-199.302,-132.835
13.41,-199.289,-133.236
13.42,-199.276,-133.745
13.43,-199.263,-134.356
13.44,-199.25,-135.061
13.45,200.699,-135.572
13.46,-199.345,-135.458
13.47,-199.332,-135.311
13.48,-199.319,-135.295
13.49,-199.307,-135.403
13.5,-199.294,-135.628
13.51,-199.282,-135.965
13.52,-199.269,-136.407
13.53,-199.257,-136.949
13.54,-199.245,-137.584
13.55,200.704,-138.023
13.56,-199.34,-137.835
13.57,-199.328,-137.614
13.58,-199.316,-137.523
13.59,-199.304,-137.555
13.6,-199.291,-137.704
13.61,-199.279,-137.964
13.62,-199.267,-138.329
13.63,-199.255,-138.794
13.64,-199.243,-139.352
13.65,200.712,-139.777
13.66,-199.324,-139.62
13.67,-199.312,-139.471
13.68,-199.3,-139.443
13.69,-199.288,-139.533
13.7,-199.277,-139.732
13.71,-199.265,-140.037
13.72,-199.253,-140.44
13.73,-199.242,-140.937
13.74,-199.23,-141.521
13.75,200.725,-141.967
13.76,-199.311,-141.825
13.77,-199.3,-141.686
13.78,-199.289,-141.664
13.79,-199.277,-141.754
13.8,-199.266,-141.95
13.81,-199.255,-142.246
13.82,-199.244,-142.638
13.83,-199.232,-143.119
13.84,-199.221,-143.684
13.85,200.733,-144.108
13.86,-199.304,-143.94
13.87,-199.293,-143.773
13.88,-199.282,-143.72
13.89,-199.271,-143.776
13.9,-199.26,-143.936
13.91,-199.249,-144.195
13.92,-199.238,-144.546
13.93,-199.227,-144.986
13.94,-199.217,-145.507
13.95,200.738,-145.886
13.96,-199.3,-145.673
13.97,-199.289,-145.458
13.98,-199.278,-145.356
13.99,-199.268,-145.364
14,-199.257,-145.474
14.01,-199.247,-145.682
14.02,-199.236,-145.983
14.03,-199.226,-146.371
14.04,-199.215,-146.841
14.05,200.747,-147.224
14.06,-199.283,-147.073
14.07,-199.272,-146.954
14.08,-199.262,-146.94
14.09,-199.252,-147.028
14.1,-199.241,-147.212
14.11,-199.231,-147.486
14.12,-199.221,-147.846
14.13,-199.211,-148.287
14.14,-199.201,-148.804
14.15,200.761,-149.227
14.16,-199.269,-149.11
14.17,-199.259,-149.02
14.18,-199.249,-149.03
14.19,-199.24,-149.135
14.2,-199.23,-149.332
14.21,-199.22,-149.614
14.22,-199.21,-149.978
14.23,-199.201,-150.418
14.24,-199.191,-150.93
14.25,200.77,-151.344
14.26,-199.26,-151.215
14.27,-199.251,-151.108
14.28,-199.241,-151.099
14.29,-199.232,-151.182
14.3,-199.222,-151.353
14.31,-199.213,-151.608
14.32,-199.204,-151.941
14.33,-199.194,-152.348
14.34,-199.185,-152.825
14.35,200.776,-153.201
14.36,-199.255,-153.033
14.37,-199.246,-152.886
14.38,-199.237,-152.834
14.39,-199.228,-152.874
14.4,-199.219,-153
14.41,-199.209,-153.209
14.42,-199.2,-153.495
14.43,-199.192,-153.855
14.44,-199.183,-154.284
14.45,200.778,-154.612
14.46,-199.253,-154.395
14.47,-199.244,-154.199
14.48,-199.235,-154.098
14.49,-199.227,-154.088
14.5,-199.218,-154.165
14.51,-199.209,-154.325
14.52,-199.2,-154.562
14.53,-199.191,-154.873
14.54,-199.183,-155.254
14.55,200.778,-155.534
14.56,-199.253,-155.27
14.57,-199.245,-155.027
14.58,-199.236,-154.88
14.59,-199.227,-154.825
14.6,-199.219,-154.858
14.61,-199.21,-154.974
14.62,-199.201,-155.168
14.63,-199.193,-155.438
14.64,-199.184,-155.777
14.65,200.776,-156.018
14.66,-199.255,-155.715
14.67,-199.246,-155.434
14.68,-199.238,-155.25
14.69,-199.229,-155.159
14.7,-199.221,-155.157
14.71,-199.212,-155.24
14.72,-199.203,-155.402
14.73,-199.195,-155.64
14.74,-199.186,-155.95
14.75,200.774,-156.161
14.76,-199.257,-155.831
14.77,-199.249,-155.523
14.78,-199.24,-155.314
14.79,-199.231,-155.199
14.8,-199.223,-155.173
14.81,-199.214,-155.233
14.82,-199.205,-155.375
14.83,-199.197,-155.593
14.84,-199.188,-155.884
14.85,200.772,-156.077
14.86,-199.259,-155.73
14.87,-199.251,-155.406
14.88,-199.242,-155.182
14.89,-199.233,-155.053
14.9,-199.225,-155.015
14.91,-199.216,-155.064
14.92,-199.207,-155.194
14.93,-199.199,-155.402
14.94,-199.19,-155.684
14.95,200.77,-155.869
14.96,-199.261,-155.514
14.97,-199.253,-155.184
14.98,-199.244,-154.954
14.99,-199.235,-154.82
15,-199.226,-154.777
15.01,-199.218,-154.822
15.02,-199.209,-154.949
15.03,-199.2,-155.154
15.04,-199.192,-155.434
15.05,200.769,-155.618
15.06,-199.262,-155.262
15.07,-199.254,-154.932
15.08,-199.245,-154.702
15.09,-199.236,-154.569
15.1,-199.227,-154.528
15.11,-199.219,-154.574
15.12,-199.21,-154.703
15.13,-199.201,-154.911
15.14,-199.193,-155.193
15.15,200.768,-155.38
15.16,-199.263,-155.028
15.17,-199.255,-154.701
15.18,-199.246,-154.476
15.19,-199.237,-154.347
15.2,-199.228,-154.31
15.21,-199.219,-154.361
15.22,-199.21,-154.495
15.23,-199.202,-154.708
15.24,-199.193,-154.995
15.25,200.768,-155.188
15.26,-199.264,-154.841
15.27,-199.255,-154.52
15.28,-199.246,-154.3
15.29,-199.237,-154.176
15.3,-199.228,-154.145
15.31,-199.219,-154.202
15.32,-199.211,-154.342
15.33,-199.202,-154.561
15.34,-199.193,-154.854
15.35,200.768,-155.052
15.36,-199.264,-154.711
15.37,-199.255,-154.396
15.38,-199.246,-154.181
15.39,-199.237,-154.064
15.4,-199.228,-154.038
15.41,-199.219,-154.101
15.42,-199.211,-154.246
15.43,-199.202,-154.47
15.44,-199.193,-154.769
15.45,200.768,-154.972
15.46,-199.264,-154.636
15.47,-199.255,-154.326
15.48,-199.246,-154.117
15.49,-199.237,-154.004
15.5,-199.228,-153.983
15.51,-199.219,-154.05
15.52,-199.21,-154.2
15.53,-199.202,-154.428
15.54,-199.193,-154.731
15.55,200.768,-154.938
15.56,-199.263,-154.606
15.57,-199.255,-154.3
15.58,-199.246,-154.094
15.59,-199.237,-153.985
15.6,-199.228,-153.967
15.61,-199.219,-154.037
15.62,-199.21,-154.19
15.63,-199.201,-154.422
15.64,-199.193,-154.727
15.65,200.768,-154.937
15.66,-199.263,-154.608
15.67,-199.254,-154.304
15.68,-199.245,-154.1
15.69,-199.237,-153.993
15.7,-199.228,-153.978
15.71,-199.219,-154.05
15.72,-199.21,-154.205
15.73,-199.201,-154.438
15.74,-199.192,-154.745
15.75,200.768,-154.957
15.76,-199.263,-154.629
15.77,-199.254,-154.326
15.78,-199.245,-154.123
15.79,-199.236,-154.017
15.8,-199.227,-154.003
15.81,-199.219,-154.076
15.82,-199.21,-154.231
15.83,-199.201,-154.465
15.84,-199.192,-154.773
15.85,200.769,-154.985
15.86,-199.263,-154.657
15.87,-199.254,-154.355
15.88,-199.245,-154.153
15.89,-199.236,-154.047
15.9,-199.227,-154.033
15.91,-199.218,-154.105
15.92,-199.21,-154.261
15.93,-199.201,-154.495
15.94,-199.192,-154.803
15.95,200.769,-155.014
15.96,-199.263,-154.687
15.97,-199.254,-154.384
15.98,-199.245,-154.181
15.99,-199.236,-154.075
16,-199.227,-154.06
16.01,-199.218,-154.133
16.02,-199.209,-154.288
16.03,-199.201,-154.521
16.04,-199.192,-154.829
16.05,200.761,-154.985
16.06,-199.278,-154.542
16.07,-199.27,-154.092
16.08,-199.261,-153.75
16.09,-199.252,-153.512
16.1,-199.243,-153.373
16.11,-199.234,-153.329
16.12,-199.225,-153.374
16.13,-199.216,-153.505
16.14,-199.207,-153.717
16.15,200.746,-153.785
16.16,-199.293,-153.261
16.17,-199.284,-152.735
16.18,-199.274,-152.325
16.19,-199.265,-152.024
16.2,-199.256,-151.828
16.21,-199.246,-151.733
16.22,-199.237,-151.734
16.23,-199.228,-151.825
16.24,-199.218,-152.003
16.25,200.735,-152.041
16.26,-199.304,-151.492
16.27,-199.294,-150.947
16.28,-199.285,-150.521
16.29,-199.275,-150.209
16.3,-199.265,-150.007
16.31,-199.256,-149.908
16.32,-199.246,-149.91
16.33,-199.236,-150.005
16.34,-199.227,-150.191
16.35,200.727,-150.24
16.36,-199.311,-149.705
16.37,-199.301,-149.176
16.38,-199.291,-148.769
16.39,-199.281,-148.48
16.4,-199.271,-148.301
16.41,-199.261,-148.229
16.42,-199.251,-148.259
16.43,-199.241,-148.385
16.44,-199.231,-148.602
16.45,200.715,-148.622
16.46,-199.331,-148.015
16.47,-199.321,-147.376
16.48,-199.311,-146.867
16.49,-199.3,-146.485
16.5,-199.29,-146.222
16.51,-199.279,-146.073
16.52,-199.269,-146.035
16.53,-199.258,-146.1
16.54,-199.248,-146.264
16.55,200.698,-146.238
16.56,-199.347,-145.593
16.57,-199.336,-144.921
16.58,-199.325,-144.387
16.59,-199.315,-143.984
16.6,-199.304,-143.707
16.61,-199.293,-143.551
16.62,-199.282,-143.509
16.63,-199.271,-143.577
16.64,-199.26,-143.748
16.65,200.687,-143.734
16.66,-199.358,-143.105
16.67,-199.346,-142.453
16.68,-199.335,-141.943
16.69,-199.324,-141.567
16.7,-199.312,-141.322
16.71,-199.301,-141.2
16.72,-199.289,-141.195
16.73,-199.278,-141.302
16.74,-199.266,-141.516
16.75,200.681,-141.546
16.76,-199.364,-140.964
16.77,-199.352,-140.361
16.78,-199.34,-139.901
16.79,-199.328,-139.578
16.8,-199.317,-139.385
16.81,-199.305,-139.317
16.82,-199.293,-139.368
16.83,-199.281,-139.532
16.84,-199.269,-139.802
16.85,200.67,-139.82
16.86,-199.382,-139.198
16.87,-199.37,-138.506
16.88,-199.358,-137.966
16.89,-199.345,-137.57
16.9,-199.333,-137.312
16.91,-199.321,-137.186
16.92,-199.309,-137.186
16.93,-199.296,-137.305
16.94,-199.284,-137.538
16.95,200.656,-137.525
16.96,-199.396,-136.877
16.97,-199.383,-136.166
16.98,-199.371,-135.611
16.99,-199.358,-135.207
17,-199.345,-134.946
17.01,-199.332,-134.821
17.02,-199.32,-134.827
17.03,-199.307,-134.957
17.04,-199.294,-135.204
17.05,200.646,-135.209
17.06,-199.413,-134.567
17.07,-199.4,-133.804
17.08,-199.387,-133.205
17.09,-199.374,-132.763
17.1,-199.36,-132.471
17.11,-199.347,-132.322
17.12,-199.334,-132.309
17.13,-199.32,-132.426
17.14,-199.307,-132.666
17.15,200.626,-132.592
17.16,-199.433,-131.879
17.17,-199.419,-131.055
17.18,-199.406,-130.403
17.19,-199.392,-129.915
17.2,-199.378,-129.586
17.21,-199.364,-129.407
17.22,-199.35,-129.372
17.23,-199.337,-129.473
17.24,-199.323,-129.704
17.25,200.611,-129.627
17.26,-199.447,-128.918
17.27,-199.433,-128.102
17.28,-199.419,-127.464
17.29,-199.404,-126.996
17.3,-199.39,-126.69
17.31,-199.376,-126.54
17.32,-199.361,-126.538
17.33,-199.347,-126.676
17.34,200.66,-126.939
17.35,200.594,-126.828
17.36,200.529,-126.085
17.37,-199.457,-125.172
17.38,-199.442,-124.448
17.39,-199.427,-123.903
17.4,-199.412,-123.531
17.41,-199.397,-123.324
17.42,-199.382,-123.274
17.43,-199.367,-123.373
17.44,200.64,-123.605
17.45,200.575,-123.472
17.46,200.51,-122.713
17.47,-199.474,-121.793
17.48,-199.459,-121.068
17.49,-199.443,-120.53
17.5,-199.427,-120.171
17.51,-199.412,-119.982
17.52,-199.396,-119.956
17.53,-199.38,-120.084
17.54,200.62,-120.335
17.55,200.555,-120.164
17.56,200.491,-119.376
17.57,-199.501,-118.357
17.58,-199.484,-117.544
17.59,-199.468,-116.929
17.6,-199.452,-116.504
17.61,-199.435,-116.26
17.62,-199.419,-116.189
17.63,-199.402,-116.282
17.64,200.598,-116.507
17.65,200.535,-116.318
17.66,200.471,-115.521
17.67,-199.52,-114.501
17.68,-199.503,-113.695
17.69,-199.486,-113.094
17.7,-199.468,-112.69
17.71,-199.451,-112.473
17.72,-199.434,-112.435
17.73,-199.417,-112.567
17.74,200.585,-112.837
17.75,200.522,-112.697
17.76,200.459,-111.954
17.77,-199.539,-110.922
17.78,-199.522,-110.104
17.79,-199.504,-109.499
17.8,-199.486,-109.098
17.81,-199.468,-108.892
17.82,-199.45,-108.87
17.83,-199.432,-109.025
17.84,200.562,-109.299
17.85,200.5,-109.117
17.86,200.438,-108.341
17.87,-199.559,-107.284
17.88,-199.541,-106.45
17.89,-199.522,-105.837
17.9,-199.504,-105.435
17.91,-199.485,-105.235
17.92,-199.466,-105.227
17.93,-199.448,-105.402
17.94,200.547,-105.702
17.95,200.486,-105.552
17.96,200.425,-104.813
17.97,-199.58,-103.736
17.98,-199.561,-102.875
17.99,-199.542,-102.242
18,-199.523,-101.829
18.01,-199.503,-101.626
18.02,-199.484,-101.621
18.03,-199.464,-101.807
18.04,200.523,-102.093
18.05,200.463,-101.89
18.06,200.402,-101.108
18.07,-199.602,-99.9975
18.08,-199.582,-99.1114
18.09,-199.562,-98.4631
18.1,-199.542,-98.0424
18.11,-199.522,-97.8388
18.12,-199.501,-97.842
18.13,-199.481,-98.0419
18.14,200.507,-98.3491
18.15,200.447,-98.1739
18.16,200.387,-97.4254
18.17,-199.624,-96.299
18.18,-199.603,-95.3822
18.19,-199.583,-94.7121
18.2,-199.562,-94.2779
18.21,-199.541,-94.0689
18.22,-199.52,-94.0745
18.23,-199.499,-94.2839
18.24,200.482,-94.5683
18.25,200.423,-94.3403
18.26,200.364,-93.5491
18.27,-199.647,-92.3899
18.28,-199.625,-91.4494
18.29,-199.603,-90.7646
18.3,-199.582,-90.3242
18.31,-199.56,-90.1171
18.32,-199.538,-90.1321
18.33,-199.516,-90.3583
18.34,200.457,-90.6192
18.35,200.399,-90.346
18.36,200.341,-89.5197
18.37,-199.677,-88.2878
18.38,-199.655,-87.2556
18.39,-199.632,-86.4918
18.4,-199.61,-85.9848
18.41,-199.587,-85.7228
18.42,-199.564,-85.6943
18.43,-199.542,-85.8879
18.44,200.433,-86.1265
18.45,200.376,-85.8409
18.46,200.318,-85.0118
18.47,-199.698,-83.786
18.48,-199.675,-82.7685
18.49,-199.652,-82.0275
18.5,-199.628,-81.5508
18.51,-199.605,-81.3264
18.52,-199.581,-81.3424
18.53,-199.558,-81.5867
18.54,200.41,-81.8272
18.55,200.353,-81.5289
18.56,200.297,-80.696
18.57,-199.727,-79.4358
18.58,-199.703,-78.3558
18.59,-199.679,-77.564
18.6,-199.654,-77.0478
18.61,-199.63,-76.7947
18.62,-199.605,-76.7922
18.63,-199.581,-77.028
18.64,200.387,-77.2692
18.65,200.332,-76.9806
18.66,200.276,-76.166
18.67,-199.747,-74.932
18.68,-199.722,-73.8856
18.69,-199.696,-73.1347
18.7,-199.671,-72.6661
18.71,-199.646,-72.4668
18.72,-199.62,-72.5239
18.73,-199.595,-72.8248
18.74,200.366,-73.0737
18.75,200.311,-72.7853
18.76,200.257,-71.9791
18.77,-199.774,-70.7298
18.78,-199.748,-69.631
18.79,-199.722,-68.8384
18.8,-199.695,-68.3387
18.81,-199.669,-68.1183
18.82,-199.643,-68.164
18.83,-199.617,-68.4626
18.84,200.345,-68.7177
18.85,200.291,-68.444
18.86,200.238,-67.6602
18.87,-199.8,-66.4168
18.88,-199.773,-65.2781
18.89,-199.746,-64.4563
18.9,-199.719,-63.9372
18.91,-199.692,-63.7072
18.92,-199.665,-63.7523
18.93,-199.638,-64.059
18.94,200.317,-64.2604
18.95,200.264,-63.9366
18.96,200.212,-63.1141
18.97,-199.825,-61.8429
18.98,-199.797,-60.6867
18.99,-199.769,-59.8572
19,-199.741,-59.34
19.01,-199.713,-59.1207
19.02,-199.685,-59.185
19.03,-199.657,-59.519
19.04,200.291,-59.6774
19.05,200.239,-59.3218
19.06,200.187,-58.4781
19.07,-199.857,-57.18
19.08,-199.828,-55.9454
19.09,-199.799,-55.0507
19.1,-199.77,-54.4809
19.11,-199.741,-54.2212
19.12,-199.712,-54.2567
19.13,-199.683,-54.5729
19.14,200.266,-54.7242
19.15,200.215,-54.3716
19.16,200.164,-53.5404
19.17,-199.879,-52.2639
19.18,-199.849,-51.0596
19.19,-199.819,-50.2032
19.2,-199.789,-49.6794
19.21,-199.759,-49.4728
19.22,-199.729,-49.5682
19.23,200.292,-49.9426
19.24,200.242,-50.0884
19.25,200.192,-49.7397
19.26,200.142,-48.9214
19.27,200.093,-47.6582
19.28,-199.877,-46.4057
19.29,-199.846,-45.5127
19.3,-199.815,-44.9633
19.31,-199.784,-44.7416
19.32,-199.753,-44.832
19.33,200.27,-45.2109
19.34,200.22,-45.3703
19.35,200.171,-45.0438
19.36,200.122,-44.2558
19.37,200.074,-43.0306
19.38,-199.903,-41.7455
19.39,-199.871,-40.8307
19.4,-199.839,-40.2697
19.41,-199.807,-40.0463
19.42,-199.775,-40.1442
19.43,200.24,-40.5236
19.44,200.192,-40.6308
19.45,200.144,-40.2639
19.46,200.096,-39.447
19.47,200.048,-38.2037
19.48,-199.927,-36.9109
19.49,-199.895,-35.9982
19.5,-199.862,-35.4488
19.51,-199.829,-35.2458
19.52,-199.796,-35.3726
19.53,200.213,-35.7651
19.54,200.165,-35.84
19.55,200.118,-35.4518
19.56,200.071,-34.6241
19.57,200.024,-33.38
19.58,-199.958,-32.0258
19.59,-199.924,-31.0567
19.6,-199.891,-30.4633
19.61,-199.857,-30.2283
19.62,-199.823,-30.3346
19.63,200.187,-30.7174
19.64,200.141,-30.7931
19.65,200.095,-30.4155
19.66,200.049,-29.6077
19.67,200.003,-28.3925
19.68,-199.979,-27.0755
19.69,-199.944,-26.1516
19.7,-199.909,-25.6108
19.71,-199.874,-25.4353
19.72,-199.84,-25.6075
19.73,200.163,-26.0307
19.74,200.118,-26.1078
19.75,200.073,-25.7408
19.76,200.028,-24.9523
19.77,199.983,-23.7645
19.78,-200.006,-22.4201
19.79,-199.97,-21.464
19.8,-199.934,-20.9018
19.81,-199.899,-20.7153
19.82,-199.863,-20.8863
19.83,200.141,-21.3176
19.84,200.096,-21.4117
19.85,200.052,-21.07
19.86,200.008,-20.3148
19.87,199.964,-19.1678
19.88,-200.032,-17.8163
19.89,-199.995,-16.8396
19.9,-199.958,-16.2668
19.91,-199.922,-16.0794
19.92,-199.885,-16.2586
19.93,200.112,-16.6675
19.94,200.068,-16.7109
19.95,200.025,-16.3303
19.96,199.982,-15.5474
19.97,199.939,-14.3834
19.98,-200.056,-13.0252
19.99,-200.018,-12.0515
20,-199.981,-11.4911
20.01,-199.943,-11.3247
20.02,-199.905,-11.5332
20.03,200.084,-11.9321
20.04,200.042,-11.9448
20.05,200,-11.5443
20.06,199.957,-10.7518
20.07,199.915,-9.58812
20.08,-200.086,-8.1925
20.09,-200.048,-7.16205
20.1,-200.009,-6.55728
20.11,-199.97,-6.35841
20.12,-199.932,-6.54587
20.13,200.059,-6.93452
20.14,200.017,-6.94718
20.15,199.976,-6.55655
20.16,199.935,-5.78324
20.17,199.894,-4.6476
20.18,-200.115,-3.24891
20.19,-200.075,-2.18684
20.2,-200.036,-1.56177
20.21,-199.996,-1.35343
20.22,-199.956,-1.54171
20.23,200.027,-1.8861
20.24,199.987,-1.84366
20.25,199.947,-1.41066
20.26,199.907,-0.607185
20.27,199.867,0.546963
20.28,-200.141,1.95306
20.29,-200.1,3.01194
20.3,-200.06,3.62376
20.31,-200.019,3.80932
20.32,-199.978,3.58924
20.33,199.998,3.2671
20.34,199.959,3.3358
20.35,199.92,3.7836
20.36,199.881,4.59095
20.37,199.842,5.73857
20.38,-200.173,7.15985
20.39,-200.131,8.26915
20.4,-200.089,8.91859
20.41,-200.048,9.12951
20.42,-200.006,8.92309
20.43,199.972,8.60345
20.44,199.934,8.66406
20.45,199.895,9.09369
20.46,199.857,9.87333
20.47,199.82,10.9842
20.48,-200.194,12.3603
20.49,-200.151,13.4164
20.5,-200.108,14.0051
20.51,-200.066,14.1483
20.52,-200.023,13.8677
20.53,199.948,13.5379
20.54,199.911,13.5869
20.55,199.873,13.9957
20.56,199.836,14.7459
20.57,199.8,15.8193
20.58,-200.221,17.174
20.59,-200.177,18.2543
20.6,-200.134,18.8566
20.61,-200.09,19.0031
20.62,-200.046,18.7161
20.63,199.926,18.3708
20.64,199.889,18.3954
20.65,199.853,18.7717
20.66,199.817,19.4816
20.67,199.781,20.5073
20.68,-200.246,21.8233
20.69,-200.202,22.9197
20.7,-200.157,23.5281
20.71,-200.112,23.6713
20.72,-200.068,23.3719
20.73,199.897,23.0834
20.74,199.862,23.1529
20.75,199.826,23.5624
20.76,199.791,24.2945
20.77,199.756,25.3319
20.78,-200.27,26.6495
20.79,-200.225,27.738
20.8,-200.179,28.3293
20.81,-200.133,28.4469
20.82,199.904,28.1217
20.83,199.87,27.8693
20.84,199.836,27.9635
20.85,199.801,28.3872
20.86,199.767,29.1233
20.87,199.733,30.155
20.88,199.699,31.4657
20.89,-200.254,32.6079
20.9,-200.207,33.2408
20.91,-200.16,33.3882
20.92,199.878,33.0817
20.93,199.845,32.8373
20.94,199.811,32.9295
20.95,199.778,33.3414
20.96,199.745,34.0565
20.97,199.712,35.0586
20.98,199.679,36.3315
20.99,-200.281,37.5061
21,-200.233,38.1601
21.01,-200.186,38.3179
21.02,199.846,38.0275
21.03,199.814,37.8506
21.04,199.781,37.9971
21.05,199.749,38.4507
21.06,199.717,39.1955
21.07,199.685,40.2156
21.08,199.653,41.4956
21.09,-200.306,42.6666
21.1,-200.257,43.3072
21.11,-200.209,43.4422
21.12,199.824,43.12
21.13,199.793,42.9028
21.14,199.761,43.0011
21.15,199.73,43.399
21.16,199.699,44.0812
21.17,199.668,45.0322
21.18,199.637,46.2369
21.19,-200.329,47.3974
21.2,-200.279,48.0262
21.21,-200.23,48.1406
21.22,199.796,47.8135
21.23,199.766,47.6364
21.24,199.735,47.7635
21.25,199.705,48.1796
21.26,199.675,48.8695
21.27,199.645,49.8185
21.28,199.615,51.012
21.29,-200.35,52.1523
21.3,-200.3,52.7526
21.31,-200.249,52.8307
21.32,199.769,52.4914
21.33,199.74,52.3397
21.34,199.711,52.4818
21.35,199.681,52.9028
21.36,199.652,53.5881
21.37,199.623,54.5235
21.38,199.594,55.6947
21.39,-200.378,56.8673
21.4,-200.327,57.5043
21.41,-200.275,57.6079
21.42,199.744,57.2834
21.43,199.716,57.1365
21.44,199.688,57.2736
21.45,199.659,57.6805
21.46,199.631,58.343
21.47,199.603,59.2474
21.48,199.575,60.3799
21.49,-200.397,61.5064
21.5,-200.344,62.0904
21.51,-200.292,62.1347
21.52,199.721,61.7843
21.53,199.693,61.6424
21.54,199.666,61.7754
21.55,199.638,62.1694
21.56,199.611,62.811
21.57,199.584,63.6867
21.58,199.557,64.7831
21.59,-200.422,65.9216
21.6,-200.368,66.5313
21.61,-200.315,66.5912
21.62,199.698,66.247
21.63,199.672,66.1021
21.64,199.645,66.2235
21.65,199.619,66.5979
21.66,199.592,67.212
21.67,199.566,68.0529
21.68,199.54,69.1077
21.69,-200.446,70.2452
21.7,-200.392,70.8762
21.71,-200.337,70.9479
21.72,199.669,70.6534
21.73,199.643,70.5778
21.74,199.617,70.7563
21.75,199.592,71.176
21.76,199.566,71.8243
21.77,199.541,72.6885
21.78,199.516,73.7565
21.79,-200.469,74.8974
21.8,-200.414,75.5225
21.81,-200.359,75.5793
21.82,199.648,75.2617
21.83,199.624,75.155
21.84,199.599,75.295
21.85,199.574,75.6692
21.86,199.549,76.2653
21.87,199.525,77.0713
21.88,199.501,78.0752
21.89,-200.491,79.1861
21.9,-200.435,79.8127
21.91,-200.379,79.8625
21.92,199.621,79.5847
21.93,199.597,79.5303
21.94,199.573,79.7114
21.95,199.549,80.116
21.96,199.525,80.7323
21.97,199.502,81.5486
21.98,199.479,82.5537
21.99,-200.513,83.6569
22,-200.456,84.2673
22.01,-200.399,84.293
22.02,199.602,83.9835
22.03,199.579,83.8904
22.04,199.556,84.0261
22.05,199.533,84.3791
22.06,199.51,84.9379
22.07,199.488,85.6915
22.08,199.465,86.6285
22.09,-200.533,87.6908
22.1,-200.475,88.3004
22.11,-200.417,88.3176
22.12,199.576,88.0546
22.13,199.554,88.013
22.14,199.532,88.1895
22.15,199.51,88.5731
22.16,199.488,89.1529
22.17,199.466,89.918
22.18,199.444,90.8578
22.19,-200.553,91.9142
22.2,-200.495,92.5102
22.21,-200.436,92.506
22.22,199.559,92.2145
22.23,199.537,92.1376
22.24,199.516,92.2724
22.25,199.495,92.6084
22.26,199.473,93.1349
22.27,199.452,93.8416
22.28,199.431,94.7182
22.29,-200.573,95.7307
22.3,-200.514,96.3314
22.31,-200.454,96.3242
22.32,199.533,96.0926
22.33,199.512,96.0725
22.34,199.492,96.2538
22.35,199.471,96.626
22.36,199.451,97.1791
22.37,199.431,97.9031
22.38,199.411,98.7882
22.39,-200.593,99.8008
22.4,-200.533,100.394
22.41,-200.473,100.371
22.42,199.515,100.117
22.43,199.496,100.067
22.44,199.476,100.212
22.45,199.456,100.543
22.46,199.437,101.048
22.47,199.417,101.72
22.48,199.398,102.547
22.49,-200.613,103.513
22.5,-200.552,104.116
22.51,-200.491,104.097
22.52,199.49,103.915
22.53,199.471,103.928
22.54,199.452,104.124
22.55,199.433,104.496
22.56,199.414,105.033
22.57,199.395,105.726
22.58,199.377,106.567
22.59,-200.634,107.537
22.6,-200.572,108.137
22.61,-200.51,108.106
22.62,199.472,107.906
22.63,199.454,107.893
22.64,199.435,108.057
22.65,199.417,108.391
22.66,199.399,108.884
22.67,199.381,109.527
22.68,199.364,110.313
22.69,-200.646,111.225
22.7,-200.583,111.761
22.71,199.471,111.67
22.72,199.454,111.477
22.73,199.436,111.462
22.74,199.419,111.619
22.75,199.401,111.938
22.76,199.384,112.41
22.77,199.367,113.027
22.78,199.35,113.78
22.79,199.333,114.662
22.8,-200.604,115.233
22.81,199.451,115.169
22.82,199.435,114.994
22.83,199.418,114.99
22.84,199.401,115.149
22.85,199.384,115.464
22.86,199.368,115.925
22.87,199.351,116.525
22.88,199.335,117.255
22.89,199.319,118.108
22.9,-200.617,118.645
22.91,199.439,118.542
22.92,199.423,118.322
22.93,199.407,118.27
22.94,199.39,118.377
22.95,199.374,118.636
22.96,199.358,119.037
22.97,199.343,119.574
22.98,199.327,120.239
22.99,199.311,121.024
23,-200.632,121.568
23.01,199.416,121.481
23.02,199.401,121.334
23.03,199.385,121.344
23.04,199.37,121.505
23.05,199.354,121.808
23.06,199.339,122.246
23.07,199.324,122.812
23.08,199.309,123.497
23.09,199.294,124.295
23.1,-200.649,124.845
23.11,199.4,124.757
23.12,199.385,124.603
23.13,199.371,124.6
23.14,199.356,124.742
23.15,199.341,125.021
23.16,199.326,125.43
23.17,199.312,125.961
23.18,199.297,126.607
23.19,199.283,127.362
23.2,-200.659,127.865
23.21,199.391,127.727
23.22,199.376,127.519
23.23,199.362,127.46
23.24,199.348,127.542
23.25,199.334,127.758
23.26,199.32,128.102
23.27,199.305,128.567
23.28,199.292,129.144
23.29,199.278,129.829
23.3,-200.672,130.331
23.31,199.37,130.218
23.32,199.357,130.083
23.33,199.343,130.088
23.34,199.329,130.227
23.35,199.316,130.491
23.36,199.302,130.876
23.37,199.288,131.373
23.38,199.275,131.977
23.39,199.262,132.681
23.4,-200.687,133.195
23.41,199.356,133.088
23.42,199.343,132.954
23.43,199.329,132.953
23.44,199.316,133.081
23.45,199.303,133.33
23.46,199.29,133.694
23.47,199.277,134.166
23.48,199.264,134.74
23.49,199.252,135.41
23.5,-200.697,135.888
23.51,199.347,135.741
23.52,199.334,135.562
23.53,199.321,135.515
23.54,199.309,135.593
23.55,199.296,135.79
23.56,199.284,136.1
23.57,199.271,136.515
23.58,199.259,137.032
23.59,199.247,137.642
23.6,-200.709,138.121
23.61,199.326,138.017
23.62,199.314,137.922
23.63,199.302,137.95
23.64,199.29,138.094
23.65,199.278,138.349
23.66,199.266,138.708
23.67,199.254,139.167
23.68,199.242,139.718
23.69,199.231,140.357
23.7,-200.725,140.857
23.71,199.311,140.769
23.72,199.3,140.682
23.73,199.288,140.713
23.74,199.277,140.855
23.75,199.265,141.101
23.76,199.254,141.448
23.77,199.242,141.889
23.78,199.231,142.418
23.79,199.22,143.031
23.8,-200.735,143.5
23.81,199.302,143.378
23.82,199.291,143.254
23.83,199.28,143.244
23.84,199.269,143.342
23.85,199.258,143.543
23.86,199.247,143.841
23.87,199.236,144.23
23.88,199.225,144.706
23.89,199.214,145.264
23.9,-200.74,145.677
23.91,199.297,145.496
23.92,199.287,145.313
23.93,199.276,145.242
23.94,199.265,145.278
23.95,199.255,145.417
23.96,199.244,145.651
23.97,199.234,145.977
23.98,199.223,146.39
23.99,199.213,146.883
24,-200.75,147.287
24.01,199.28,147.157
24.02,199.27,147.057
24.03,199.26,147.062
24.04,199.249,147.166
24.05,199.239,147.366
24.06,199.229,147.655
24.07,199.219,148.029
24.08,199.209,148.483
24.09,199.199,149.011
24.1,-200.763,149.445
24.11,199.267,149.338
24.12,199.257,149.256
24.13,199.247,149.274
24.14,199.238,149.387
24.15,199.228,149.59
24.16,199.218,149.878
24.17,199.208,150.246
24.18,199.199,150.69
24.19,199.189,151.206
24.2,-200.772,151.622
24.21,199.259,151.495
24.22,199.249,151.389
24.23,199.24,151.38
24.24,199.23,151.463
24.25,199.221,151.634
24.26,199.212,151.887
24.27,199.202,152.218
24.28,199.193,152.624
24.29,199.184,153.098
24.3,-200.777,153.471
24.31,199.254,153.3
24.32,199.245,153.149
24.33,199.236,153.094
24.34,199.227,153.129
24.35,199.218,153.251
24.36,199.209,153.455
24.37,199.2,153.736
24.38,199.191,154.09
24.39,199.182,154.514
24.4,-200.779,154.836
24.41,199.253,154.613
24.42,199.244,154.411
24.43,199.235,154.304
24.44,199.226,154.288
24.45,199.217,154.358
24.46,199.209,154.512
24.47,199.2,154.743
24.48,199.191,155.047
24.49,199.182,155.421
24.5,-200.778,155.695
24.51,199.253,155.425
24.52,199.245,155.175
24.53,199.236,155.022
24.54,199.227,154.96
24.55,199.219,154.986
24.56,199.21,155.096
24.57,199.201,155.284
24.58,199.193,155.548
24.59,199.184,155.881
24.6,-200.776,156.116
24.61,199.255,155.807
24.62,199.247,155.52
24.63,199.238,155.331
24.64,199.229,155.235
24.65,199.221,155.227
24.66,199.212,155.304
24.67,199.203,155.461
24.68,199.195,155.695
24.69,199.186,155.999
24.7,-200.774,156.206
24.71,199.257,155.871
24.72,199.249,155.558
24.73,199.24,155.345
24.74,199.232,155.226
24.75,199.223,155.197
24.76,199.214,155.253
24.77,199.206,155.391
24.78,199.197,155.605
24.79,199.189,155.892
24.8,-200.772,156.083
24.81,199.26,155.732
24.82,199.251,155.406
24.83,199.242,155.179
24.84,199.234,155.048
24.85,199.225,155.007
24.86,199.216,155.053
24.87,199.208,155.181
24.88,199.199,155.387
24.89,199.19,155.667
24.9,-200.77,155.85
24.91,199.261,155.493
24.92,199.253,155.161
24.93,199.244,154.93
24.94,199.235,154.795
24.95,199.227,154.751
24.96,199.218,154.794
24.97,199.209,154.921
24.98,199.2,155.125
24.99,199.192,155.404
25,-200.769,155.587
25.01,199.263,155.231
25.02,199.254,154.9
25.03,199.245,154.67
25.04,199.236,154.536
25.05,199.228,154.495
25.06,199.219,154.541
25.07,199.21,154.67
25.08,199.201,154.878
25.09,199.193,155.16
25.1,-200.768,155.347
25.11,199.263,154.995
25.12,199.255,154.669
25.13,199.246,154.443
25.14,199.237,154.314
25.15,199.228,154.278
25.16,199.219,154.329
25.17,199.211,154.464
25.18,199.202,154.677
25.19,199.193,154.965
25.2,-200.768,155.158
25.21,199.264,154.812
25.22,199.255,154.491
25.23,199.246,154.272
25.24,199.237,154.149
25.25,199.228,154.119
25.26,199.22,154.176
25.27,199.211,154.317
25.28,199.202,154.537
25.29,199.193,154.831
25.3,-200.767,155.03
25.31,199.264,154.689
25.32,199.255,154.375
25.33,199.246,154.161
25.34,199.237,154.044
25.35,199.228,154.02
25.36,199.219,154.083
25.37,199.211,154.229
25.38,199.202,154.454
25.39,199.193,154.753
25.4,-200.768,154.957
25.41,199.264,154.622
25.42,199.255,154.312
25.43,199.246,154.104
25.44,199.237,153.992
25.45,199.228,153.972
25.46,199.219,154.039
25.47,199.21,154.19
25.48,199.202,154.419
25.49,199.193,154.722
25.5,-200.768,154.93
25.51,199.263,154.599
25.52,199.255,154.293
25.53,199.246,154.088
25.54,199.237,153.979
25.55,199.228,153.962
25.56,199.219,154.033
25.57,199.21,154.186
25.58,199.201,154.418
25.59,199.193,154.724
25.6,-200.768,154.935
25.61,199.263,154.606
25.62,199.254,154.302
25.63,199.245,154.099
25.64,199.236,153.992
25.65,199.228,153.977
25.66,199.219,154.05
25.67,199.21,154.205
25.68,199.201,154.438
25.69,199.192,154.746
25.7,-200.768,154.958
25.71,199.263,154.63
25.72,199.254,154.327
25.73,199.245,154.125
25.74,199.236,154.019
25.75,199.227,154.005
25.76,199.218,154.078
25.77,199.21,154.234
25.78,199.201,154.468
25.79,199.192,154.776
25.8,-200.769,154.988
25.81,199.263,154.661
25.82,199.254,154.358
25.83,199.245,154.156
25.84,199.236,154.05
25.85,199.227,154.036
25.86,199.218,154.109
25.87,199.21,154.265
25.88,199.201,154.499
25.89,199.192,154.806
25.9,-200.769,155.018
25.91,199.263,154.691
25.92,199.254,154.388
25.93,199.245,154.185
25.94,199.236,154.079
25.95,199.227,154.064
25.96,199.218,154.137
25.97,199.209,154.292
25.98,199.201,154.525
25.99,199.192,154.832
26,-200.769,155.044
26.01,199.262,154.715
26.02,199.254,154.412
26.03,199.245,154.209
26.04,199.236,154.102
26.05,199.227,154.086
26.06,199.218,154.158
26.07,199.209,154.312
26.08,199.201,154.545
26.09,199.192,154.852
26.1,-200.761,155.007
26.11,199.278,154.564
26.12,199.27,154.113
26.13,199.261,153.77
26.14,199.252,153.531
26.15,199.243,153.391
26.16,199.234,153.346
26.17,199.225,153.391
26.18,199.216,153.521
26.19,199.207,153.733
26.2,-200.746,153.8
26.21,199.293,153.275
26.22,199.284,152.748
26.23,199.274,152.337
26.24,199.265,152.036
26.25,199.256,151.839
26.26,199.246,151.743
26.27,199.237,151.743
26.28,199.228,151.834
26.29,199.218,152.011
26.3,-200.735,152.049
26.31,199.304,151.499
26.32,199.294,150.953
26.33,199.285,150.527
26.34,199.275,150.214
26.35,199.265,150.011
26.36,199.256,149.913
26.37,199.246,149.913
26.38,199.236,150.008
26.39,199.227,150.193
26.4,-200.727,150.242
26.41,199.311,149.707
26.42,199.301,149.178
26.43,199.291,148.77
26.44,199.282,148.48
26.45,199.271,148.301
26.46,199.261,148.229
26.47,199.251,148.258
26.48,199.241,148.384
26.49,199.231,148.601
26.5,-200.715,148.621
26.51,199.331,148.014
26.52,199.321,147.374
26.53,199.311,146.865
26.54,199.3,146.482
26.55,199.29,146.219
26.56,199.279,146.071
26.57,199.269,146.032
26.58,199.258,146.097
26.59,199.248,146.261
26.6,-200.698,146.235
26.61,199.347,145.589
26.62,199.336,144.918
26.63,199.325,144.383
26.64,199.315,143.98
26.65,199.304,143.704
26.66,199.293,143.547
26.67,199.282,143.505
26.68,199.271,143.573
26.69,199.26,143.744
26.7,-200.687,143.73
26.71,199.358,143.101
26.72,199.346,142.449
26.73,199.335,141.939
26.74,199.324,141.564
26.75,199.312,141.318
26.76,199.301,141.196
26.77,199.289,141.191
26.78,199.278,141.298
26.79,199.266,141.512
26.8,-200.673,141.472
26.81,199.38,140.792
26.82,199.368,140.042
26.83,199.356,139.443
26.84,199.344,138.989
26.85,199.332,138.673
26.86,199.32,138.489
26.87,199.308,138.431
26.88,199.296,138.493
26.89,199.284,138.669
26.9,-200.656,138.599
26.91,199.396,137.896
26.92,199.384,137.13
26.93,199.371,136.521
26.94,199.359,136.063
26.95,199.346,135.75
26.96,199.334,135.574
26.97,199.321,135.529
26.98,199.308,135.61
26.99,199.296,135.809
27,-200.645,135.767
27.01,199.407,135.095
27.02,199.394,134.365
27.03,199.381,133.796
27.04,199.368,133.381
27.05,199.355,133.114
27.06,199.342,132.987
27.07,199.328,132.994
27.08,199.315,133.128
27.09,199.302,133.384
27.1,-200.631,133.322
27.11,199.428,132.621
27.12,199.415,131.806
27.13,199.401,131.161
27.14,199.388,130.679
27.15,199.374,130.353
27.16,199.36,130.176
27.17,199.347,130.141
27.18,199.333,130.241
27.19,199.319,130.469
27.2,-200.614,130.387
27.21,199.444,129.673
27.22,199.43,128.851
27.23,199.416,128.205
27.24,199.402,127.728
27.25,199.387,127.412
27.26,199.373,127.251
27.27,199.359,127.237
27.28,199.345,127.363
27.29,199.33,127.621
27.3,-200.604,127.574
27.31,-200.538,126.889
27.32,199.447,126.031
27.33,199.433,125.356
27.34,199.418,124.858
27.35,199.403,124.528
27.36,199.388,124.358
27.37,199.373,124.342
27.38,199.358,124.471
27.39,-200.648,124.73
27.4,-200.583,124.619
27.41,-200.518,123.88
27.42,199.467,122.977
27.43,199.451,122.265
27.44,199.436,121.737
27.45,199.421,121.384
27.46,199.405,121.2
27.47,199.39,121.176
27.48,199.374,121.304
27.49,-200.633,121.568
27.5,-200.569,121.468
27.51,-200.504,120.746
27.52,199.48,119.864
27.53,199.464,119.18
27.54,199.448,118.683
27.55,199.432,118.367
27.56,199.416,118.223
27.57,199.4,118.243
27.58,199.384,118.419
27.59,-200.616,118.719
27.6,-200.552,118.596
27.61,-200.489,117.858
27.62,199.503,116.889
27.63,199.486,116.127
27.64,199.47,115.563
27.65,199.453,115.189
27.66,199.436,114.996
27.67,199.42,114.976
27.68,199.403,115.12
27.69,-200.598,115.396
27.7,-200.535,115.258
27.71,-200.471,114.511
27.72,199.52,113.54
27.73,199.502,112.783
27.74,199.485,112.23
27.75,199.468,111.874
27.76,199.45,111.704
27.77,199.433,111.712
27.78,199.415,111.889
27.79,-200.578,112.18
27.8,-200.515,112.007
27.81,-200.453,111.234
27.82,199.546,110.175
27.83,199.528,109.332
27.84,199.51,108.706
27.85,199.492,108.286
27.86,199.473,108.062
27.87,199.455,108.027
27.88,199.437,108.17
27.89,-200.557,108.435
27.9,-200.495,108.245
27.91,-200.433,107.464
27.92,199.564,106.404
27.93,199.545,105.568
27.94,199.527,104.956
27.95,199.508,104.556
27.96,199.489,104.36
27.97,199.47,104.357
27.98,199.451,104.538
27.99,-200.536,104.815
28,-200.475,104.598
28.01,-200.413,103.798
28.02,199.591,102.664
28.03,199.572,101.751
28.04,199.552,101.072
28.05,199.533,100.616
28.06,199.513,100.375
28.07,199.493,100.337
28.08,199.473,100.493
28.09,-200.514,100.754
28.1,-200.454,100.529
28.11,-200.394,99.7295
28.12,199.61,98.6048
28.13,199.59,97.7079
28.14,199.57,97.0522
28.15,199.549,96.6272
28.16,199.529,96.4222
28.17,199.508,96.427
28.18,199.488,96.6311
28.19,-200.493,96.9058
28.2,-200.433,96.6639
28.21,-200.374,95.8551
28.22,199.637,94.6745
28.23,199.616,93.7092
28.24,199.595,92.9963
28.25,199.574,92.5249
28.26,199.553,92.2839
28.27,199.531,92.2626
28.28,199.51,92.45
28.29,-200.471,92.717
28.3,-200.413,92.4762
28.31,-200.354,91.6765
28.32,199.656,90.5128
28.33,199.634,89.5717
28.34,199.612,88.8901
28.35,199.59,88.4564
28.36,199.568,88.2593
28.37,199.546,88.2875
28.38,199.524,88.5299
28.39,-200.45,88.8098
28.4,-200.392,88.5581
28.41,-200.335,87.7558
28.42,199.683,86.5502
28.43,199.66,85.5465
28.44,199.637,84.8131
28.45,199.614,84.3383
28.46,199.591,84.1101
28.47,199.568,84.117
28.48,199.545,84.3473
28.49,-200.429,84.6238
28.5,-200.372,84.3773
28.51,-200.315,83.5881
28.52,199.709,82.3636
28.53,199.686,81.3119
28.54,199.662,80.5411
28.55,199.638,80.0391
28.56,199.614,79.7936
28.57,199.59,79.7924
28.58,199.567,80.0236
28.59,-200.401,80.2546
28.6,-200.345,79.9503
28.61,-200.289,79.115
28.62,199.735,77.8555
28.63,199.71,76.7792
28.64,199.686,75.9941
28.65,199.661,75.4873
28.66,199.636,75.2463
28.67,199.611,75.2582
28.68,199.587,75.5108
28.69,-200.382,75.771
28.7,-200.327,75.5034
28.71,-200.272,74.7115
28.72,199.759,73.4705
28.73,199.734,72.3741
28.74,199.708,71.5786
28.75,199.683,71.0706
28.76,199.657,70.837
28.77,199.631,70.8648
28.78,199.606,71.141
28.79,-200.356,71.3697
28.8,-200.301,71.0655
28.81,-200.247,70.2477
28.82,199.783,68.9906
28.83,199.757,67.8879
28.84,199.73,67.0951
28.85,199.704,66.5985
28.86,199.677,66.3846
28.87,199.651,66.4398
28.88,199.624,66.7508
28.89,-200.33,66.9509
28.9,-200.277,66.6207
28.91,-200.224,65.7869
28.92,199.813,64.4996
28.93,199.786,63.3229
28.94,199.759,62.4687
28.95,199.731,61.9229
28.96,199.704,61.6713
28.97,199.676,61.7
28.98,199.649,61.9951
28.99,-200.306,62.1895
29,-200.254,61.8631
29.01,-200.202,61.0422
29.02,199.835,59.7767
29.03,199.806,58.6299
29.04,199.778,57.8133
29.05,199.75,57.3125
29.06,199.721,57.1127
29.07,199.693,57.1995
29.08,199.664,57.5588
29.09,-200.284,57.7451
29.1,-200.232,57.4198
29.11,-200.181,56.6087
29.12,199.862,55.3452
29.13,199.833,54.1472
29.14,199.804,53.2908
29.15,199.775,52.7608
29.16,199.746,52.5424
29.17,199.716,52.6204
29.18,199.687,52.9803
29.19,-200.262,53.1763
29.2,-200.212,52.8691
29.21,-200.161,52.0841
29.22,-200.111,50.8465
29.23,199.859,49.612
29.24,199.829,48.7298
29.25,199.799,48.1843
29.26,199.769,47.9601
29.27,199.738,48.0416
29.28,-200.284,48.4059
29.29,-200.234,48.5451
29.3,-200.184,48.1931
29.31,-200.135,47.3748
29.32,-200.085,46.1146
29.33,199.884,44.868
29.34,199.853,43.9836
29.35,199.821,43.4453
29.36,199.79,43.2373
29.37,199.759,43.3435
29.38,-200.256,43.7246
29.39,-200.207,43.8271
29.4,-200.159,43.4494
29.41,-200.11,42.616
29.42,-200.061,41.3508
29.43,199.915,40.031
29.44,199.883,39.0865
29.45,199.85,38.5008
29.46,199.818,38.2573
29.47,199.786,38.3396
29.48,-200.23,38.7077
29.49,-200.182,38.8078
29.5,-200.135,38.4377
29.51,-200.087,37.6213
29.52,-200.04,36.3821
29.53,199.943,35.0266
29.54,199.91,34.0504
29.55,199.877,33.4444
29.56,199.844,33.1915
29.57,199.811,33.2749
29.58,-200.199,33.6303
29.59,-200.152,33.6741
29.6,-200.105,33.2607
29.61,-200.058,32.4131
29.62,-200.012,31.1547
29.63,199.97,29.7911
29.64,199.936,28.8175
29.65,199.902,28.2242
29.66,199.867,27.9937
29.67,199.833,28.1086
29.68,-200.177,28.5041
29.69,-200.132,28.5961
29.7,-200.086,28.2384
29.71,-200.04,27.4538
29.72,-199.995,26.2648
29.73,199.994,24.9144
29.74,199.959,23.9477
29.75,199.924,23.3705
29.76,199.889,23.1649
29.77,199.853,23.3129
29.78,-200.15,23.7176
29.79,-200.105,23.7817
29.8,-200.06,23.4068
29.81,-200.016,22.6154
29.82,-199.971,21.4295
29.83,200.017,20.0915
29.84,199.981,19.146
29.85,199.944,18.5985
29.86,199.908,18.4304
29.87,199.872,18.6234
29.88,-200.124,19.0408
29.89,-200.08,19.0876
29.9,-200.037,18.7056
29.91,-199.993,17.9166
29.92,-199.95,16.7422
29.93,200.046,15.3695
29.94,200.009,14.3774
29.95,199.971,13.7949
29.96,199.934,13.6029
29.97,199.897,13.7828
29.98,-200.1,14.1971
29.99,-200.057,14.2506
30,-200.015,13.8844
30.01,-199.972,13.1199
30.02,-199.929,11.9783
30.03,200.073,10.5989
30.04,200.035,9.57916
30.05,199.997,8.97981
30.06,199.958,8.78134
30.07,199.92,8.96442
30.08,-200.07,9.34415
30.09,-200.028,9.3436
30.1,-199.986,8.93569
30.11,-199.944,8.14129
30.12,-199.903,6.98096
30.13,200.098,5.5936
30.14,200.059,4.57612
30.15,200.02,3.98876
30.16,199.981,3.8115
30.17,199.942,4.0245
30.18,-200.042,4.38751
30.19,-200.001,4.35786
30.2,-199.96,3.93209
30.21,-199.919,3.13052
30.22,-199.879,1.97324
30.23,200.129,0.559213
30.24,200.089,-0.512148
30.25,200.049,-1.14074
30.26,200.009,-1.34713
30.27,199.969,-1.15169
30.28,-200.015,-0.795208
30.29,-199.976,-0.820875
30.3,-199.936,-1.23269
30.31,-199.896,-2.01084
30.32,-199.857,-3.13576
30.33,200.158,-4.54057
30.34,200.117,-5.63937
30.35,200.076,-6.28398
30.36,200.035,-6.49549
30.37,199.993,-6.29481
30.38,-199.984,-5.98578
30.39,-199.945,-6.06163
30.4,-199.906,-6.51086
30.41,-199.868,-7.31421
30.42,-199.829,-8.45268
30.43,200.185,-9.85992
30.44,200.143,-10.9506
30.45,200.1,-11.577
30.46,200.058,-11.7609
30.47,200.016,-11.5235
30.48,-199.963,-11.1694
30.49,-199.925,-11.1921
30.5,-199.887,-11.5808
30.51,-199.85,-12.3166
30.52,-199.812,-13.381
30.53,200.209,-14.732
30.54,200.166,-15.8136
30.55,200.122,-16.4218
30.56,200.079,-16.5789
30.57,200.036,-16.3066
30.58,-199.936,-15.98
30.59,-199.899,-16.0271
30.6,-199.862,-16.4295
30.61,-199.826,-17.1688
30.62,-199.789,-18.227
30.63,200.231,-19.5625
30.64,200.187,-20.6199
30.65,200.143,-21.1957
30.66,200.098,-21.3125
30.67,200.054,-20.9927
30.68,-199.91,-20.6895
30.69,-199.874,-20.7497
30.7,-199.839,-21.1551
30.71,-199.803,-21.888
30.72,-199.768,-22.9309
30.73,200.26,-24.2585
30.74,200.214,-25.361
30.75,200.169,-25.9705
30.76,200.124,-26.1099
30.77,200.079,-25.8022
30.78,-199.886,-25.501
30.79,-199.852,-25.5536
30.8,-199.817,-25.9424
30.81,-199.782,-26.6501
30.82,-199.748,-27.6597
30.83,-199.713,-28.9543
30.84,200.241,-30.0861
30.85,200.194,-30.7141
30.86,200.148,-30.8618
30.87,-199.89,-30.5605
30.88,-199.856,-30.326
30.89,-199.822,-30.4325
30.9,-199.789,-30.863
30.91,-199.755,-31.6007
30.92,-199.721,-32.629
30.93,-199.688,-33.9317
30.94,200.265,-35.0614
30.95,200.218,-35.6776
30.96,200.17,-35.8043
30.97,-199.869,-35.4735
30.98,-199.836,-35.2011
30.99,-199.803,-35.2621
31,-199.77,-35.6398
31.01,-199.738,-36.3179
31.02,-199.705,-37.2804
31.03,-199.673,-38.5112
31.04,200.287,-39.6414
31.05,200.239,-40.2492
31.06,200.191,-40.3589
31.07,-199.841,-40.0187
31.08,-199.809,-39.7905
31.09,-199.777,-39.8845
31.1,-199.745,-40.2845
31.11,-199.713,-40.9746
31.12,-199.682,-41.9394
31.13,-199.651,-43.1632
31.14,200.309,-44.2777
31.15,200.259,-44.8614
31.16,200.21,-44.9391
31.17,-199.815,-44.5833
31.18,-199.784,-44.3854
31.19,-199.753,-44.499
31.2,-199.722,-44.9087
31.21,-199.691,-45.599
31.22,-199.66,-46.5547
31.23,-199.63,-47.761
31.24,200.336,-48.9199
31.25,200.286,-49.5443
31.26,200.236,-49.6515
31.27,-199.79,-49.3145
31.28,-199.759,-49.1252
31.29,-199.729,-49.2377
31.3,-199.699,-49.6369
31.31,-199.67,-50.3081
31.32,-199.64,-51.2363
31.33,-199.61,-52.4073
31.34,200.363,-53.586
31.35,200.312,-54.2353
31.36,200.261,-54.3571
31.37,-199.758,-54.0562
31.38,-199.729,-53.9381
31.39,-199.7,-54.1089
31.4,-199.671,-54.5541
31.41,-199.642,-55.2591
31.42,-199.613,-56.2099
31.43,-199.585,-57.3925
31.44,200.387,-58.5726
31.45,200.336,-59.2133
31.46,200.284,-59.3171
31.47,-199.736,-58.9895
31.48,-199.708,-58.8362
31.49,-199.68,-58.964
31.5,-199.652,-59.3586
31.51,-199.624,-60.0063
31.52,-199.596,-60.8931
31.53,-199.569,-62.0058
31.54,200.41,-63.1651
31.55,200.357,-63.8
31.56,200.305,-63.8893
31.57,-199.708,-63.5783
31.58,-199.681,-63.4703
31.59,-199.654,-63.6319
31.6,-199.627,-64.0495
31.61,-199.6,-64.7098
31.62,-199.573,-65.5995
31.63,-199.546,-66.7056
31.64,200.432,-67.8494
31.65,200.378,-68.4604
31.66,200.324,-68.5179
31.67,-199.69,-68.1674
31.68,-199.663,-68.0129
31.69,-199.637,-68.1213
31.7,-199.611,-68.4797
31.71,-199.585,-69.0749
31.72,-199.559,-69.8941
31.73,-199.533,-70.9247
31.74,200.452,-72.0356
31.75,200.398,-72.6378
31.76,200.343,-72.6786
31.77,-199.664,-72.3514
31.78,-199.638,-72.2413
31.79,-199.613,-72.3838
31.8,-199.587,-72.7661
31.81,-199.562,-73.3756
31.82,-199.537,-74.2
31.83,-199.512,-75.2271
31.84,200.472,-76.3262
31.85,200.417,-76.9088
31.86,200.361,-76.9225
31.87,-199.638,-76.6161
31.88,-199.614,-76.5403
31.89,-199.589,-76.707
31.9,-199.565,-77.1038
31.91,-199.54,-77.7186
31.92,-199.516,-78.5395
31.93,-199.492,-79.5547
31.94,200.499,-80.6735
31.95,200.443,-81.3045
31.96,200.387,-81.3558
31.97,-199.614,-81.0762
31.98,-199.59,-81.0174
31.99,-199.566,-81.1913
32,-199.543,-81.5861
32.01,-199.52,-82.1903
32.02,-199.496,-82.9922
32.03,-199.473,-83.9807
32.04,200.518,-85.0654
32.05,200.46,-85.6554
32.06,200.403,-85.659
32.07,-199.59,-85.3884
32.08,-199.567,-85.3447
32.09,-199.545,-85.5245
32.1,-199.522,-85.9165
32.11,-199.499,-86.5095
32.12,-199.477,-87.2923
32.13,-199.455,-88.2541
32.14,200.543,-89.3366
32.15,200.485,-89.9624
32.16,200.427,-89.9916
32.17,-199.567,-89.7367
32.18,-199.545,-89.6995
32.19,-199.524,-89.877
32.2,-199.502,-90.2581
32.21,-199.48,-90.8322
32.22,-199.458,-91.5887
32.23,-199.437,-92.5169
32.24,200.56,-93.5592
32.25,200.501,-94.1384
32.26,200.442,-94.1151
32.27,-199.545,-93.8725
32.28,-199.524,-93.8463
32.29,-199.503,-94.0261
32.3,-199.482,-94.4014
32.31,-199.461,-94.9618
32.32,-199.44,-95.697
32.33,-199.42,-96.5971
32.34,200.584,-97.6283
32.35,200.525,-98.243
32.36,200.465,-98.2454
32.37,-199.523,-98.0191
32.38,-199.503,-98.0003
32.39,-199.483,-98.179
32.4,-199.463,-98.545
32.41,-199.442,-99.0885
32.42,-199.423,-99.7995
32.43,-199.403,-100.669
32.44,200.601,-101.662
32.45,200.54,-102.233
32.46,200.479,-102.186
32.47,-199.509,-101.905
32.48,-199.49,-101.827
32.49,-199.47,-101.942
32.5,-199.451,-102.239
32.51,-199.432,-102.71
32.52,-199.413,-103.346
32.53,-199.394,-104.136
32.54,200.617,-105.063
32.55,200.556,-105.627
32.56,200.495,-105.566
32.57,-199.487,-105.343
32.58,-199.468,-105.313
32.59,-199.449,-105.466
32.6,-199.431,-105.794
32.61,-199.412,-106.287
32.62,-199.394,-106.936
32.63,-199.375,-107.732
32.64,200.635,-108.658
32.65,200.573,-109.213
32.66,200.511,-109.137
32.67,-199.471,-108.893
32.68,-199.453,-108.836
32.69,-199.435,-108.957
32.7,-199.417,-109.246
32.71,-199.4,-109.696
32.72,-199.382,-110.298
32.73,-199.364,-111.042
32.74,-199.347,-111.92
32.75,200.591,-112.493
32.76,-199.464,-112.436
32.77,-199.447,-112.273
32.78,-199.43,-112.286
32.79,-199.412,-112.467
32.8,-199.395,-112.807
32.81,-199.378,-113.298
32.82,-199.361,-113.931
32.83,-199.344,-114.698
32.84,-199.327,-115.591
32.85,200.609,-116.171
32.86,-199.446,-116.113
32.87,-199.43,-115.942
32.88,-199.413,-115.94
32.89,-199.396,-116.1
32.9,-199.38,-116.413
32.91,-199.364,-116.871
32.92,-199.347,-117.465
32.93,-199.331,-118.189
32.94,-199.315,-119.034
32.95,200.621,-119.561
32.96,-199.427,-119.462
32.97,-199.411,-119.308
32.98,-199.396,-119.315
32.99,-199.38,-119.477
33,-199.364,-119.785
33.01,-199.348,-120.232
33.02,-199.333,-120.809
33.03,-199.317,-121.51
33.04,-199.302,-122.327
33.05,200.641,-122.899
33.06,-199.407,-122.836
33.07,-199.392,-122.708
33.08,-199.377,-122.735
33.09,-199.362,-122.908
33.1,-199.347,-123.221
33.11,-199.332,-123.665
33.12,-199.317,-124.233
33.13,-199.302,-124.919
33.14,-199.287,-125.714
33.15,200.655,-126.258
33.16,-199.394,-126.163
33.17,-199.38,-125.998
33.18,-199.365,-125.983
33.19,-199.351,-126.111
33.2,-199.336,-126.373
33.21,-199.322,-126.763
33.22,-199.307,-127.274
33.23,-199.293,-127.899
33.24,-199.279,-128.63
33.25,200.671,-129.179
33.26,-199.371,-129.113
33.27,-199.357,-129.025
33.28,-199.343,-129.077
33.29,-199.329,-129.261
33.3,-199.316,-129.572
33.31,-199.302,-130.002
33.32,-199.288,-130.544
33.33,-199.275,-131.192
33.34,-199.261,-131.939
33.35,200.688,-132.497
33.36,-199.355,-132.433
33.37,-199.341,-132.339
33.38,-199.328,-132.38
33.39,-199.315,-132.547
33.4,-199.302,-132.835
33.41,-199.289,-133.236
33.42,-199.276,-133.745
33.43,-199.263,-134.356
33.44,-199.25,-135.061
33.45,200.699,-135.572
33.46,-199.345,-135.458
33.47,-199.332,-135.311
33.48,-199.319,-135.295
33.49,-199.307,-135.403
33.5,-199.294,-135.628
33.51,-199.282,-135.965
33.52,-199.269,-136.407
33.53,-199.257,-136.949
33.54,-199.245,-137.584
33.55,200.704,-138.023
33.56,-199.34,-137.835
33.57,-199.328,-137.614
33.58,-199.316,-137.523
33.59,-199.304,-137.555
33.6,-199.291,-137.704
33.61,-199.279,-137.964
33.62,-199.267,-138.329
33.63,-199.255,-138.794
33.64,-199.243,-139.352
33.65,200.712,-139.777
33.66,-199.324,-139.62
33.67,-199.312,-139.471
33.68,-199.3,-139.443
33.69,-199.288,-139.533
33.7,-199.277,-139.732
33.71,-199.265,-140.037
33.72,-199.253,-140.44
33.73,-199.242,-140.937
33.74,-199.23,-141.521
33.75,200.725,-141.967
33.76,-199.311,-141.825
33.77,-199.3,-141.686
33.78,-199.289,-141.664
33.79,-199.277,-141.754
33.8,-199.266,-141.95
33.81,-199.255,-142.246
33.82,-199.244,-142.638
33.83,-199.232,-143.119
33.84,-199.221,-143.684
33.85,200.733,-144.108
33.86,-199.304,-143.94
33.87,-199.293,-143.773
33.88,-199.282,-143.72
33.89,-199.271,-143.776
33.9,-199.26,-143.936
33.91,-199.249,-144.195
33.92,-199.238,-144.546
33.93,-199.227,-144.986
33.94,-199.217,-145.507
33.95,200.738,-145.886
33.96,-199.3,-145.673
33.97,-199.289,-145.458
33.98,-199.278,-145.356
33.99,-199.268,-145.364
34,-199.257,-145.474
34.01,-199.247,-145.682
34.02,-199.236,-145.983
34.03,-199.226,-146.371
34.04,-199.215,-146.841
34.05,200.747,-147.224
34.06,-199.283,-147.073
34.07,-199.272,-146.954
34.08,-199.262,-146.94
34.09,-199.252,-147.028
34.1,-199.241,-147.212
34.11,-199.231,-147.486
34.12,-199.221,-147.846
34.13,-199.211,-148.287
34.14,-199.201,-148.804
34.15,200.761,-149.227
34.16,-199.269,-149.11
34.17,-199.259,-149.02
34.18,-199.249,-149.03
34.19,-199.24,-149.135
34.2,-199.23,-149.332
34.21,-199.22,-149.614
34.22,-199.21,-149.978
34.23,-199.201,-150.418
34.24,-199.191,-150.93
34.25,200.77,-151.344
34.26,-199.26,-151.215
34.27,-199.251,-151.108
34.28,-199.241,-151.099
34.29,-199.232,-151.182
34.3,-199.222,-151.353
34.31,-199.213,-151.608
34.32,-199.204,-151.941
34.33,-199.194,-152.348
34.34,-199.185,-152.825
34.35,200.776,-153.201
34.36,-199.255,-153.033
34.37,-199.246,-152.886
34.38,-199.237,-152.834
34.39,-199.228,-152.874
34.4,-199.219,-153
34.41,-199.209,-153.209
34.42,-199.2,-153.495
34.43,-199.192,-153.855
34.44,-199.183,-154.284
34.45,200.778,-154.612
34.46,-199.253,-154.395
34.47,-199.244,-154.199
34.48,-199.235,-154.098
34.49,-199.227,-154.088
34.5,-199.218,-154.165
34.51,-199.209,-154.325
34.52,-199.2,-154.562
34.53,-199.191,-154.873
34.54,-199.183,-155.254
34.55,200.778,-155.534
34.56,-199.253,-155.27
34.57,-199.245,-155.027
34.58,-199.236,-154.88
34.59,-199.227,-154.825
34.6,-199.219,-154.858
34.61,-199.21,-154.974
34.62,-199.201,-155.168
34.63,-199.193,-155.438
34.64,-199.184,-155.777
34.65,200.776,-156.018
34.66,-199.255,-155.715
34.67,-199.246,-155.434
34.68,-199.238,-155.25
34.69,-199.229,-155.159
34.7,-199.221,-155.157
34.71,-199.212,-155.24
34.72,-199.203,-155.402
34.73,-199.195,-155.64
34.74,-199.186,-155.95
34.75,200.774,-156.161
34.76,-199.257,-155.831
34.77,-199.249,-155.523
34.78,-199.24,-155.314
34.79,-199.231,-155.199
34.8,-199.223,-155.173
34.81,-199.214,-155.233
34.82,-199.205,-155.375
34.83,-199.197,-155.593
34.84,-199.188,-155.884
34.85,200.772,-156.077
34.86,-199.259,-155.73
34.87,-199.251,-155.406
34.88,-199.242,-155.182
34.89,-199.233,-155.053
34.9,-199.225,-155.015
34.91,-199.216,-155.064
34.92,-199.207,-155.194
34.93,-199.199,-155.402
34.94,-199.19,-155.684
34.95,200.77,-155.869
34.96,-199.261,-155.514
34.97,-199.253,-155.184
34.98,-199.244,-154.954
34.99,-199.235,-154.82
35,-199.226,-154.777
35.01,-199.218,-154.822
35.02,-199.209,-154.949
35.03,-199.2,-155.154
35.04,-199.192,-155.434
35.05,200.769,-155.618
35.06,-199.262,-155.262
35.07,-199.254,-154.932
35.08,-199.245,-154.702
35.09,-199.236,-154.569
35.1,-199.227,-154.528
35.11,-199.219,-154.574
35.12,-199.21,-154.703
35.13,-199.201,-154.911
35.14,-199.193,-155.193
35.15,200.768,-155.38
35.16,-199.263,-155.028
35.17,-199.255,-154.701
35.18,-199.246,-154.476
35.19,-199.237,-154.347
35.2,-199.228,-154.31
35.21,-199.219,-154.361
35.22,-199.21,-154.495
35.23,-199.202,-154.708
35.24,-199.193,-154.995
35.25,200.768,-155.188
35.26,-199.264,-154.841
35.27,-199.255,-154.52
35.28,-199.246,-154.3
35.29,-199.237,-154.176
35.3,-199.228,-154.145
35.31,-199.219,-154.202
35.32,-199.211,-154.342
35.33,-199.202,-154.561
35.34,-199.193,-154.854
35.35,200.768,-155.052
35.36,-199.264,-154.711
35.37,-199.255,-154.396
35.38,-199.246,-154.181
35.39,-199.237,-154.064
35.4,-199.228,-154.038
35.41,-199.219,-154.101
35.42,-199.211,-154.246
35.43,-199.202,-154.47
35.44,-199.193,-154.769
35.45,200.768,-154.972
35.46,-199.264,-154.636
35.47,-199.255,-154.326
35.48,-199.246,-154.117
35.49,-199.237,-154.004
35.5,-199.228,-153.983
35.51,-199.219,-154.05
35.52,-199.21,-154.2
35.53,-199.202,-154.428
35.54,-199.193,-154.731
35.55,200.768,-154.938
35.56,-199.263,-154.606
35.57,-199.255,-154.3
35.58,-199.246,-154.094
35.59,-199.237,-153.985
35.6,-199.228,-153.967
35.61,-199.219,-154.037
35.62,-199.21,-154.19
35.63,-199.201,-154.422
35.64,-199.193,-154.727
35.65,200.768,-154.937
35.66,-199.263,-154.608
35.67,-199.254,-154.304
35.68,-199.245,-154.1
35.69,-199.237,-153.993
35.7,-199.228,-153.978
35.71,-199.219,-154.05
35.72,-199.21,-154.205
35.73,-199.201,-154.438
35.74,-199.192,-154.745
35.75,200.768,-154.957
35.76,-199.263,-154.629
35.77,-199.254,-154.326
35.78,-199.245,-154.123
35.79,-199.236,-154.017
35.8,-199.227,-154.003
35.81,-199.219,-154.076
35.82,-199.21,-154.231
35.83,-199.201,-154.465
35.84,-199.192,-154.773
35.85,200.769,-154.985
35.86,-199.263,-154.657
35.87,-199.254,-154.355
35.88,-199.245,-154.153
35.89,-199.236,-154.047
35.9,-199.227,-154.033
35.91,-199.218,-154.105
35.92,-199.21,-154.261
35.93,-199.201,-154.495
35.94,-199.192,-154.803
35.95,200.769,-155.014
35.96,-199.263,-154.687
35.97,-199.254,-154.384
35.98,-199.245,-154.181
35.99,-199.236,-154.075
36,-199.227,-154.06
36.01,-199.218,-154.133
36.02,-199.209,-154.288
36.03,-199.201,-154.521
36.04,-199.192,-154.829
36.05,200.761,-154.985
36.06,-199.278,-154.542
36.07,-199.27,-154.092
36.08,-199.261,-153.75
36.09,-199.252,-153.512
36.1,-199.243,-153.373
36.11,-199.234,-153.329
36.12,-199.225,-153.374
36.13,-199.216,-153.505
36.14,-199.207,-153.717
36.15,200.746,-153.785
36.16,-199.293,-153.261
36.17,-199.284,-152.735
36.18,-199.274,-152.325
36.19,-199.265,-152.024
36.2,-199.256,-151.828
36.21,-199.246,-151.733
36.22,-199.237,-151.734
36.23,-199.228,-151.825
36.24,-199.218,-152.003
36.25,200.735,-152.041
36.26,-199.304,-151.492
36.27,-199.294,-150.947
36.28,-199.285,-150.521
36.29,-199.275,-150.209
36.3,-199.265,-150.007
36.31,-199.256,-149.908
36.32,-199.246,-149.91
36.33,-199.236,-150.005
36.34,-199.227,-150.191
36.35,200.727,-150.24
36.36,-199.311,-149.705
36.37,-199.301,-149.176
36.38,-199.291,-148.769
36.39,-199.281,-148.48
36.4,-199.271,-148.301
36.41,-199.261,-148.229
36.42,-199.251,-148.259
36.43,-199.241,-148.385
36.44,-199.231,-148.602
36.45,200.715,-148.622
36.46,-199.331,-148.015
36.47,-199.321,-147.376
36.48,-199.311,-146.867
36.49,-199.3,-146.485
36.5,-199.29,-146.222
36.51,-199.279,-146.073
36.52,-199.269,-146.035
36.53,-199.258,-146.1
36.54,-199.248,-146.264
36.55,200.698,-146.238
36.56,-199.347,-145.593
36.57,-199.336,-144.921
36.58,-199.325,-144.387
36.59,-199.315,-143.984
36.6,-199.304,-143.707
36.61,-199.293,-143.551
36.62,-199.282,-143.509
36.63,-199.271,-143.577
36.64,-199.26,-143.748
36.65,200.687,-143.734
36.66,-199.358,-143.105
36.67,-199.346,-142.453
36.68,-199.335,-141.943
36.69,-199.324,-141.567
36.7,-199.312,-141.322
36.71,-199.301,-141.2
36.72,-199.289,-141.195
36.73,-199.278,-141.302
36.74,-199.266,-141.516
36.75,200.681,-141.546
36.76,-199.364,-140.964
36.77,-199.352,-140.361
36.78,-199.34,-139.901
36.79,-199.328,-139.578
36.8,-199.317,-139.385
36.81,-199.305,-139.317
36.82,-199.293,-139.368
36.83,-199.281,-139.532
36.84,-199.269,-139.802
36.85,200.67,-139.82
36.86,-199.382,-139.198
36.87,-199.37,-138.506
36.88,-199.358,-137.966
36.89,-199.345,-137.57
36.9,-199.333,-137.312
36.91,-199.321,-137.186
36.92,-199.309,-137.186
36.93,-199.296,-137.305
36.94,-199.284,-137.538
36.95,200.656,-137.525
36.96,-199.396,-136.877
36.97,-199.383,-136.166
36.98,-199.371,-135.611
36.99,-199.358,-135.207
37,-199.345,-134.946
37.01,-199.332,-134.821
37.02,-199.32,-134.827
37.03,-199.307,-134.957
37.04,-199.294,-135.204
37.05,200.646,-135.209
37.06,-199.413,-134.567
37.07,-199.4,-133.804
37.08,-199.387,-133.205
37.09,-199.374,-132.763
37.1,-199.36,-132.471
37.11,-199.347,-132.322
37.12,-199.334,-132.309
37.13,-199.32,-132.426
37.14,-199.307,-132.666
37.15,200.626,-132.592
37.16,-199.433,-131.879
37.17,-199.419,-131.055
37.18,-199.406,-130.403
37.19,-199.392,-129.915
37.2,-199.378,-129.586
37.21,-199.364,-129.407
37.22,-199.35,-129.372
37.23,-199.337,-129.473
37.24,-199.323,-129.704
37.25,200.611,-129.627
37.26,-199.447,-128.918
37.27,-199.433,-128.102
37.28,-199.419,-127.464
37.29,-199.404,-126.996
37.3,-199.39,-126.69
37.31,-199.376,-126.54
37.32,-199.361,-126.538
37.33,-199.347,-126.676
37.34,200.66,-126.939
37.35,200.594,-126.828
37.36,200.529,-126.085
37.37,-199.457,-125.172
37.38,-199.442,-124.448
37.39,-199.427,-123.903
37.4,-199.412,-123.531
37.41,-199.397,-123.324
37.42,-199.382,-123.274
37.43,-199.367,-123.373
37.44,200.64,-123.605
37.45,200.575,-123.472
37.46,200.51,-122.713
37.47,-199.474,-121.793
37.48,-199.459,-121.068
37.49,-199.443,-120.53
37.5,-199.427,-120.171
37.51,-199.412,-119.982
37.52,-199.396,-119.956
37.53,-199.38,-120.084
37.54,200.62,-120.335
37.55,200.555,-120.164
37.56,200.491,-119.376
37.57,-199.501,-118.357
37.58,-199.484,-117.544
37.59,-199.468,-116.929
37.6,-199.452,-116.504
37.61,-199.435,-116.26
37.62,-199.419,-116.189
37.63,-199.402,-116.282
37.64,200.598,-116.507
37.65,200.535,-116.318
37.66,200.471,-115.521
37.67,-199.52,-114.501
37.68,-199.503,-113.695
37.69,-199.486,-113.094
37.7,-199.468,-112.69
37.71,-199.451,-112.473
37.72,-199.434,-112.435
37.73,-199.417,-112.567
37.74,200.585,-112.837
37.75,200.522,-112.697
37.76,200.459,-111.954
37.77,-199.539,-110.922
37.78,-199.522,-110.104
37.79,-199.504,-109.499
37.8,-199.486,-109.098
37.81,-199.468,-108.892
37.82,-199.45,-108.87
37.83,-199.432,-109.025
37.84,200.562,-109.299
37.85,200.5,-109.117
37.86,200.438,-108.341
37.87,-199.559,-107.284
37.88,-199.541,-106.45
37.89,-199.522,-105.837
37.9,-199.504,-105.435
37.91,-199.485,-105.235
37.92,-199.466,-105.227
37.93,-199.448,-105.402
37.94,200.547,-105.702
37.95,200.486,-105.552
37.96,200.425,-104.813
37.97,-199.58,-103.736
37.98,-199.561,-102.875
37.99,-199.542,-102.242
38,-199.523,-101.829
38.01,-199.503,-101.626
38.02,-199.484,-101.621
38.03,-199.464,-101.807
38.04,200.523,-102.093
38.05,200.463,-101.89
38.06,200.402,-101.108
38.07,-199.602,-99.9975
38.08,-199.582,-99.1114
38.09,-199.562,-98.4631
38.1,-199.542,-98.0424
38.11,-199.522,-97.8388
38.12,-199.501,-97.842
38.13,-199.481,-98.0419
38.14,200.507,-98.3491
38.15,200.447,-98.1739
38.16,200.387,-97.4254
38.17,-199.624,-96.299
38.18,-199.603,-95.3822
38.19,-199.583,-94.7121
38.2,-199.562,-94.2779
38.21,-199.541,-94.0689
38.22,-199.52,-94.0745
38.23,-199.499,-94.2839
38.24,200.482,-94.5683
38.25,200.423,-94.3403
38.26,200.364,-93.5491
38.27,-199.647,-92.3899
38.28,-199.625,-91.4494
38.29,-199.603,-90.7646
38.3,-199.582,-90.3242
38.31,-199.56,-90.1171
38.32,-199.538,-90.1321
38.33,-199.516,-90.3583
38.34,200.457,-90.6192
38.35,200.399,-90.346
38.36,200.341,-89.5197
38.37,-199.677,-88.2878
38.38,-199.655,-87.2556
38.39,-199.632,-86.4918
38.4,-199.61,-85.9848
38.41,-199.587,-85.7228
38.42,-199.564,-85.6943
38.43,-199.542,-85.8879
38.44,200.433,-86.1265
38.45,200.376,-85.8409
38.46,200.318,-85.0118
38.47,-199.698,-83.786
38.48,-199.675,-82.7685
38.49,-199.652,-82.0275
38.5,-199.628,-81.5508
38.51,-199.605,-81.3264
38.52,-199.581,-81.3424
38.53,-199.558,-81.5867
38.54,200.41,-81.8272
38.55,200.353,-81.5289
38.56,200.297,-80.696
38.57,-199.727,-79.4358
38.58,-199.703,-78.3558
38.59,-199.679,-77.564
38.6,-199.654,-77.0478
38.61,-199.63,-76.7947
38.62,-199.605,-76.7922
38.63,-199.581,-77.028
38.64,200.387,-77.2692
38.65,200.332,-76.9806
38.66,200.276,-76.166
38.67,-199.747,-74.932
38.68,-199.722,-73.8856
38.69,-199.696,-73.1347
38.7,-199.671,-72.6661
38.71,-199.646,-72.4668
38.72,-199.62,-72.5239
38.73,-199.595,-72.8248
38.74,200.366,-73.0737
38.75,200.311,-72.7853
38.76,200.257,-71.9791
38.77,-199.774,-70.7298
38.78,-199.748,-69.631
38.79,-199.722,-68.8384
38.8,-199.695,-68.3387
38.81,-199.669,-68.1183
38.82,-199.643,-68.164
38.83,-199.617,-68.4626
38.84,200.345,-68.7177
38.85,200.291,-68.444
38.86,200.238,-67.6602
38.87,-199.8,-66.4168
38.88,-199.773,-65.2781
38.89,-199.746,-64.4563
38.9,-199.719,-63.9372
38.91,-199.692,-63.7072
38.92,-199.665,-63.7523
38.93,-199.638,-64.059
38.94,200.317,-64.2604
38.95,200.264,-63.9366
38.96,200.212,-63.1141
38.97,-199.825,-61.8429
38.98,-199.797,-60.6867
38.99,-199.769,-59.8572
39,-199.741,-59.34
39.01,-199.713,-59.1207
39.02,-199.685,-59.185
39.03,-199.657,-59.519
39.04,200.291,-59.6774
39.05,200.239,-59.3218
39.06,200.187,-58.4781
39.07,-199.857,-57.18
39.08,-199.828,-55.9454
39.09,-199.799,-55.0507
39.1,-199.77,-54.4809
39.11,-199.741,-54.2212
39.12,-199.712,-54.2567
39.13,-199.683,-54.5729
39.14,200.266,-54.7242
39.15,200.215,-54.3716
39.16,200.164,-53.5404
39.17,-199.879,-52.2639
39.18,-199.849,-51.0596
39.19,-199.819,-50.2032
39.2,-199.789,-49.6794
39.21,-199.759,-49.4728
39.22,-199.729,-49.5682
39.23,200.292,-49.9426
39.24,200.242,-50.0884
39.25,200.192,-49.7397
39.26,200.142,-48.9214
39.27,200.093,-47.6582
39.28,-199.877,-46.4057
39.29,-199.846,-45.5127
39.3,-199.815,-44.9633
39.31,-199.784,-44.7416
39.32,-199.753,-44.832
39.33,200.27,-45.2109
39.34,200.22,-45.3703
39.35,200.171,-45.0438
39.36,200.122,-44.2558
39.37,200.074,-43.0306
39.38,-199.903,-41.7455
39.39,-199.871,-40.8307
39.4,-199.839,-40.2697
39.41,-199.807,-40.0463
39.42,-199.775,-40.1442
39.43,200.24,-40.5236
39.44,200.192,-40.6308
39.45,200.144,-40.2639
39.46,200.096,-39.447
39.47,200.048,-38.2037
39.48,-199.927,-36.9109
39.49,-199.895,-35.9982
39.5,-199.862,-35.4488
39.51,-199.829,-35.2458
39.52,-199.796,-35.3726
39.53,200.213,-35.7651
39.54,200.165,-35.84
39.55,200.118,-35.4518
39.56,200.071,-34.6241
39.57,200.024,-33.38
39.58,-199.958,-32.0258
39.59,-199.924,-31.0567
39.6,-199.891,-30.4633
39.61,-199.857,-30.2283
39.62,-199.823,-30.3346
39.63,200.187,-30.7174
39.64,200.141,-30.7931
39.65,200.095,-30.4155
39.66,200.049,-29.6077
39.67,200.003,-28.3925
39.68,-199.979,-27.0755
39.69,-199.944,-26.1516
39.7,-199.909,-25.6108
39.71,-199.874,-25.4353
39.72,-199.84,-25.6075
39.73,200.163,-26.0307
39.74,200.118,-26.1078
39.75,200.073,-25.7408
39.76,200.028,-24.9523
39.77,199.983,-23.7645
39.78,-200.006,-22.4201
39.79,-199.97,-21.464
39.8,-199.934,-20.9018
39.81,-199.899,-20.7153
39.82,-199.863,-20.8863
39.83,200.141,-21.3176
39.84,200.096,-21.4117
39.85,200.052,-21.07
39.86,200.008,-20.3148
39.87,199.964,-19.1678
39.88,-200.032,-17.8163
39.89,-199.995,-16.8396
39.9,-199.958,-16.2668
39.91,-199.922,-16.0794
39.92,-199.885,-16.2586
39.93,200.112,-16.6675
39.94,200.068,-16.7109
39.95,200.025,-16.3303
39.96,199.982,-15.5474
39.97,199.939,-14.3834
39.98,-200.056,-13.0252
39.99,-200.018,-12.0515
