cycle,capacity_ah
1,1.85649
2,1.84633
3,1.83535
4,1.83526
5,1.83465
6,1.83566
7,1.83515
8,1.82576
9,1.82477
10,1.82461
11,1.82462
12,1.8142
13,1.81375
14,1.81344
15,1.8026
16,1.80211
17,1.80258
18,1.80307
19,1.80278
20,1.84703
21,1.84742
22,1.83618
23,1.82578
24,1.82511
25,1.82558
26,1.81403
27,1.81477
28,1.81397
29,1.80277
30,1.80408
31,1.8518
32,1.8307
33,1.8199
34,1.80931
35,1.80461
36,1.79938
37,1.78844
38,1.78292
39,1.77303
40,1.77304
41,1.76787
42,1.76232
43,1.76762
44,1.76267
45,1.75173
46,1.74185
47,1.73609
48,1.79362
49,1.78319
50,1.76736
51,1.75702
52,1.74687
53,1.74172
54,1.73642
55,1.72632
56,1.71581
57,1.71053
58,1.70601
59,1.70031
60,1.69458
61,1.6849
62,1.67447
63,1.67457
64,1.66372
65,1.65901
66,1.65385
67,1.64265
68,1.63786
69,1.63274
70,1.62775
71,1.62213
72,1.61133
73,1.60656
74,1.60151
75,1.59037
76,1.58579
77,1.58494
78,1.59553
79,1.57473
80,1.5649
81,1.55977
82,1.55948
83,1.55469
84,1.54887
85,1.53824
86,1.52791
87,1.52853
88,1.52265
89,1.51749
90,1.60582
91,1.56385
92,1.54809
93,1.53238
94,1.52695
95,1.51696
96,1.5119
97,1.50656
98,1.50155
99,1.49084
100,1.48587
101,1.48041
102,1.47521
103,1.4859
104,1.49609
105,1.4808
106,1.46975
107,1.4539
108,1.45415
109,1.45502
110,1.44904
111,1.43867
112,1.43345
113,1.4334
114,1.42806
115,1.42292
116,1.41743
117,1.41241
118,1.41258
119,1.4076
120,1.43339
121,1.43826
122,1.41735
123,1.40698
124,1.4012
125,1.3967
126,1.39128
127,1.38623
128,1.38044
129,1.37524
130,1.37051
131,1.37051
132,1.36474
133,1.37539
134,1.38611
135,1.36985
136,1.36478
137,1.35432
138,1.35464
139,1.3547
140,1.34931
141,1.34419
142,1.33899
143,1.33891
144,1.33401
145,1.32864
146,1.32317
147,1.31817
148,1.31847
149,1.31829
150,1.32387
151,1.36012
152,1.33953
153,1.32903
154,1.32367
155,1.31863
156,1.31348
157,1.3132
158,1.3078
159,1.30303
160,1.30336
161,1.30341
162,1.29789
163,1.29807
164,1.29346
165,1.288
166,1.28745
167,1.30902
168,1.32508
