z_m,B_single_T,B_helmholtz_T,B_single_theory
-0.15,3.97384e-07,9.04276e-07,3.97384e-07
-0.1475,4.158e-07,9.493e-07,4.158e-07
-0.145,4.35337e-07,9.97283e-07,4.35337e-07
-0.1425,4.56078e-07,1.04846e-06,4.56078e-07
-0.14,4.78114e-07,1.10309e-06,4.78114e-07
-0.1375,5.01544e-07,1.16146e-06,5.01544e-07
-0.135,5.26475e-07,1.22388e-06,5.26475e-07
-0.1325,5.53026e-07,1.29069e-06,5.53026e-07
-0.13,5.81323e-07,1.36226e-06,5.81323e-07
-0.1275,6.11506e-07,1.439e-06,6.11506e-07
-0.125,6.43729e-07,1.52135e-06,6.43729e-07
-0.1225,6.78157e-07,1.60981e-06,6.78157e-07
-0.12,7.14973e-07,1.70491e-06,7.14973e-07
-0.1175,7.54378e-07,1.80724e-06,7.54378e-07
-0.115,7.96588e-07,1.91745e-06,7.96588e-07
-0.1125,8.41845e-07,2.03623e-06,8.41845e-07
-0.11,8.90411e-07,2.16437e-06,8.90411e-07
-0.1075,9.42574e-07,2.3027e-06,9.42574e-07
-0.105,9.98652e-07,2.45216e-06,9.98652e-07
-0.1025,1.05899e-06,2.61373e-06,1.05899e-06
-0.1,1.12397e-06,2.78852e-06,1.12397e-06
-0.0975,1.19401e-06,2.9777e-06,1.19401e-06
-0.095,1.26958e-06,3.18256e-06,1.26958e-06
-0.0925,1.35116e-06,3.40446e-06,1.35116e-06
-0.09,1.43933e-06,3.64486e-06,1.43933e-06
-0.0875,1.53469e-06,3.90532e-06,1.53469e-06
-0.085,1.63789e-06,4.18746e-06,1.63789e-06
-0.0825,1.74968e-06,4.49297e-06,1.74968e-06
-0.08,1.87083e-06,4.82356e-06,1.87083e-06
-0.0775,2.00222e-06,5.18097e-06,2.00222e-06
-0.075,2.14479e-06,5.56685e-06,2.14479e-06
-0.0725,2.29955e-06,5.98277e-06,2.29955e-06
-0.07,2.46759e-06,6.43008e-06,2.46759e-06
-0.0675,2.65008e-06,6.90984e-06,2.65008e-06
-0.065,2.84827e-06,7.42268e-06,2.84827e-06
-0.0625,3.06347e-06,7.96867e-06,3.06347e-06
-0.06,3.29705e-06,8.54714e-06,3.29705e-06
-0.0575,3.55039e-06,9.15649e-06,3.55039e-06
-0.055,3.82491e-06,9.79405e-06,3.82491e-06
-0.0525,4.12198e-06,1.04559e-05,4.12198e-06
-0.05,4.44288e-06,1.11366e-05,4.44288e-06
-0.0475,4.78876e-06,1.18293e-05,4.78876e-06
-0.045,5.1605e-06,1.25258e-05,5.1605e-06
-0.0425,5.55867e-06,1.32166e-05,5.55867e-06
-0.04,5.98335e-06,1.38908e-05,5.98335e-06
-0.0375,6.43398e-06,1.45375e-05,6.43398e-06
-0.035,6.90924e-06,1.51455e-05,6.90924e-06
-0.0325,7.40681e-06,1.57043e-05,7.40681e-06
-0.03,7.92322e-06,1.62051e-05,7.92322e-06
-0.0275,8.45363e-06,1.66414e-05,8.45363e-06
-0.025,8.99176e-06,1.70093e-05,8.99176e-06
-0.0225,9.52977e-06,1.73082e-05,9.52977e-06
-0.02,1.00583e-05,1.75407e-05,1.00583e-05
-0.0175,1.05665e-05,1.77126e-05,1.05665e-05
-0.015,1.10426e-05,1.78317e-05,1.10426e-05
-0.0125,1.1474e-05,1.7908e-05,1.1474e-05
-0.01,1.18484e-05,1.79518e-05,1.18484e-05
-0.0075,1.21539e-05,1.79733e-05,1.21539e-05
-0.005,1.23802e-05,1.79815e-05,1.23802e-05
-0.0025,1.25194e-05,1.79834e-05,1.25194e-05
0,1.25664e-05,1.79835e-05,1.25664e-05
0.0025,1.25194e-05,1.79834e-05,1.25194e-05
0.005,1.23802e-05,1.79815e-05,1.23802e-05
0.0075,1.21539e-05,1.79733e-05,1.21539e-05
0.01,1.18484e-05,1.79518e-05,1.18484e-05
0.0125,1.1474e-05,1.7908e-05,1.1474e-05
0.015,1.10426e-05,1.78317e-05,1.10426e-05
0.0175,1.05665e-05,1.77126e-05,1.05665e-05
0.02,1.00583e-05,1.75407e-05,1.00583e-05
0.0225,9.52977e-06,1.73082e-05,9.52977e-06
0.025,8.99176e-06,1.70093e-05,8.99176e-06
0.0275,8.45363e-06,1.66414e-05,8.45363e-06
0.03,7.92322e-06,1.62051e-05,7.92322e-06
0.0325,7.40681e-06,1.57043e-05,7.40681e-06
0.035,6.90924e-06,1.51455e-05,6.90924e-06
0.0375,6.43398e-06,1.45375e-05,6.43398e-06
0.04,5.98335e-06,1.38908e-05,5.98335e-06
0.0425,5.55867e-06,1.32166e-05,5.55867e-06
0.045,5.1605e-06,1.25258e-05,5.1605e-06
0.0475,4.78876e-06,1.18293e-05,4.78876e-06
0.05,4.44288e-06,1.11366e-05,4.44288e-06
0.0525,4.12198e-06,1.04559e-05,4.12198e-06
0.055,3.82491e-06,9.79405e-06,3.82491e-06
0.0575,3.55039e-06,9.15649e-06,3.55039e-06
0.06,3.29705e-06,8.54714e-06,3.29705e-06
0.0625,3.06347e-06,7.96867e-06,3.06347e-06
0.065,2.84827e-06,7.42268e-06,2.84827e-06
0.0675,2.65008e-06,6.90984e-06,2.65008e-06
0.07,2.46759e-06,6.43008e-06,2.46759e-06
0.0725,2.29955e-06,5.98277e-06,2.29955e-06
0.075,2.14479e-06,5.56685e-06,2.14479e-06
0.0775,2.00222e-06,5.18097e-06,2.00222e-06
0.08,1.87083e-06,4.82356e-06,1.87083e-06
0.0825,1.74968e-06,4.49297e-06,1.74968e-06
0.085,1.63789e-06,4.18746e-06,1.63789e-06
0.0875,1.53469e-06,3.90532e-06,1.53469e-06
0.09,1.43933e-06,3.64486e-06,1.43933e-06
0.0925,1.35116e-06,3.40446e-06,1.35116e-06
0.095,1.26958e-06,3.18256e-06,1.26958e-06
0.0975,1.19401e-06,2.9777e-06,1.19401e-06
0.1,1.12397e-06,2.78852e-06,1.12397e-06
0.1025,1.05899e-06,2.61373e-06,1.05899e-06
0.105,9.98652e-07,2.45216e-06,9.98652e-07
0.1075,9.42574e-07,2.3027e-06,9.42574e-07
0.11,8.90411e-07,2.16437e-06,8.90411e-07
0.1125,8.41845e-07,2.03623e-06,8.41845e-07
0.115,7.96588e-07,1.91745e-06,7.96588e-07
0.1175,7.54378e-07,1.80724e-06,7.54378e-07
0.12,7.14973e-07,1.70491e-06,7.14973e-07
0.1225,6.78157e-07,1.60981e-06,6.78157e-07
0.125,6.43729e-07,1.52135e-06,6.43729e-07
0.1275,6.11506e-07,1.439e-06,6.11506e-07
0.13,5.81323e-07,1.36226e-06,5.81323e-07
0.1325,5.53026e-07,1.29069e-06,5.53026e-07
0.135,5.26475e-07,1.22388e-06,5.26475e-07
0.1375,5.01544e-07,1.16146e-06,5.01544e-07
0.14,4.78114e-07,1.10309e-06,4.78114e-07
0.1425,4.56078e-07,1.04846e-06,4.56078e-07
0.145,4.35337e-07,9.97283e-07,4.35337e-07
0.1475,4.158e-07,9.493e-07,4.158e-07
0.15,3.97384e-07,9.04276e-07,3.97384e-07
