band,hr,n,snr
7,0,17790,-21
7,1,17401,-21
7,2,20703,-21
7,3,24184,-21
7,4,27122,-22
7,5,27993,-21
7,6,20016,-22
7,7,9120,-22
7,8,1976,-24
7,9,151,-25
7,10,8,-25.5
7,12,1,0
7,13,1,-19
7,17,4,-11
7,18,26,-21
7,19,183,-24
7,20,1506,-22.5
7,21,6713,-21
7,22,14599,-21
7,23,19905,-21
14,0,21805,-19
14,1,12398,-19
14,2,7300,-20
14,3,3302,-20
14,4,1717,-20
14,5,2146,-21
14,6,3775,-22
14,7,5297,-22
14,8,4460,-23
14,9,8179,-22
14,10,38125,-21
14,11,45649,-21
14,12,29146,-21
14,13,21293,-21
14,14,18461,-21
14,15,22716,-21
14,16,30186,-21
14,17,39904,-20
14,18,50858,-20
14,19,57671,-19
14,20,78039,-19
14,21,89357,-19
14,22,74010,-19
14,23,42531,-19
