t_ms,vdc_6p,ia_6p,vdc_1p,i_1p
6.93889e-15,563.823,2.68869e-24,-1.73249,-1.18889e-10
0.05,563.753,1.539e-11,3.32324,-10.0092
0.1,563.544,3.07761e-11,8.43146,-9.96151
0.15,563.195,4.61547e-11,13.5371,-9.91532
0.2,562.707,6.15219e-11,18.639,-9.87063
0.25,562.079,7.68739e-11,23.7359,-9.82742
0.3,561.312,9.22069e-11,28.8264,-9.7857
0.35,560.407,1.07517e-10,33.9094,-9.74545
0.4,559.362,1.22801e-10,38.9835,-9.70666
0.45,558.179,1.38054e-10,44.0476,-9.66933
0.5,556.858,1.53274e-10,49.1004,-9.63344
0.55,555.399,1.68455e-10,54.1406,-9.59898
0.6,553.803,1.83595e-10,59.167,-9.56594
0.65,552.069,1.9869e-10,64.1784,-9.53431
0.7,550.199,2.13736e-10,69.1734,-9.50408
0.75,548.193,2.28729e-10,74.151,-9.47525
0.8,546.051,2.43665e-10,79.1098,-9.44778
0.85,543.773,2.58542e-10,84.0486,-9.42169
0.9,541.361,2.73354e-10,88.9662,-9.39694
0.95,538.815,2.881e-10,93.8615,-9.37354
1,536.136,3.02774e-10,98.7331,-9.35147
1.05,533.324,3.17373e-10,103.58,-9.33071
1.1,530.38,3.31894e-10,108.401,-9.31125
1.15,527.304,3.46333e-10,113.194,-9.29309
1.2,524.098,3.60687e-10,117.96,-9.2762
1.25,520.762,3.74952e-10,122.695,-9.26057
1.3,517.298,3.89124e-10,127.4,-9.24619
1.35,513.705,4.032e-10,132.073,-9.23304
1.4,509.985,4.17177e-10,136.713,-9.22111
1.45,506.138,4.31051e-10,141.319,-9.21039
1.5,502.167,4.44818e-10,145.89,-9.20086
1.55,498.071,4.58476e-10,150.424,-9.1925
1.6,493.851,4.7202e-10,154.92,-9.1853
1.65,489.51,4.85448e-10,159.378,-9.17925
1.7,490.97,26.8969,163.796,-9.17433
1.75,495.272,26.8863,168.174,-9.17052
1.8,499.45,26.8767,172.509,-9.16781
1.85,503.505,26.8683,176.801,-9.16618
1.9,507.435,26.8608,181.049,-9.16561
1.95,511.239,26.8544,185.252,-9.1661
2,514.917,26.8489,189.409,-9.16761
2.05,518.467,26.8443,193.519,-9.17014
2.1,521.889,26.8405,197.581,-9.17367
2.15,525.182,26.8376,201.593,-9.17817
2.2,528.344,26.8355,205.555,-9.18364
2.25,531.376,26.8342,209.466,-9.19006
2.3,534.276,26.8336,213.325,-9.1974
2.35,537.044,26.8337,217.131,-9.20566
2.4,539.679,26.8345,220.883,-9.21481
2.45,542.181,26.8358,224.579,-9.22483
2.5,544.548,26.8378,228.22,-9.2357
2.55,546.78,26.8403,231.805,-9.24742
2.6,548.877,26.8433,235.331,-9.25995
2.65,550.838,26.8467,238.799,-9.27328
2.7,552.663,26.8507,242.208,-9.2874
2.75,554.351,26.855,245.556,-9.30228
2.8,555.901,26.8596,248.844,-9.3179
2.85,557.314,26.8646,252.069,-9.33424
2.9,558.589,26.8699,255.232,-9.3513
2.95,559.726,26.8755,258.332,-9.36903
3,560.724,26.8813,261.367,-9.38744
3.05,561.583,26.8872,264.338,-9.40649
3.1,562.304,26.8933,267.243,-9.42617
3.15,562.885,26.8996,270.081,-9.44646
3.2,563.327,26.9059,272.852,-9.46733
3.25,563.629,26.9122,275.556,-9.48878
3.3,563.792,26.9186,278.191,-9.51077
3.35,563.815,26.9249,280.757,-9.5333
3.4,563.699,26.9312,283.253,-9.55633
3.45,563.443,26.9373,285.679,-9.57985
3.5,563.048,26.9434,288.034,-9.60384
3.55,562.513,26.9493,290.318,-9.62828
3.6,561.839,26.955,292.529,-9.65314
3.65,561.026,26.9604,294.668,-9.67842
3.7,560.074,26.9656,296.734,-9.70408
3.75,558.983,26.9705,298.726,-9.73011
3.8,557.754,26.9751,300.644,-9.75649
3.85,556.387,26.9793,302.487,-9.78319
3.9,554.882,26.9831,304.255,-9.81021
3.95,553.24,26.9864,305.948,-9.83751
4,551.461,26.9894,307.565,-9.86507
4.05,549.545,26.9918,309.105,-9.89288
4.1,547.494,26.9937,310.569,-9.92092
4.15,545.306,26.995,311.955,-9.94917
4.2,542.984,26.9958,313.265,-9.97759
4.25,540.528,26.996,314.496,-10.0062
4.3,537.937,26.9955,315.65,-10.0349
4.35,535.213,26.9943,316.725,-10.0638
4.4,532.357,26.9924,317.721,-10.0928
4.45,529.369,26.9898,318.639,-10.1218
4.5,526.25,26.9864,319.478,-10.1509
4.55,523.001,26.9823,320.237,-10.1801
4.6,519.622,26.9773,320.917,-10.2093
4.65,516.114,26.9715,321.517,-10.2384
4.7,512.479,26.9648,322.038,-10.2676
4.75,508.717,26.9572,322.478,-10.2968
4.8,504.828,26.9486,322.839,-10.3258
4.85,500.815,26.9391,323.12,-10.3548
4.9,496.678,26.9287,323.32,-10.3838
4.95,492.418,26.9172,323.44,-10.4125
5,488.062,26.9047,323.48,-10.4412
5.05,492.418,26.8933,323.44,-10.4697
5.1,496.678,26.8831,323.319,-10.4981
5.15,500.815,26.8739,323.118,-10.5262
5.2,504.829,26.8658,322.837,-10.5542
5.25,508.717,26.8587,322.476,-10.5819
5.3,512.479,26.8525,322.035,-10.6093
5.35,516.115,26.8473,321.514,-10.6365
5.4,519.622,26.843,320.914,-10.6634
5.45,523.001,26.8396,320.233,-10.69
5.5,526.25,26.8369,319.473,-10.7163
5.55,529.37,26.8351,318.634,-10.7423
5.6,532.358,26.834,317.716,-10.7679
5.65,535.214,26.8337,316.719,-10.7931
5.7,537.937,26.834,315.644,-10.8179
5.75,540.528,26.8349,314.49,-10.8423
5.8,542.985,26.8365,313.258,-10.8663
5.85,545.307,26.8386,311.948,-10.8898
5.9,547.494,26.8413,310.561,-10.9129
5.95,549.546,26.8445,309.097,-10.9355
6,551.461,26.8481,307.556,-10.9576
6.05,553.241,26.8521,305.939,-10.9792
6.1,554.883,26.8566,304.246,-11.0003
6.15,556.387,26.8614,302.478,-11.0208
6.2,557.754,26.8665,300.634,-11.0407
6.25,558.983,26.8719,298.716,-11.0601
6.3,560.074,26.8775,296.723,-11.0789
6.35,561.026,26.8833,294.657,-11.0971
6.4,561.839,26.8893,292.518,-11.1146
6.45,562.513,26.8955,290.307,-11.1315
6.5,563.048,26.9017,288.023,-11.1478
6.55,563.443,26.9081,285.667,-11.1634
6.6,563.699,26.9144,283.241,-11.1783
6.65,563.815,26.9208,280.744,-11.1926
6.7,563.792,26.9271,278.178,-11.2061
6.75,563.629,26.9333,275.543,-11.2189
6.8,563.327,26.9395,272.839,-11.2309
6.85,562.885,26.9454,270.067,-11.2422
6.9,562.304,26.9513,267.229,-11.2528
6.95,561.583,26.9569,264.324,-11.2625
7,560.724,26.9622,261.353,-11.2715
7.05,559.726,26.9673,258.318,-11.2797
7.1,558.589,26.9721,255.218,-11.2871
7.15,557.314,26.9766,252.055,-11.2936
7.2,555.901,26.9806,248.829,-11.2993
7.25,554.35,26.9843,245.541,-11.3042
7.3,552.662,26.9875,242.193,-11.3082
7.35,550.838,26.9903,238.784,-11.3113
7.4,548.877,26.9926,235.316,-11.3136
7.45,546.78,26.9943,231.789,-11.315
7.5,544.547,26.9954,228.205,-11.3154
7.55,542.18,26.996,224.564,-11.315
7.6,539.679,26.9959,220.867,-11.3136
7.65,537.044,26.9952,217.115,-11.3114
7.7,534.276,26.9938,213.309,-11.3082
7.75,531.376,26.9917,209.45,-11.304
7.8,528.344,26.9889,205.539,-11.2989
7.85,525.181,26.9852,201.577,-11.2928
7.9,521.889,26.9808,197.565,-11.2858
7.95,518.467,26.9755,193.503,-11.2778
8,514.917,26.9694,189.393,-11.2688
8.05,511.239,26.9624,185.236,-11.2588
8.1,507.435,26.9545,181.033,-11.2478
8.15,503.505,26.9456,176.785,-11.2358
8.2,499.45,26.9358,172.493,-11.2228
8.25,495.271,26.925,168.158,-11.2088
8.3,490.97,26.9132,163.781,-11.1938
8.35,489.51,4.85448e-10,159.363,-11.1778
8.4,493.851,4.7202e-10,154.905,-11.1607
8.45,498.071,4.58476e-10,150.409,-11.1426
8.5,502.167,4.44818e-10,145.875,-11.1234
8.55,506.139,4.31051e-10,141.305,-11.1032
8.6,509.985,4.17177e-10,136.699,-11.082
8.65,513.705,4.032e-10,132.059,-11.0597
8.7,517.298,3.89124e-10,127.387,-11.0364
8.75,520.763,3.74952e-10,122.682,-11.012
8.8,524.099,3.60687e-10,117.946,-10.9865
8.85,527.305,3.46333e-10,113.182,-10.96
8.9,530.38,3.31894e-10,108.388,-10.9325
8.95,533.324,3.17373e-10,103.568,-10.9038
9,536.136,3.02774e-10,98.7214,-10.8742
9.05,538.816,2.881e-10,93.8502,-10.8434
9.1,541.362,2.73354e-10,88.9553,-10.8116
9.15,543.774,2.58542e-10,84.0381,-10.7787
9.2,546.051,2.43665e-10,79.0998,-10.7447
9.25,548.193,2.28729e-10,74.1415,-10.7097
9.3,550.2,2.13736e-10,69.1644,-10.6737
9.35,552.07,1.9869e-10,64.1699,-10.6365
9.4,553.803,1.83595e-10,59.1591,-10.5983
9.45,555.4,1.68455e-10,54.1332,-10.5591
9.5,556.858,1.53274e-10,49.0936,-10.5187
9.55,558.18,1.38054e-10,44.0414,-10.4774
9.6,559.362,1.22801e-10,38.9779,-10.4349
9.65,560.407,1.07517e-10,33.9044,-10.3914
9.7,561.312,9.22069e-11,28.8221,-10.3469
9.75,562.079,7.68739e-11,23.7322,-10.3013
9.8,562.707,6.15219e-11,18.6361,-10.2547
9.85,563.195,4.61547e-11,13.5349,-10.2071
9.9,563.544,3.07761e-11,8.42994,-10.1584
9.95,563.753,1.539e-11,3.32247,-10.1087
10,563.823,-2.68864e-24,-1.73248,1.1372e-10
10.05,563.753,-1.539e-11,3.32324,10.0087
10.1,563.544,-3.07761e-11,8.43146,9.96105
10.15,563.195,-4.61547e-11,13.5371,9.91486
10.2,562.706,-6.15219e-11,18.639,9.87017
10.25,562.079,-7.68739e-11,23.7359,9.82696
10.3,561.312,-9.22069e-11,28.8264,9.78524
10.35,560.407,-1.07517e-10,33.9094,9.745
10.4,559.362,-1.22801e-10,38.9836,9.70621
10.45,558.179,-1.38054e-10,44.0476,9.66888
10.5,556.858,-1.53274e-10,49.1004,9.63299
10.55,555.399,-1.68455e-10,54.1406,9.59853
10.6,553.803,-1.83595e-10,59.167,9.5655
10.65,552.069,-1.9869e-10,64.1784,9.53387
10.7,550.199,-2.13736e-10,69.1734,9.50365
10.75,548.193,-2.28729e-10,74.151,9.47481
10.8,546.051,-2.43665e-10,79.1098,9.44735
10.85,543.773,-2.58542e-10,84.0486,9.42126
10.9,541.361,-2.73354e-10,88.9662,9.39652
10.95,538.815,-2.881e-10,93.8615,9.37312
11,536.136,-3.02774e-10,98.7331,9.35104
11.05,533.324,-3.17373e-10,103.58,9.33029
11.1,530.38,-3.31894e-10,108.401,9.31083
11.15,527.304,-3.46333e-10,113.194,9.29267
11.2,524.098,-3.60687e-10,117.96,9.27578
11.25,520.762,-3.74952e-10,122.695,9.26015
11.3,517.298,-3.89124e-10,127.4,9.24577
11.35,513.705,-4.032e-10,132.073,9.23263
11.4,509.985,-4.17177e-10,136.713,9.2207
11.45,506.138,-4.31051e-10,141.319,9.20998
11.5,502.167,-4.44818e-10,145.89,9.20045
11.55,498.071,-4.58476e-10,150.424,9.1921
11.6,493.851,-4.7202e-10,154.92,9.1849
11.65,489.51,-4.85448e-10,159.378,9.17886
11.7,490.97,-26.8975,163.796,9.17393
11.75,495.272,-26.8869,168.174,9.17013
11.8,499.45,-26.8774,172.509,9.16742
11.85,503.505,-26.8689,176.801,9.16579
11.9,507.435,-26.8614,181.049,9.16523
11.95,511.239,-26.855,185.252,9.16571
12,514.917,-26.8495,189.409,9.16723
12.05,518.467,-26.8449,193.519,9.16976
12.1,521.889,-26.8411,197.581,9.17329
12.15,525.182,-26.8382,201.593,9.17779
12.2,528.344,-26.8361,205.555,9.18327
12.25,531.376,-26.8348,209.466,9.18969
12.3,534.276,-26.8342,213.325,9.19703
12.35,537.044,-26.8343,217.131,9.20529
12.4,539.679,-26.835,220.883,9.21444
12.45,542.181,-26.8364,224.579,9.22446
12.5,544.548,-26.8383,228.22,9.23534
12.55,546.78,-26.8408,231.805,9.24705
12.6,548.877,-26.8438,235.331,9.25959
12.65,550.838,-26.8473,238.799,9.27292
12.7,552.663,-26.8512,242.208,9.28704
12.75,554.351,-26.8555,245.556,9.30192
12.8,555.901,-26.8602,248.844,9.31754
12.85,557.314,-26.8652,252.069,9.33389
12.9,558.589,-26.8705,255.232,9.35094
12.95,559.726,-26.876,258.332,9.36868
13,560.724,-26.8818,261.367,9.38709
13.05,561.583,-26.8878,264.338,9.40614
13.1,562.304,-26.8939,267.243,9.42583
13.15,562.885,-26.9001,270.081,9.44611
13.2,563.327,-26.9064,272.852,9.46699
13.25,563.629,-26.9127,275.556,9.48844
13.3,563.792,-26.9191,278.191,9.51044
13.35,563.815,-26.9254,280.757,9.53296
13.4,563.699,-26.9317,283.253,9.55599
13.45,563.443,-26.9379,285.679,9.57952
13.5,563.048,-26.9439,288.034,9.60351
13.55,562.513,-26.9498,290.318,9.62795
13.6,561.839,-26.9555,292.529,9.65281
13.65,561.026,-26.9609,294.668,9.67809
13.7,560.074,-26.9661,296.734,9.70376
13.75,558.983,-26.971,298.726,9.72979
13.8,557.754,-26.9756,300.644,9.75617
13.85,556.387,-26.9798,302.487,9.78288
13.9,554.882,-26.9836,304.255,9.80989
13.95,553.24,-26.9869,305.948,9.83719
14,551.461,-26.9899,307.565,9.86476
14.05,549.545,-26.9923,309.105,9.89257
14.1,547.494,-26.9942,310.569,9.92061
14.15,545.306,-26.9955,311.955,9.94886
14.2,542.984,-26.9963,313.265,9.97728
14.25,540.528,-26.9964,314.496,10.0059
14.3,537.937,-26.9959,315.65,10.0346
14.35,535.213,-26.9948,316.725,10.0635
14.4,532.357,-26.9929,317.721,10.0925
14.45,529.369,-26.9903,318.639,10.1215
14.5,526.25,-26.9869,319.478,10.1506
14.55,523.001,-26.9828,320.237,10.1798
14.6,519.622,-26.9778,320.917,10.209
14.65,516.114,-26.9719,321.517,10.2382
14.7,512.479,-26.9652,322.038,10.2673
14.75,508.717,-26.9576,322.478,10.2965
14.8,504.828,-26.9491,322.839,10.3255
14.85,500.815,-26.9396,323.12,10.3546
14.9,496.678,-26.9291,323.32,10.3835
14.95,492.418,-26.9176,323.44,10.4123
15,488.062,-26.9051,323.48,10.4409
15.05,492.418,-26.8938,323.44,10.4694
15.1,496.678,-26.8835,323.319,10.4978
15.15,500.815,-26.8743,323.118,10.5259
15.2,504.829,-26.8662,322.837,10.5539
15.25,508.717,-26.8591,322.476,10.5816
15.3,512.479,-26.853,322.035,10.609
15.35,516.115,-26.8477,321.514,10.6362
15.4,519.622,-26.8434,320.914,10.6632
15.45,523.001,-26.84,320.233,10.6898
15.5,526.25,-26.8374,319.473,10.7161
15.55,529.37,-26.8355,318.634,10.742
15.6,532.358,-26.8344,317.716,10.7676
15.65,535.214,-26.8341,316.719,10.7928
15.7,537.937,-26.8344,315.644,10.8176
15.75,540.528,-26.8353,314.49,10.842
15.8,542.985,-26.8369,313.258,10.866
15.85,545.307,-26.839,311.948,10.8896
15.9,547.494,-26.8417,310.561,10.9126
15.95,549.546,-26.8449,309.097,10.9352
16,551.461,-26.8485,307.556,10.9573
16.05,553.241,-26.8525,305.939,10.9789
16.1,554.883,-26.857,304.246,11
16.15,556.387,-26.8618,302.478,11.0205
16.2,557.754,-26.8669,300.634,11.0405
16.25,558.983,-26.8722,298.716,11.0599
16.3,560.074,-26.8779,296.724,11.0786
16.35,561.026,-26.8837,294.657,11.0968
16.4,561.839,-26.8897,292.518,11.1144
16.45,562.513,-26.8959,290.307,11.1313
16.5,563.048,-26.9021,288.023,11.1476
16.55,563.443,-26.9084,285.667,11.1632
16.6,563.699,-26.9148,283.241,11.1781
16.65,563.815,-26.9211,280.744,11.1923
16.7,563.792,-26.9275,278.178,11.2058
16.75,563.629,-26.9337,275.543,11.2186
16.8,563.327,-26.9398,272.839,11.2307
16.85,562.885,-26.9458,270.067,11.242
16.9,562.304,-26.9516,267.229,11.2525
16.95,561.583,-26.9572,264.324,11.2623
17,560.724,-26.9626,261.353,11.2713
17.05,559.726,-26.9677,258.318,11.2795
17.1,558.589,-26.9725,255.218,11.2868
17.15,557.314,-26.9769,252.055,11.2934
17.2,555.901,-26.981,248.829,11.2991
17.25,554.35,-26.9847,245.541,11.304
17.3,552.662,-26.9879,242.193,11.308
17.35,550.838,-26.9907,238.784,11.3111
17.4,548.877,-26.9929,235.316,11.3134
17.45,546.78,-26.9946,231.789,11.3147
17.5,544.547,-26.9958,228.205,11.3152
17.55,542.18,-26.9963,224.564,11.3148
17.6,539.679,-26.9963,220.867,11.3134
17.65,537.044,-26.9956,217.115,11.3112
17.7,534.276,-26.9942,213.309,11.3079
17.75,531.376,-26.9921,209.45,11.3038
17.8,528.344,-26.9892,205.539,11.2987
17.85,525.181,-26.9856,201.577,11.2926
17.9,521.889,-26.9811,197.565,11.2856
17.95,518.467,-26.9759,193.503,11.2776
18,514.917,-26.9697,189.393,11.2686
18.05,511.239,-26.9627,185.236,11.2586
18.1,507.435,-26.9548,181.033,11.2476
18.15,503.505,-26.946,176.785,11.2356
18.2,499.45,-26.9362,172.493,11.2226
18.25,495.271,-26.9253,168.158,11.2086
18.3,490.97,-26.9135,163.781,11.1936
18.35,489.51,-4.85448e-10,159.363,11.1776
18.4,493.851,-4.7202e-10,154.905,11.1605
18.45,498.071,-4.58476e-10,150.409,11.1424
18.5,502.167,-4.44818e-10,145.875,11.1232
18.55,506.139,-4.31051e-10,141.305,11.103
18.6,509.985,-4.17177e-10,136.699,11.0818
18.65,513.705,-4.032e-10,132.059,11.0595
18.7,517.298,-3.89124e-10,127.387,11.0362
18.75,520.763,-3.74952e-10,122.682,11.0118
18.8,524.099,-3.60687e-10,117.946,10.9863
18.85,527.305,-3.46333e-10,113.182,10.9598
18.9,530.38,-3.31894e-10,108.388,10.9323
18.95,533.324,-3.17373e-10,103.568,10.9037
19,536.136,-3.02774e-10,98.7214,10.874
19.05,538.816,-2.881e-10,93.8502,10.8432
19.1,541.362,-2.73354e-10,88.9553,10.8114
19.15,543.774,-2.58542e-10,84.0381,10.7785
19.2,546.051,-2.43665e-10,79.0998,10.7446
19.25,548.193,-2.28729e-10,74.1415,10.7095
19.3,550.2,-2.13736e-10,69.1644,10.6735
19.35,552.07,-1.9869e-10,64.1699,10.6363
19.4,553.803,-1.83595e-10,59.1591,10.5981
19.45,555.4,-1.68455e-10,54.1332,10.5589
19.5,556.858,-1.53274e-10,49.0936,10.5186
19.55,558.18,-1.38054e-10,44.0414,10.4772
19.6,559.362,-1.22801e-10,38.9779,10.4347
19.65,560.407,-1.07517e-10,33.9044,10.3913
19.7,561.312,-9.22069e-11,28.8221,10.3467
19.75,562.079,-7.68739e-11,23.7322,10.3012
19.8,562.707,-6.15219e-11,18.6361,10.2546
19.85,563.195,-4.61547e-11,13.5349,10.2069
19.9,563.544,-3.07761e-11,8.42994,10.1582
19.95,563.753,-1.539e-11,3.32248,10.1085
20,563.823,-1.03444e-24,-1.73248,4.13242e-11
20.05,563.753,1.539e-11,3.32325,-10.0086
20.1,563.544,3.07761e-11,8.43146,-9.96088
20.15,563.195,4.61547e-11,13.5371,-9.91469
20.2,562.706,6.15219e-11,18.639,-9.87
20.25,562.079,7.68739e-11,23.7359,-9.8268
20.3,561.312,9.22069e-11,28.8264,-9.78508
20.35,560.407,1.07517e-10,33.9094,-9.74483
20.4,559.362,1.22801e-10,38.9836,-9.70605
20.45,558.179,1.38054e-10,44.0476,-9.66871
20.5,556.858,1.53274e-10,49.1004,-9.63283
20.55,555.399,1.68455e-10,54.1406,-9.59837
20.6,553.803,1.83595e-10,59.167,-9.56533
20.65,552.069,1.9869e-10,64.1784,-9.53371
20.7,550.199,2.13736e-10,69.1734,-9.50349
20.75,548.193,2.28729e-10,74.151,-9.47465
20.8,546.051,2.43665e-10,79.1098,-9.44719
20.85,543.773,2.58542e-10,84.0486,-9.4211
20.9,541.361,2.73354e-10,88.9662,-9.39636
20.95,538.815,2.881e-10,93.8615,-9.37296
21,536.136,3.02774e-10,98.7331,-9.35089
21.05,533.324,3.17373e-10,103.58,-9.33013
21.1,530.38,3.31894e-10,108.401,-9.31068
21.15,527.304,3.46333e-10,113.194,-9.29251
21.2,524.098,3.60687e-10,117.96,-9.27563
21.25,520.762,3.74952e-10,122.695,-9.26
21.3,517.298,3.89124e-10,127.4,-9.24562
21.35,513.705,4.032e-10,132.073,-9.23248
21.4,509.985,4.17177e-10,136.713,-9.22055
21.45,506.138,4.31051e-10,141.319,-9.20983
21.5,502.167,4.44818e-10,145.89,-9.20031
21.55,498.071,4.58476e-10,150.424,-9.19195
21.6,493.851,4.7202e-10,154.92,-9.18476
21.65,489.51,4.85448e-10,159.378,-9.17871
21.7,490.97,26.8977,163.796,-9.17379
21.75,495.272,26.8871,168.174,-9.16998
21.8,499.45,26.8776,172.509,-9.16727
21.85,503.505,26.8691,176.801,-9.16565
21.9,507.435,26.8617,181.049,-9.16508
21.95,511.239,26.8552,185.252,-9.16557
22,514.917,26.8497,189.409,-9.16708
22.05,518.467,26.8451,193.519,-9.16962
22.1,521.889,26.8413,197.581,-9.17315
22.15,525.182,26.8384,201.593,-9.17766
22.2,528.344,26.8363,205.555,-9.18313
22.25,531.376,26.835,209.466,-9.18955
22.3,534.276,26.8344,213.325,-9.19689
22.35,537.044,26.8345,217.131,-9.20515
22.4,539.679,26.8352,220.883,-9.2143
22.45,542.181,26.8366,224.579,-9.22432
22.5,544.548,26.8386,228.22,-9.2352
22.55,546.78,26.841,231.805,-9.24692
22.6,548.877,26.844,235.331,-9.25945
22.65,550.838,26.8475,238.799,-9.27279
22.7,552.663,26.8514,242.208,-9.28691
22.75,554.351,26.8557,245.556,-9.30179
22.8,555.901,26.8604,248.844,-9.31741
22.85,557.314,26.8654,252.069,-9.33376
22.9,558.589,26.8707,255.232,-9.35081
22.95,559.726,26.8762,258.332,-9.36855
23,560.724,26.882,261.367,-9.38696
23.05,561.583,26.888,264.338,-9.40602
23.1,562.304,26.8941,267.243,-9.4257
23.15,562.885,26.9003,270.081,-9.44599
23.2,563.327,26.9066,272.852,-9.46687
23.25,563.629,26.9129,275.556,-9.48831
23.3,563.792,26.9193,278.191,-9.51031
23.35,563.815,26.9256,280.757,-9.53284
23.4,563.699,26.9319,283.253,-9.55587
23.45,563.443,26.9381,285.679,-9.57939
23.5,563.048,26.9441,288.034,-9.60338
23.55,562.513,26.95,290.318,-9.62782
23.6,561.839,26.9557,292.529,-9.65269
23.65,561.026,26.9611,294.668,-9.67797
23.7,560.074,26.9663,296.734,-9.70364
23.75,558.983,26.9712,298.726,-9.72967
23.8,557.754,26.9757,300.644,-9.75605
23.85,556.387,26.9799,302.487,-9.78276
23.9,554.882,26.9837,304.255,-9.80977
23.95,553.24,26.9871,305.948,-9.83707
24,551.461,26.99,307.565,-9.86464
24.05,549.545,26.9925,309.105,-9.89246
24.1,547.494,26.9944,310.569,-9.9205
24.15,545.306,26.9957,311.955,-9.94874
24.2,542.984,26.9965,313.265,-9.97717
24.25,540.528,26.9966,314.496,-10.0058
24.3,537.937,26.9961,315.65,-10.0345
24.35,535.213,26.995,316.725,-10.0634
24.4,532.357,26.9931,317.721,-10.0923
24.45,529.369,26.9905,318.639,-10.1214
24.5,526.25,26.9871,319.478,-10.1505
24.55,523.001,26.9829,320.237,-10.1797
24.6,519.622,26.9779,320.917,-10.2089
24.65,516.114,26.9721,321.517,-10.238
24.7,512.479,26.9654,322.038,-10.2672
24.75,508.717,26.9578,322.478,-10.2964
24.8,504.828,26.9493,322.839,-10.3254
24.85,500.815,26.9398,323.12,-10.3544
24.9,496.678,26.9293,323.32,-10.3834
24.95,492.418,26.9178,323.44,-10.4122
25,488.062,26.9053,323.48,-10.4408
25.05,492.418,26.8939,323.44,-10.4693
25.1,496.678,26.8837,323.319,-10.4977
25.15,500.815,26.8745,323.118,-10.5258
25.2,504.829,26.8664,322.837,-10.5538
25.25,508.717,26.8593,322.476,-10.5815
25.3,512.479,26.8531,322.035,-10.6089
25.35,516.115,26.8479,321.514,-10.6361
25.4,519.622,26.8436,320.914,-10.6631
25.45,523.001,26.8401,320.233,-10.6897
25.5,526.25,26.8375,319.473,-10.716
25.55,529.37,26.8357,318.634,-10.7419
25.6,532.358,26.8346,317.716,-10.7675
25.65,535.214,26.8342,316.719,-10.7927
25.7,537.937,26.8345,315.644,-10.8175
25.75,540.528,26.8355,314.49,-10.8419
25.8,542.985,26.8371,313.258,-10.8659
25.85,545.307,26.8392,311.948,-10.8895
25.9,547.494,26.8419,310.561,-10.9125
25.95,549.546,26.845,309.097,-10.9351
26,551.461,26.8486,307.556,-10.9573
26.05,553.241,26.8527,305.939,-10.9788
26.1,554.883,26.8571,304.246,-10.9999
26.15,556.387,26.8619,302.478,-11.0204
26.2,557.754,26.867,300.634,-11.0404
26.25,558.983,26.8724,298.716,-11.0598
26.3,560.074,26.878,296.724,-11.0785
26.35,561.026,26.8839,294.657,-11.0967
26.4,561.839,26.8899,292.518,-11.1143
26.45,562.513,26.896,290.307,-11.1312
26.5,563.048,26.9023,288.023,-11.1475
26.55,563.443,26.9086,285.667,-11.1631
26.6,563.699,26.9149,283.241,-11.178
26.65,563.815,26.9213,280.744,-11.1922
26.7,563.792,26.9276,278.178,-11.2057
26.75,563.629,26.9338,275.543,-11.2185
26.8,563.327,26.94,272.839,-11.2306
26.85,562.885,26.946,270.067,-11.2419
26.9,562.304,26.9518,267.229,-11.2524
26.95,561.583,26.9574,264.324,-11.2622
27,560.724,26.9627,261.353,-11.2712
27.05,559.726,26.9678,258.318,-11.2794
27.1,558.589,26.9726,255.218,-11.2867
27.15,557.314,26.9771,252.055,-11.2933
27.2,555.901,26.9811,248.829,-11.299
27.25,554.35,26.9848,245.541,-11.3039
27.3,552.662,26.988,242.193,-11.3079
27.35,550.838,26.9908,238.784,-11.311
27.4,548.877,26.993,235.316,-11.3133
27.45,546.78,26.9948,231.789,-11.3147
27.5,544.547,26.9959,228.205,-11.3151
27.55,542.18,26.9965,224.564,-11.3147
27.6,539.679,26.9964,220.867,-11.3133
27.65,537.044,26.9957,217.115,-11.3111
27.7,534.276,26.9943,213.309,-11.3079
27.75,531.376,26.9922,209.45,-11.3037
27.8,528.344,26.9893,205.539,-11.2986
27.85,525.181,26.9857,201.577,-11.2925
27.9,521.889,26.9812,197.565,-11.2855
27.95,518.467,26.976,193.503,-11.2775
28,514.917,26.9699,189.393,-11.2685
28.05,511.239,26.9629,185.236,-11.2585
28.1,507.435,26.9549,181.033,-11.2475
28.15,503.505,26.9461,176.785,-11.2355
28.2,499.45,26.9363,172.493,-11.2226
28.25,495.271,26.9255,168.158,-11.2085
28.3,490.97,26.9136,163.781,-11.1935
28.35,489.51,4.85448e-10,159.363,-11.1775
28.4,493.851,4.7202e-10,154.905,-11.1604
28.45,498.071,4.58476e-10,150.409,-11.1423
28.5,502.167,4.44818e-10,145.875,-11.1231
28.55,506.139,4.31051e-10,141.305,-11.103
28.6,509.985,4.17177e-10,136.699,-11.0817
28.65,513.705,4.032e-10,132.059,-11.0594
28.7,517.298,3.89124e-10,127.387,-11.0361
28.75,520.763,3.74952e-10,122.682,-11.0117
28.8,524.099,3.60687e-10,117.946,-10.9863
28.85,527.305,3.46333e-10,113.182,-10.9598
28.9,530.38,3.31894e-10,108.388,-10.9322
28.95,533.324,3.17373e-10,103.568,-10.9036
29,536.136,3.02774e-10,98.7214,-10.8739
29.05,538.816,2.881e-10,93.8502,-10.8431
29.1,541.362,2.73354e-10,88.9553,-10.8113
29.15,543.774,2.58542e-10,84.0381,-10.7784
29.2,546.051,2.43665e-10,79.0998,-10.7445
29.25,548.193,2.28729e-10,74.1415,-10.7095
29.3,550.2,2.13736e-10,69.1644,-10.6734
29.35,552.07,1.9869e-10,64.1699,-10.6363
29.4,553.803,1.83595e-10,59.1591,-10.5981
29.45,555.4,1.68455e-10,54.1332,-10.5588
29.5,556.858,1.53274e-10,49.0936,-10.5185
29.55,558.18,1.38054e-10,44.0414,-10.4771
29.6,559.362,1.22801e-10,38.9779,-10.4347
29.65,560.407,1.07517e-10,33.9044,-10.3912
29.7,561.312,9.22069e-11,28.8221,-10.3467
29.75,562.079,7.68739e-11,23.7322,-10.3011
29.8,562.707,6.15219e-11,18.6361,-10.2545
29.85,563.195,4.61547e-11,13.5349,-10.2068
29.9,563.544,3.07761e-11,8.42994,-10.1582
29.95,563.753,1.539e-11,3.32248,-10.1084
30,563.823,-2.48172e-24,-1.73248,1.03373e-10
30.05,563.753,-1.539e-11,3.32325,10.0085
30.1,563.544,-3.07761e-11,8.43146,9.96081
30.15,563.195,-4.61547e-11,13.5371,9.91462
30.2,562.706,-6.15219e-11,18.639,9.86993
30.25,562.079,-7.68739e-11,23.7359,9.82673
30.3,561.312,-9.22069e-11,28.8264,9.78502
30.35,560.407,-1.07517e-10,33.9094,9.74477
30.4,559.362,-1.22801e-10,38.9836,9.70598
30.45,558.179,-1.38054e-10,44.0476,9.66865
30.5,556.858,-1.53274e-10,49.1004,9.63276
30.55,555.399,-1.68455e-10,54.1406,9.59831
30.6,553.803,-1.83595e-10,59.167,9.56527
30.65,552.069,-1.9869e-10,64.1784,9.53365
30.7,550.199,-2.13736e-10,69.1734,9.50343
30.75,548.193,-2.28729e-10,74.151,9.47459
30.8,546.051,-2.43665e-10,79.1098,9.44713
30.85,543.773,-2.58542e-10,84.0486,9.42104
30.9,541.361,-2.73354e-10,88.9662,9.3963
30.95,538.815,-2.881e-10,93.8615,9.3729
31,536.136,-3.02774e-10,98.7331,9.35083
31.05,533.324,-3.17373e-10,103.58,9.33007
31.1,530.38,-3.31894e-10,108.401,9.31062
31.15,527.304,-3.46333e-10,113.194,9.29246
31.2,524.098,-3.60687e-10,117.96,9.27557
31.25,520.762,-3.74952e-10,122.695,9.25994
31.3,517.298,-3.89124e-10,127.4,9.24557
31.35,513.705,-4.032e-10,132.073,9.23242
31.4,509.985,-4.17177e-10,136.713,9.2205
31.45,506.138,-4.31051e-10,141.319,9.20978
31.5,502.167,-4.44818e-10,145.89,9.20025
31.55,498.071,-4.58476e-10,150.424,9.1919
31.6,493.851,-4.7202e-10,154.92,9.1847
31.65,489.51,-4.85448e-10,159.378,9.17865
31.7,490.97,-26.8978,163.796,9.17373
31.75,495.272,-26.8872,168.174,9.16993
31.8,499.45,-26.8777,172.509,9.16722
31.85,503.505,-26.8692,176.801,9.16559
31.9,507.435,-26.8618,181.049,9.16503
31.95,511.239,-26.8553,185.252,9.16551
32,514.917,-26.8498,189.409,9.16703
32.05,518.467,-26.8452,193.519,9.16956
32.1,521.889,-26.8414,197.581,9.17309
32.15,525.182,-26.8385,201.593,9.1776
32.2,528.344,-26.8364,205.555,9.18308
32.25,531.376,-26.8351,209.466,9.1895
32.3,534.276,-26.8345,213.325,9.19684
32.35,537.044,-26.8346,217.131,9.2051
32.4,539.679,-26.8353,220.883,9.21425
32.45,542.181,-26.8367,224.579,9.22427
32.5,544.548,-26.8386,228.22,9.23515
32.55,546.78,-26.8411,231.805,9.24687
32.6,548.877,-26.8441,235.331,9.25941
32.65,550.838,-26.8476,238.799,9.27274
32.7,552.663,-26.8515,242.208,9.28686
32.75,554.351,-26.8558,245.556,9.30174
32.8,555.901,-26.8605,248.844,9.31736
32.85,557.314,-26.8655,252.069,9.33371
32.9,558.589,-26.8708,255.232,9.35077
32.95,559.726,-26.8763,258.332,9.36851
33,560.724,-26.8821,261.367,9.38691
33.05,561.583,-26.888,264.338,9.40597
33.1,562.304,-26.8942,267.243,9.42565
33.15,562.885,-26.9004,270.081,9.44594
33.2,563.327,-26.9067,272.852,9.46682
33.25,563.629,-26.913,275.556,9.48827
33.3,563.792,-26.9194,278.191,9.51026
33.35,563.815,-26.9257,280.757,9.53279
33.4,563.699,-26.932,283.253,9.55582
33.45,563.443,-26.9381,285.679,9.57935
33.5,563.048,-26.9442,288.034,9.60334
33.55,562.513,-26.95,290.318,9.62778
33.6,561.839,-26.9557,292.529,9.65265
33.65,561.026,-26.9612,294.668,9.67793
33.7,560.074,-26.9664,296.734,9.70359
33.75,558.983,-26.9713,298.726,9.72963
33.8,557.754,-26.9758,300.644,9.75601
33.85,556.387,-26.98,302.487,9.78271
33.9,554.882,-26.9838,304.255,9.80973
33.95,553.24,-26.9872,305.948,9.83703
34,551.461,-26.9901,307.565,9.8646
34.05,549.545,-26.9925,309.105,9.89241
34.1,547.494,-26.9944,310.569,9.92045
34.15,545.306,-26.9958,311.955,9.9487
34.2,542.984,-26.9965,313.265,9.97713
34.25,540.528,-26.9967,314.496,10.0057
34.3,537.937,-26.9962,315.65,10.0345
34.35,535.213,-26.995,316.725,10.0633
34.4,532.357,-26.9931,317.721,10.0923
34.45,529.369,-26.9905,318.639,10.1214
34.5,526.25,-26.9872,319.478,10.1505
34.55,523.001,-26.983,320.237,10.1796
34.6,519.622,-26.978,320.917,10.2088
34.65,516.114,-26.9722,321.517,10.238
34.7,512.479,-26.9655,322.038,10.2672
34.75,508.717,-26.9579,322.478,10.2963
34.8,504.828,-26.9493,322.839,10.3254
34.85,500.815,-26.9398,323.12,10.3544
34.9,496.678,-26.9293,323.32,10.3833
34.95,492.418,-26.9179,323.44,10.4121
35,488.062,-26.9053,323.48,10.4408
35.05,492.418,-26.894,323.44,10.4693
35.1,496.678,-26.8837,323.319,10.4976
35.15,500.815,-26.8746,323.118,10.5258
35.2,504.829,-26.8664,322.837,10.5537
35.25,508.717,-26.8593,322.476,10.5814
35.3,512.479,-26.8532,322.035,10.6089
35.35,516.115,-26.848,321.514,10.6361
35.4,519.622,-26.8437,320.914,10.663
35.45,523.001,-26.8402,320.233,10.6896
35.5,526.25,-26.8376,319.473,10.7159
35.55,529.37,-26.8357,318.634,10.7419
35.6,532.358,-26.8347,317.716,10.7675
35.65,535.214,-26.8343,316.719,10.7927
35.7,537.937,-26.8346,315.644,10.8175
35.75,540.528,-26.8356,314.49,10.8419
35.8,542.985,-26.8371,313.258,10.8659
35.85,545.307,-26.8392,311.948,10.8894
35.9,547.494,-26.8419,310.561,10.9125
35.95,549.546,-26.8451,309.097,10.9351
36,551.461,-26.8487,307.556,10.9572
36.05,553.241,-26.8527,305.939,10.9788
36.1,554.883,-26.8572,304.246,10.9999
36.15,556.387,-26.862,302.478,11.0204
36.2,557.754,-26.8671,300.634,11.0403
36.25,558.983,-26.8724,298.716,11.0597
36.3,560.074,-26.8781,296.724,11.0785
36.35,561.026,-26.8839,294.657,11.0967
36.4,561.839,-26.8899,292.518,11.1143
36.45,562.513,-26.8961,290.307,11.1312
36.5,563.048,-26.9023,288.023,11.1474
36.55,563.443,-26.9086,285.667,11.163
36.6,563.699,-26.915,283.241,11.178
36.65,563.815,-26.9213,280.744,11.1922
36.7,563.792,-26.9276,278.178,11.2057
36.75,563.629,-26.9339,275.543,11.2185
36.8,563.327,-26.94,272.839,11.2306
36.85,562.885,-26.946,270.067,11.2419
36.9,562.304,-26.9518,267.229,11.2524
36.95,561.583,-26.9574,264.324,11.2622
37,560.724,-26.9628,261.353,11.2712
37.05,559.726,-26.9679,258.318,11.2793
37.1,558.589,-26.9727,255.218,11.2867
37.15,557.314,-26.9771,252.055,11.2933
37.2,555.901,-26.9812,248.829,11.299
37.25,554.35,-26.9848,245.541,11.3038
37.3,552.662,-26.9881,242.193,11.3078
37.35,550.838,-26.9908,238.784,11.311
37.4,548.877,-26.9931,235.316,11.3133
37.45,546.78,-26.9948,231.789,11.3146
37.5,544.547,-26.996,228.205,11.3151
37.55,542.18,-26.9965,224.564,11.3147
37.6,539.679,-26.9965,220.867,11.3133
37.65,537.044,-26.9957,217.115,11.311
37.7,534.276,-26.9943,213.309,11.3078
37.75,531.376,-26.9922,209.45,11.3037
37.8,528.344,-26.9894,205.539,11.2986
37.85,525.181,-26.9857,201.577,11.2925
37.9,521.889,-26.9813,197.565,11.2855
37.95,518.467,-26.976,193.503,11.2774
38,514.917,-26.9699,189.393,11.2685
38.05,511.239,-26.9629,185.236,11.2585
38.1,507.435,-26.955,181.033,11.2475
38.15,503.505,-26.9461,176.785,11.2355
38.2,499.45,-26.9363,172.493,11.2225
38.25,495.271,-26.9255,168.158,11.2085
38.3,490.97,-26.9137,163.781,11.1935
38.35,489.51,-4.85448e-10,159.363,11.1775
38.4,493.851,-4.7202e-10,154.905,11.1604
38.45,498.071,-4.58476e-10,150.409,11.1423
38.5,502.167,-4.44818e-10,145.875,11.1231
38.55,506.139,-4.31051e-10,141.305,11.1029
38.6,509.985,-4.17177e-10,136.699,11.0817
38.65,513.705,-4.032e-10,132.059,11.0594
38.7,517.298,-3.89124e-10,127.387,11.0361
38.75,520.763,-3.74952e-10,122.682,11.0117
38.8,524.099,-3.60687e-10,117.946,10.9862
38.85,527.305,-3.46333e-10,113.182,10.9597
38.9,530.38,-3.31894e-10,108.388,10.9322
38.95,533.324,-3.17373e-10,103.568,10.9036
39,536.136,-3.02774e-10,98.7214,10.8739
39.05,538.816,-2.881e-10,93.8502,10.8431
39.1,541.362,-2.73354e-10,88.9553,10.8113
39.15,543.774,-2.58542e-10,84.0381,10.7784
39.2,546.051,-2.43665e-10,79.0998,10.7445
39.25,548.193,-2.28729e-10,74.1415,10.7095
39.3,550.2,-2.13736e-10,69.1644,10.6734
39.35,552.07,-1.9869e-10,64.1699,10.6362
39.4,553.803,-1.83595e-10,59.1591,10.598
39.45,555.4,-1.68455e-10,54.1332,10.5588
39.5,556.858,-1.53274e-10,49.0936,10.5185
39.55,558.18,-1.38054e-10,44.0414,10.4771
39.6,559.362,-1.22801e-10,38.9779,10.4347
39.65,560.407,-1.07517e-10,33.9044,10.3912
39.7,561.312,-9.22069e-11,28.8221,10.3466
39.75,562.079,-7.68739e-11,23.7322,10.3011
39.8,562.707,-6.15219e-11,18.6361,10.2545
39.85,563.195,-4.61547e-11,13.5349,10.2068
39.9,563.544,-3.07761e-11,8.42994,10.1581
39.95,563.753,-1.539e-11,3.32248,10.1084
