tol_0p1pct_db,tol_1pct_db
103.006,104.44
117.329,92.607
95.8172,76.1887
104.264,84.1132
98.6036,77.7885
110.4,110.77
103.553,97.5885
95.8493,89.9035
99.9776,79.6346
99.3485,101.901
91.887,90.0402
94.5861,70.7148
112.359,86.0633
134.734,86.3138
95.2534,86.6406
98.879,84.4169
117.548,75.5532
101.725,75.2498
102.399,80.9099
105.178,79.391
92.6403,82.4987
98.219,82.6799
104.743,96.5715
96.9759,97.9341
92.1392,77.013
115.778,81.3488
112.213,74.1483
97.9158,79.0696
98.6934,78.9911
101.74,80.3494
98.186,79.7305
101.627,89.3891
107.651,79.8227
91.8339,100.036
102.961,86.2389
93.2711,78.252
100.56,86.5775
125.745,77.295
97.182,92.3625
104.142,77.1887
99.1008,77.9911
101.908,89.0353
99.0264,81.2548
112.673,74.7284
104.771,71.2697
100.711,76.709
96.212,75.5804
105.87,80.4501
99.2429,78.8705
102.435,90.0548
129.815,83.6364
151.923,81.1572
113.569,76.2229
107.185,85.0082
91.0545,95.4895
97.2551,78.5927
97.9446,79.6787
107.787,93.575
101.977,97.0354
105.635,97.4448
92.3126,75.9554
101.433,76.477
97.0416,80.175
96.9245,89.1799
106.017,103.58
103.332,77.7504
97.1572,80.3205
105.147,82.4629
99.7934,88.9148
97.3659,96.4665
104.108,70.3991
105.796,74.6474
97.4269,90.8683
106.406,91.8373
107.004,81.5512
99.6654,75.8444
107.504,112.718
125.002,91.6243
102.383,80.8231
93.9554,91.0527
104.041,75.0767
99.2202,79.9237
105.525,83.3103
100.84,72.0927
95.9908,75.0007
92.8397,78.4921
101.222,79.2241
104.133,84.2729
104.041,86.2908
102.8,80.0577
102.144,81.7361
136.162,72.4437
93.6035,95.2182
101.004,93.2937
105.127,93.5674
137.399,74.8907
137.4,78.5753
121.79,80.7952
107.521,74.1049
98.1131,78.2278
98.7724,78.5388
98.0206,75.1308
109.274,78.4211
102.745,87.178
104.494,88.4368
98.277,87.7673
112.458,73.7786
96.0251,78.2585
94.021,81.889
97.6989,90.7867
109.231,77.556
107.162,77.9765
114.64,85.1475
97.9394,103.098
99.1856,71.1817
96.6356,72.834
99.2051,91.1246
102.211,80.7166
96.0546,77.7016
114.766,108.821
100.449,77.4197
95.1192,97.1681
105.762,77.7816
98.9805,75.0273
97.8209,126.566
100.053,83.8191
103.935,75.4887
107.782,90.0833
100.343,82.2176
105.393,84.2449
99.7676,88.3633
97.4826,77.4634
114.593,87.3093
98.2664,104.719
101.519,84.253
109.66,82.8224
110.818,72.6837
133.439,128.971
115.911,99.7434
103.089,89.1671
90.7989,81.8854
108.349,77.7333
98.8552,81.2798
97.1205,75.4768
103.995,76.6083
110.524,76.131
98.3917,77.2632
110.127,74.9846
95.8415,84.2016
112.212,82.1155
105.23,84.784
113.808,120.664
107.414,77.1487
102.615,85.5124
102.663,79.122
95.4843,81.694
135.293,73.3698
117.548,86.0945
105.317,85.141
103.426,87.2155
96.4438,80.9
104.732,75.155
108.957,81.66
115.418,78.5701
95.7042,91.7921
98.5446,79.5141
110.06,80.2619
102.858,80.7781
117.047,75.9066
93.7094,86.7267
97.3961,92.6637
112.33,89.0944
110.475,95.2045
102.216,75.6398
93.0265,85.711
102.796,87.5487
101.305,73.9211
115.313,85.5521
102.285,77.4791
117.311,92.217
89.8734,80.1446
105.95,76.9419
105.402,80.8698
96.7312,82.0244
131.734,93.6204
104.433,88.1508
103.628,81.1331
114.163,74.7615
98.819,75.9803
102.078,98.4378
106.988,76.7406
113.847,94.634
107.136,97.5235
97.9938,81.3505
103.338,92.8587
94.1403,77.5844
101.135,74.7812
127.26,94.1762
101.838,91.2438
99.8096,134.459
105.571,90.5921
100.899,89.2841
94.9008,86.4624
112.129,77.9949
129.718,75.0271
101.299,102.698
101.659,104.608
100.077,79.9833
99.5168,75.4612
112.963,88.3725
93.3305,81.4264
103.006,81.5666
91.2267,83.0528
114.556,141.721
111.895,73.5395
110.648,87.602
96.4024,89.9657
106.082,74.2621
142.802,87.8639
106.286,91.212
97.8761,81.5754
99.4943,88.425
96.7727,106.18
92.7994,83.0262
104.431,87.5959
95.7352,82.4783
99.2397,79.0868
112.892,76.7867
108.466,88.9926
93.3712,74.2179
100.256,82.4283
98.3644,81.1482
98.3662,81.6781
103.891,76.2429
91.5927,82.8382
141.719,96.2187
102.507,88.4157
93.7155,85.1229
94.9762,78.7537
116.514,74.2754
111.248,87.748
110.291,79.9462
111.995,78.3067
100.001,85.2752
95.5991,81.5151
91.8376,95.6347
107.125,98.058
104.079,75.3005
110.65,97.3869
108.166,87.689
108.512,81.915
118.647,85.7502
105.189,97.0777
105.638,78.9794
109.996,93.5663
105.098,86.1156
99.1447,105.932
97.9763,80.3668
102.326,86.6431
102.489,88.9823
99.2008,88.2138
104.068,78.7594
99.3063,77.2814
112.332,98.6156
93.611,75.5165
119.083,92.0963
103.839,86.9006
113.305,82.5344
97.7665,81.0553
101.261,82.6074
98.7871,78.1803
93.035,90.3953
120.465,79.3192
108.174,75.1537
110.438,94.1001
101.752,107.219
109.323,83.6756
104.912,76.2171
93.4072,86.6941
94.2815,76.0307
101.051,74.8144
125.065,83.356
103.798,93.1836
97.4514,92.1535
105.9,76.7831
114.934,75.9436
96.107,70.738
97.3178,76.6481
106.782,88.7523
90.7803,77.2728
103.336,99.3397
107.848,99.1217
111.978,82.6547
107.197,77.5529
99.7689,76.4468
103.819,76.6436
94.252,77.6002
100.937,78.3598
95.5708,77.1264
149.377,101.217
