ebn0_db,ber,ci_low,ci_high,theory,bits
0,0.078507,0.0779814,0.0790358,0.0786496,1000000
1,0.056455,0.0560043,0.0569091,0.056282,1000000
2,0.037486,0.0371155,0.0378601,0.0375061,1000000
3,0.022558,0.0222688,0.0228509,0.0228784,1000000
4,0.012482,0.0122663,0.0127015,0.0125008,1000000
5,0.005972,0.00582287,0.00612492,0.00595387,1000000
6,0.00244,0.00234519,0.00253863,0.00238829,1000000
7,0.000793,0.000739712,0.000850123,0.000772675,1000000
8,0.0001835,0.000165663,0.000203257,0.000190908,2000000
9,3.68333e-05,3.22867e-05,4.20201e-05,3.36272e-05,6000000
10,3.5e-06,2.77051e-06,4.42157e-06,3.87211e-06,20000000
