N,t_dft_s,t_fft_recursive_s,t_fft_iterative_s,t_numpy_s,err_dft,err_rec,err_iter
16,1.00839e-05,5.1084e-05,2.5792e-05,3.16603e-06,2.40524e-15,2.135e-16,2.06059e-16
32,2.85411e-05,0.0001055,3.4167e-05,2.91597e-06,6.78429e-15,4.23955e-16,4.23955e-16
64,8.0667e-05,0.000215125,4.95419e-05,3.04193e-06,9.01088e-15,4.91541e-16,4.91541e-16
128,0.000291583,0.000541542,0.000284875,1.36669e-05,3.43721e-14,6.07945e-16,6.17274e-16
256,0.00126958,0.000891959,0.000126208,4.62495e-06,3.9509e-14,6.03645e-16,6.03645e-16
512,0.0103305,0.00175967,0.000220875,5.70808e-06,1.08173e-13,5.68543e-16,5.74879e-16
1024,0.018108,0.00354292,0.000416459,8.20891e-06,2.04e-13,5.11851e-16,5.99076e-16
2048,0.0736121,0.00702712,0.000801375,1.40001e-05,3.62215e-13,6.78131e-16,6.71982e-16
4096,0.30596,0.0141496,0.00155117,2.82091e-05,7.84175e-13,6.84986e-16,7.28483e-16
