poll_us,irq_us
84.9888,0.75
318.346,0.75
297.32,0.75
409.56,0.75
472.856,0.75
166.721,0.75
325.653,0.75
472.671,0.75
412.177,0.75
46.9353,0.75
376.163,0.75
301.1,0.75
69.127,0.75
316.366,0.75
361.71,0.75
140.169,0.75
343.825,0.75
108.614,0.75
364.631,21.2381
312.944,0.75
53.176,0.75
26.387,0.75
41.5626,43.6957
403.418,0.75
82.429,0.75
421.585,0.75
282.31,0.75
55.1703,0.75
106.954,0.75
274.5,0.75
466.874,0.75
93.2457,0.75
245.751,18.7665
222.963,0.75
413.424,0.75
268.358,0.75
108.393,0.75
27.3474,0.75
414.544,0.75
417.529,46.435
95.036,0.75
262,0.75
434.869,0.75
263.599,0.75
0.840847,0.75
57.0444,0.75
219.203,0.75
478.633,34.9466
141.722,0.75
389.867,50.4887
283.375,0.75
371.695,0.75
103.797,0.75
368.314,16.8503
280.385,0.75
266.203,0.75
46.2395,0.75
438.62,39.2262
248.587,0.75
418.308,0.75
297.615,0.75
184.168,0.75
63.3896,0.75
6.17175,0.75
476.085,0.75
471.824,0.75
38.4108,0.75
390.731,0.75
17.508,0.75
141.336,0.75
45.4025,0.75
297.203,0.75
227.269,0.75
368.453,0.75
147.839,0.75
52.1998,0.75
427.273,0.75
366.952,0.75
195.975,0.75
145.478,0.75
73.258,0.75
143.846,0.75
216.189,0.75
62.7723,0.75
205.473,0.75
455.635,0.75
152.668,0.75
448.462,0.75
229.446,0.75
70.9676,0.75
78.2016,0.75
258.34,37.7386
166.189,0.75
295.405,0.75
164.438,0.75
105.964,0.75
171.727,0.75
209.122,0.75
286.447,0.75
440.652,0.75
410.331,0.75
247.744,0.75
255.917,0.75
193.068,9.42114
352.673,0.75
23.7759,0.75
143.911,0.75
187.243,0.75
265.741,0.75
428.18,0.75
405.917,0.75
328.126,0.75
339.03,0.75
397.4,0.75
220.325,0.75
376.071,0.75
30.3726,0.75
92.9619,0.75
116.688,0.75
302.442,0.75
2.85819,0.75
127.049,0.75
50.391,0.75
467.96,0.75
445.71,0.75
176.236,0.75
46.3489,0.75
275.921,0.75
167.075,0.75
251.153,0.75
164.045,0.75
229.6,0.75
525.768,0.75
420.967,0.75
463.716,0.75
366.852,0.75
351.11,0.75
116.474,0.75
29.2171,0.75
358.521,0.75
58.0457,0.75
150.88,0.75
88.9426,0.75
397.672,0.75
336.229,0.75
396.383,0.75
402.784,0.75
281.867,10.2481
349.502,0.75
325.108,0.75
35.0399,0.75
412.922,0.75
520.557,0.75
137.881,0.75
205.928,0.75
90.0118,0.75
45.4575,0.75
481.493,0.75
303.74,0.75
14.0087,0.75
340.947,0.75
59.6078,0.75
266.627,0.75
398.757,0.75
295.372,0.75
86.2981,0.75
43.8086,9.86475
224.858,0.75
370.033,0.75
414.852,0.75
129.889,0.75
314.968,0.75
188.438,0.75
417.549,0.75
473.806,0.75
437.406,0.75
387.807,0.75
471.996,0.75
12.2746,0.75
167.709,0.75
271.982,14.7164
447.186,0.75
48.5372,0.75
282.191,0.75
322.465,0.75
144.576,0.75
34.3992,0.75
291.261,0.75
69.5111,0.75
362.857,0.75
72.4211,0.75
430.969,0.75
288.289,0.75
144.377,0.75
62.2572,0.75
347.333,0.75
425.432,0.75
403.842,14.6711
455.519,0.75
466.636,0.75
2.48564,0.75
47.6899,0.75
130.336,0.75
38.9062,0.75
392.486,0.75
131.62,0.75
101.05,0.75
63.0838,0.75
261.59,0.75
102.291,0.75
142.05,36.2715
240.596,0.75
539.228,1.80374
72.1561,0.75
472.256,0.75
71.247,47.0979
60.674,0.75
269.834,0.75
431.982,0.75
53.9456,0.75
404.228,0.75
208.828,32.0263
8.35038,0.75
284.389,0.75
103.671,0.75
340.61,0.75
138.83,0.75
139.88,0.75
357.859,0.75
271.892,28.545
162.914,0.75
465.131,18.2103
463.679,0.75
222.128,0.75
286.474,0.75
126.41,0.75
154.561,0.75
454.553,0.75
174.662,0.75
55.2984,0.75
93.5294,0.75
268.994,0.75
149.026,0.75
228.976,0.75
18.2196,0.75
518.851,35.2424
363.152,0.75
76.9517,0.75
162.453,0.75
169.349,0.75
158.886,0.75
397.094,0.75
135.732,0.75
196.601,0.75
356.022,0.75
420.078,0.75
179.047,0.75
256.015,0.75
448.014,0.75
396.263,0.75
193.141,0.75
89.072,0.75
401.05,0.75
43.2983,0.75
276.751,0.75
529.194,22.5994
34.6216,0.75
31.0809,0.75
14.0416,0.75
2.32118,0.75
351.876,0.75
287.41,0.75
331.413,0.75
156.941,0.75
403.831,0.75
77.7953,0.75
435.443,0.75
216.151,0.75
381.124,0.75
451.88,0.75
378.892,0.75
304.733,28.1102
65.2715,46.9091
225.109,6.10908
165.695,0.75
450.397,0.75
206.692,0.75
243.169,0.75
433.488,0.75
328.421,0.75
296.767,0.75
227.766,1.27224
247.305,0.75
300.808,21.6864
200.878,0.75
276.429,0.75
290.195,0.75
393.339,0.75
186.1,0.75
157.357,0.75
85.3387,0.75
272.763,0.75
523.941,0.75
493.006,0.75
70.9503,0.75
14.8135,0.75
193.201,0.75
528.075,38.8542
19.4889,0.75
468.906,0.75
266.717,0.75
331.459,0.75
351.124,0.75
290.117,0.75
344.233,24.3342
82.6299,0.75
37.4146,0.75
139.265,0.75
70.7,0.75
334.861,0.75
174.36,25.4903
110.273,0.75
11.9333,49.4932
416.038,0.75
366.833,0.75
401.721,0.75
439.405,0.75
352.394,0.75
222.747,0.75
330.118,0.75
22.38,0.75
309.222,0.75
154.637,0.75
398.014,0.75
179.416,0.75
324.333,0.75
253.352,0.75
482.773,0.75
109.004,0.75
509.704,0.75
450.46,25.1174
213.567,0.75
193.558,0.75
459.007,0.75
313.631,0.75
13.9736,0.75
424.957,0.75
394.143,0.75
16.188,0.75
27.2667,0.75
461.831,0.75
2.81163,0.75
91.0809,0.75
373.235,0.75
95.1119,0.75
202.789,0.75
112.022,0.75
422.287,0.75
246.173,0.75
400.87,0.75
262.076,0.75
240.983,17.0975
175.755,0.75
377.148,3.31177
230.954,0.75
218.785,6.60602
438.917,0.75
470.968,0.75
268.973,0.75
178.097,0.75
455.785,0.75
205.76,0.75
105.412,0.75
221.516,0.75
398.841,0.75
271.514,4.5584
433.925,0.75
389.149,0.75
443.385,0.75
170.934,0.75
437.114,0.75
281.71,0.75
391.263,15.841
391.07,0.75
36.8797,0.75
166.527,0.75
100.962,0.75
334.056,0.75
291.97,0.75
330.661,34.9708
172.582,0.75
158.237,0.75
48.6133,0.75
344.24,0.75
145.67,0.75
101.915,0.75
387.69,0.75
406.712,0.75
35.4493,0.75
305.479,0.75
118.392,0.75
210.549,0.75
349.198,0.75
120.675,0.75
317.445,30.4314
212.645,0.75
39.4376,0.75
528.164,0.75
498.695,0.75
245.96,0.75
361.298,0.75
180.001,0.75
114.472,0.75
227.65,0.75
530.775,0.75
263.747,0.75
458.735,0.75
289.659,18.4924
124.18,0.75
375.451,0.75
74.3232,0.75
403.703,0.75
4.97481,0.75
244.776,0.75
421.4,0.75
468.556,0.75
50.876,29.7076
1.63265,0.75
436.961,36.9223
303.503,0.75
38.7776,0.75
428.311,0.75
108.397,0.75
338.388,0.75
365.602,0.75
258.763,0.75
75.6879,0.75
239.419,0.75
370.48,0.75
354.513,45.145
288.84,0.75
21.9706,0.75
409.912,0.75
518.733,13.8599
209.784,0.75
427.853,0.75
259.157,0.75
204.945,0.75
270.312,14.6674
444.972,22.519
371.187,0.75
183.815,0.75
170.456,0.75
37.3083,0.75
340.904,0.75
337.403,0.75
426.69,0.75
501.665,0.75
142.626,0.75
266.473,0.75
120.818,0.75
372.702,0.75
398.066,0.75
23.9034,0.75
332.757,0.75
390.403,0.75
394.147,0.75
20.134,0.75
417.096,0.75
361.136,0.75
169.599,0.75
590.632,0.75
233.913,0.75
224.823,0.75
80.3507,0.75
91.8884,0.75
174.358,0.75
241.821,40.9602
293.615,0.75
294.298,0.75
248.523,15.6083
413.467,34.332
371.065,0.75
352.53,0.75
305.76,0.75
330.3,0.75
460.215,0.75
265.309,0.75
445.554,0.75
56.0181,0.75
110.177,0.75
334.116,0.75
155.16,0.75
244.897,0.75
69.7598,0.75
153.634,0.75
41.4137,0.75
72.7107,0.75
171.224,0.75
229.92,0.75
251.177,0.75
402.773,0.75
103.036,0.75
167.556,0.75
162.169,0.75
187.076,44.8346
47.906,0.75
397.644,0.75
190.904,0.75
126.866,0.75
256.644,0.75
500.342,0.75
78.2608,0.75
388.553,0.75
439.789,0.75
404.616,0.75
145.36,0.75
118.823,0.75
88.1538,0.75
396.101,0.75
33.5054,0.75
338.287,0.75
20.2801,0.75
288.33,0.75
165.168,0.75
217.496,0.75
330.104,0.75
435.097,0.75
61.9578,0.75
176.983,0.75
436.169,0.75
62.467,0.75
112.824,0.75
338.059,0.75
256.106,0.75
463.115,0.75
204,0.75
259.773,0.75
330.968,0.75
520.418,21.4913
92.0587,0.75
185.903,0.75
36.4272,0.75
184.91,0.75
479.946,0.75
423.175,0.75
384.33,0.75
358.412,0.75
10.5225,0.75
144.296,0.75
305.73,0.75
285.2,0.75
42.3386,0.75
30.7757,0.75
157.676,0.75
489.432,0.75
488.21,0.75
225.792,46.3309
264.57,0.75
194.166,0.75
541.462,0.75
300.682,0.75
153.161,0.75
164.837,0.75
355.84,0.75
263.075,0.75
393.503,0.75
251.309,0.75
138.762,0.75
402.714,12.0114
232.008,0.75
158.279,0.75
424.126,0.75
11.2318,0.75
340.77,1.69102
362.763,0.75
26.3402,0.75
396.706,0.75
318.746,0.889258
155.796,0.75
129.49,0.75
175.989,0.75
161.875,0.75
443.108,0.75
275.467,0.75
74.0621,0.75
452.612,0.75
276.85,0.75
532.087,0.75
320.167,0.75
67.7252,0.75
213.037,0.75
106.757,0.75
323.587,0.75
101.503,0.75
56.0241,0.75
29.3638,35.6263
398.558,0.75
98.5445,0.75
289.461,0.75
221.422,0.75
4.82122,0.75
42.5578,0.75
478.22,0.75
411.57,0.75
221.773,0.75
203.411,0.75
143.122,0.75
9.22732,0.75
269.335,11.0093
249.943,0.75
22.9002,0.75
121.99,0.75
137.307,0.75
71.2852,0.75
30.9135,0.75
148.475,0.75
292.301,0.75
138.178,0.75
185.437,0.75
511.929,0.75
269.431,0.75
434.056,36.7359
10.8289,0.75
315.285,2.00023
191.485,1.19862
434.936,0.75
220.42,0.75
534.423,0.75
36.0455,0.75
418.471,14.8314
130.452,0.75
333.29,24.7302
36.512,0.75
560.292,0.75
86.2692,0.75
327.549,39.3278
39.7209,0.75
255.579,0.75
183.667,0.75
235.642,0.75
354.941,0.75
398.7,0.75
286.946,0.75
383.96,0.75
47.1549,0.75
421.926,0.75
393.429,0.75
62.1458,0.75
286.623,0.75
230.386,0.75
351.995,0.75
526.343,0.75
378.816,2.41701
16.6154,0.75
247.01,0.75
387.271,0.75
253.486,4.47324
42.9225,0.75
42.433,0.75
401.51,0.75
245.165,0.75
92.899,0.75
455.996,0.75
55.4218,0.75
137.324,0.75
9.28493,0.75
422.148,0.75
48.1395,0.75
168.606,0.75
165.89,0.75
198.384,4.91198
435.839,0.75
177.731,0.75
415.282,0.75
132.9,0.75
352.716,0.75
401.751,24.0792
91.3421,0.75
129.106,0.75
2.21082,0.75
294.475,0.75
113.758,0.75
560.016,0.75
105.393,0.75
436.607,0.75
212.855,0.75
208.847,0.75
464.546,25.5091
428.35,0.75
78.5865,0.75
270.732,0.75
156.589,41.7681
401.756,0.75
10.2194,0.75
74.5025,0.75
76.889,0.75
1.00606,0.75
433.576,46.5545
312.628,0.75
105.464,0.75
373.343,34.4638
119.532,0.75
218.957,0.75
262.279,0.75
388.237,0.75
225.215,0.75
166.803,0.75
372.856,0.75
323.216,0.75
71.6052,0.75
216.205,0.75
144.37,0.75
365.218,0.75
210.232,0.75
50.8152,0.75
237.913,0.75
287.106,0.75
40.6727,0.75
343.482,1.73069
168.684,0.75
308.449,34.5543
321.324,26.143
248.006,0.75
270.67,0.75
20.16,0.75
131.288,0.75
433.539,0.75
132.867,0.75
78.1696,2.34377
427.773,0.75
415.672,0.75
101.839,0.75
35.9846,0.75
379.164,0.75
265.555,0.75
499.043,0.75
83.7004,0.75
428.63,0.75
348.789,0.75
29.3771,0.75
322.083,0.75
282.824,0.75
469.661,0.75
175.247,0.75
125.236,0.75
143.477,0.75
58.6505,0.75
380.866,0.75
33.859,32.9775
42.4005,0.75
314.926,20.813
479.275,0.75
309.776,0.75
232.655,0.75
229.176,0.75
224.5,0.75
202.367,37.83
303.6,0.75
482.65,0.75
94.3497,0.75
52.6631,0.75
103.005,0.75
232.288,0.75
212.305,0.75
414.212,0.75
445.288,12.7956
111.619,0.75
229.041,0.75
107.453,0.75
363.832,0.75
289.159,31.4871
366.599,44.3421
162.415,0.75
257.52,0.75
376.637,0.75
7.94733,0.75
352.719,27.6622
145.079,0.75
307.632,0.75
468.024,0.75
463.65,0.75
352.7,0.75
70.81,0.75
281.64,0.75
299.847,0.75
214.677,0.75
274.631,24.7256
440.335,0.75
144.329,0.75
143.713,0.75
507.879,0.75
35.9446,0.75
508.071,0.75
133.168,0.75
260.019,0.75
302.866,0.75
423.922,0.75
24.8057,0.75
179.09,0.75
389.105,0.75
490.355,0.75
443.57,0.75
19.6176,0.75
533.088,0.75
339.633,0.75
350.317,0.75
225.385,0.75
178.356,0.75
205.676,4.28128
206.621,0.75
14.563,0.75
76.3759,0.75
39.4371,0.75
336.885,21.2372
264.347,0.75
394.957,0.75
133.839,0.75
54.115,0.75
118.779,0.75
282.504,0.75
279.247,0.75
185.191,0.75
22.009,0.75
122.588,0.75
404.532,0.75
379.818,0.75
215.224,0.75
360.94,0.75
334.866,0.75
268.1,0.75
13.859,0.75
403.005,0.75
301.844,0.75
180.878,0.75
223.538,0.75
324.818,0.75
122.478,0.75
232.551,0.75
222.159,0.75
432.186,0.75
282.666,0.75
474.936,0.75
197.612,0.75
410.094,0.75
141.898,0.75
345.642,0.75
266.307,0.75
30.9997,0.75
62.9739,0.75
134.374,0.75
234.976,0.75
397.741,0.75
454.049,0.75
57.8421,0.75
205.242,0.75
103.135,0.75
306.007,0.75
26.9883,0.75
254.43,0.75
324.886,0.75
177.183,0.75
38.9971,0.75
69.8219,0.75
3.13307,0.75
223.88,0.75
8.97692,0.75
292.808,41.6056
192.842,7.78012
211.817,0.75
212.976,0.75
168.16,0.75
94.7328,0.75
425.471,36.0199
225.784,0.75
95.7942,0.75
130.842,0.75
88.3003,0.75
225.965,0.75
511.616,0.75
480.226,0.75
199.397,0.75
157.395,0.75
103.439,0.75
399.437,0.75
445.931,0.75
290.897,37.9899
399.795,0.75
105.785,0.75
213.339,0.75
220.858,0.75
265.448,0.75
190.274,0.75
521.032,0.75
195.176,0.75
424.704,18.2877
446.811,0.75
406.141,0.75
8.6522,0.75
145.135,0.75
32.6357,0.75
91.0896,0.75
291.4,0.75
145.592,0.75
155.039,30.2006
331.778,0.75
347.111,0.75
429.579,0.75
141.41,0.75
141.08,0.75
151.933,0.75
179.54,0.75
303.045,0.75
348.524,0.75
168.949,0.75
130.107,0.75
373.595,3.27231
334.904,0.75
383.419,0.75
60.9236,0.75
374.023,4.53233
159.08,0.75
252.809,0.75
191.322,0.75
343.999,42.7393
394.281,0.75
530.748,0.75
255.238,0.75
56.0187,0.75
451.2,0.75
283.972,0.75
416.708,0.75
79.1002,0.75
178.589,0.75
97.0327,0.75
383.798,0.75
196.732,0.75
447.252,29.5923
34.3887,0.75
303.994,0.75
47.7293,0.75
360.254,0.75
240.675,0.75
66.2847,0.75
246.417,0.75
10.1774,0.75
506.289,0.75
308.426,0.75
225.984,0.75
503.069,0.75
47.9228,0.75
300.304,0.75
396.636,0.75
310.951,0.75
456.552,0.75
184.77,0.75
7.56829,0.75
100.837,0.75
326.917,30.0375
220.417,0.75
0.541155,46.7461
220.203,0.75
435.093,0.75
508.24,0.75
198.405,0.75
215.799,0.75
139.194,0.75
219.939,0.75
195.558,16.6217
288.939,0.75
292.405,0.75
314.707,0.75
188.898,0.75
316.962,0.75
394.051,5.56128
176.425,0.75
115.719,15.5017
285.424,0.75
161.471,0.75
283.076,0.75
549.22,0.75
207.852,7.57616
54.4041,0.75
27.1271,0.75
224.321,0.75
444.396,45.4661
8.0617,48.8575
158.322,0.75
398.577,0.75
164.707,10.0851
354.686,11.8776
106.637,0.75
154.079,0.75
420.37,0.75
441.927,0.75
513.044,0.75
451.634,0.75
409.627,0.75
26.8169,0.75
9.88339,0.75
231.156,0.75
331.212,0.75
188.474,0.75
122.84,0.75
240.724,0.75
1.43255,0.75
355.267,0.75
224.8,0.75
348.538,0.75
307.816,0.75
180.431,0.75
341.5,0.75
521.177,0.75
449.47,0.75
349.024,13.881
565.716,0.75
306.149,0.75
402.469,0.75
339.264,9.65995
376.585,0.75
343.34,0.75
281.829,0.75
127.247,0.75
35.9409,0.75
110.924,0.75
28.0996,0.75
257.776,50.1927
349.223,0.75
226.54,0.75
167.887,0.75
366.869,0.75
266.657,41.6278
343.402,0.75
399.157,0.75
44.9577,0.75
193.218,0.75
105.027,0.75
264.4,0.75
72.8896,0.75
190.42,0.75
309.898,0.75
250.009,0.75
95.2382,0.75
446.615,0.75
449.086,9.45225
344.008,0.75
308.63,0.75
423.17,0.75
29.3651,0.75
53.1011,0.75
250.094,0.75
187.852,0.75
317.989,0.75
75.3275,0.75
119.095,0.75
97.0866,0.75
68.8115,0.75
136.864,0.75
100.167,0.75
485.634,39.9656
436.733,0.75
44.7051,0.75
87.2519,0.75
58.4651,0.75
72.7587,0.75
529.785,0.75
438.626,0.75
443.73,0.75
320.659,45.9454
453.286,0.75
586.066,0.75
247.929,0.75
365.788,0.75
269.003,0.75
391.456,0.75
448.404,0.75
10.6208,0.75
138.807,0.75
214.02,0.75
193.141,31.9907
40.2321,0.75
211.671,0.75
24.5442,0.75
285.481,0.75
475.16,0.75
152.602,0.75
90.6982,0.75
489.371,0.75
447.859,4.71131
332.264,0.75
279.626,0.75
454.241,0.75
322.007,0.75
124.476,0.75
45.9348,0.75
377.633,0.75
458.18,0.75
12.2671,0.75
438.644,0.75
318.699,0.75
369.028,0.75
56.9306,0.75
365.793,0.75
259.256,0.75
493.154,0.75
365.593,0.75
431.39,0.75
592.731,0.75
416.684,0.75
355.541,0.75
269.176,0.75
13.5771,0.75
247.762,0.75
264.828,0.75
34.286,0.75
227.138,0.75
188.189,5.93177
75.9637,0.75
167.816,0.75
90.0179,0.75
245.257,0.75
269.23,0.75
467.433,0.75
521.505,0.75
339.002,0.75
378.116,0.75
277.457,0.75
324.753,0.75
412.015,0.75
401.173,0.75
343.926,6.465
20.0647,26.147
248.007,0.75
238.929,0.75
396.633,0.75
2.64421,0.75
136.959,0.75
27.5366,0.75
265.99,0.75
224.967,0.75
279.669,0.75
112.735,0.75
170.442,0.75
47.394,0.75
59.0874,0.75
461.228,0.75
197.847,0.75
456.322,0.75
284.943,0.75
377.749,0.75
295.854,0.75
287.041,0.75
416.228,20.4376
393.025,14.1137
431.369,0.75
491.153,26.8817
248.577,0.75
45.4791,0.75
273.692,0.75
155.831,0.75
93.6765,0.75
205.543,0.75
95.987,0.75
68.9591,0.75
56.1769,0.75
254.141,0.75
413.818,3.31718
255.106,43.4537
156.791,0.75
252.698,0.75
480.506,0.75
517.232,0.75
513.189,0.75
459.992,18.4687
154.738,0.75
348.456,0.75
44.8528,0.75
252.885,0.75
294.437,0.75
67.1602,0.75
128.052,0.75
385.782,0.75
402.022,0.75
274.865,0.75
299.466,0.75
444.56,35.3733
221.519,0.75
98.1637,36.0089
325.112,0.75
338.224,0.75
353.84,0.75
499.102,0.75
33.4772,0.75
46.5723,0.75
322.603,1.98297
448.837,0.75
205.479,0.75
163.283,0.75
115.207,0.75
224.201,0.75
325.492,0.75
298.465,0.75
386.947,0.75
69.183,0.75
233.975,0.75
30.7346,23.0519
451.369,14.638
128.822,0.75
202.286,0.75
220.923,42.6392
162.519,0.75
325.106,0.75
510.08,0.75
179.3,0.75
54.7539,0.75
470.611,0.75
350.604,0.75
208.283,0.75
65.8204,0.75
6.82676,0.75
276.328,0.75
274.39,0.75
358.279,0.75
138.874,0.75
535.256,43.1012
40.2164,0.75
332.694,0.75
482.387,0.75
412.408,0.75
130.611,0.75
59.4481,0.75
492.626,0.75
83.1692,0.75
178.009,0.75
111.704,0.75
87.332,0.75
392.135,0.75
219.95,0.75
485.195,0.75
200.978,0.75
235.451,0.75
88.3767,0.75
195.914,0.75
149.274,0.75
209.846,0.75
100.014,5.519
381.419,0.75
89.7971,0.75
22.0688,0.75
412.155,0.75
309.788,46.0824
17.4682,0.75
292.029,0.75
298.644,0.75
229.854,0.75
364.585,0.75
146.326,0.75
238.511,0.75
133.475,0.75
114.787,0.75
48.0346,0.75
328.558,0.75
1.80701,0.75
230.364,0.75
15.9419,0.75
29.2347,0.75
48.9751,0.75
400.878,0.75
281.43,0.75
358.514,43.5925
548.457,0.75
331.382,0.75
180.66,0.75
311.713,0.75
409.215,0.75
248.167,0.75
28.6576,0.75
432.649,28.6409
194.793,45.2056
304.09,0.75
436.523,21.1347
167.866,0.75
456.465,0.75
58.1299,0.75
139.591,0.75
170.033,0.75
50.4849,0.75
272.996,0.75
289.747,0.75
268.905,0.75
116.935,7.12229
465.223,0.75
467.905,0.75
198.988,0.75
259.889,0.75
259.885,0.75
327.985,37.5547
344.762,0.75
330.055,0.75
355.867,25.4511
23.3071,0.75
512.711,0.75
448.683,0.75
189.941,0.75
29.5411,0.75
15.1828,0.75
312.929,0.75
42.1524,0.75
393.818,0.75
3.66732,0.75
514.249,0.75
65.1042,0.75
203.31,0.75
475.503,0.75
297.274,0.75
231.844,0.75
294.264,0.75
323.863,0.75
417.126,0.75
326.291,28.0644
57.0257,0.75
12.4395,0.75
365.775,14.6986
557.301,0.75
393.628,0.75
71.8199,0.75
61.0903,0.75
385.326,0.75
351.686,0.75
0.936458,0.75
443.723,0.75
185.122,23.5971
128.24,0.75
196.46,0.75
26.7957,0.75
282.381,0.75
151.098,0.75
427.469,0.75
386.308,0.75
64.1174,0.75
377.64,0.75
307.625,0.75
42.165,0.75
367.728,0.75
264.938,0.75
19.6095,4.71686
45.0957,0.75
253.844,0.75
30.2685,0.75
317.434,0.75
100.506,0.75
32.2146,0.75
33.2597,0.75
393.488,0.75
174.128,0.75
268.016,0.75
49.6676,0.75
307.365,0.75
515.348,0.75
320.859,0.75
475.119,0.75
61.8765,0.75
356.391,0.75
514.823,0.75
6.55418,16.6334
329.031,2.0094
399.665,0.75
280.41,0.75
411.939,0.75
360.4,26.8527
98.3629,0.75
112.931,0.75
19.7509,0.75
412.69,0.75
389.667,0.75
26.8963,0.75
295.066,0.75
117.567,0.75
367.602,0.75
183.799,0.75
265.959,43.3178
63.7315,0.75
140.945,0.75
541.792,0.75
379.22,0.75
150.525,0.75
383.079,0.75
22.7157,0.75
522.659,0.75
35.3434,25.5507
460.995,0.75
426.793,0.75
227.923,0.75
102.756,0.75
342.933,0.75
136.028,0.75
236.287,0.75
285.475,0.75
62.8192,0.75
182.448,0.75
380.22,0.75
54.8167,0.75
329.617,0.75
183.697,0.75
352.52,0.75
255.16,0.75
11.7083,0.75
180.967,0.75
478.024,0.75
237.423,0.75
165.344,0.75
264.455,0.75
452.78,42.3218
97.3776,0.75
315.309,0.75
348.507,13.7032
54.8038,0.75
7.93218,0.75
302.393,11.3167
562.479,2.13924
67.8799,23.3156
219.754,0.75
321.369,0.75
200.352,0.75
374.961,0.75
284.946,0.75
459.715,0.75
438.665,0.75
62.1468,0.75
358.48,0.75
513.132,0.75
350.927,0.75
327.196,0.75
522.725,0.75
108.481,0.75
489.622,0.75
258.001,0.75
281.771,0.75
198.73,0.75
90.8547,0.75
332.3,0.75
418.927,0.75
1.12858,0.75
181.287,0.75
343.294,0.75
173.224,0.75
199.82,0.75
219.047,0.75
171.414,0.75
465.437,0.75
66.7586,0.75
71.7413,0.75
401.475,0.75
512.188,0.75
385.511,0.75
457.661,0.75
75.602,0.75
400.837,0.75
137.916,0.75
376.347,0.75
289.087,0.75
494.434,0.75
389.613,0.75
247.836,0.75
448.376,0.75
348.695,0.75
457.726,46.5627
453.778,0.75
127.486,0.75
579.595,0.75
79.6518,0.75
504.116,0.75
291.578,0.75
320.89,0.75
358.124,0.75
379.082,21.882
280.263,0.888199
156.862,0.75
517.857,0.75
310.807,22.7652
575.615,0.75
419.313,0.75
299.758,0.75
241.827,0.75
277.181,0.75
466.663,0.75
318.347,0.75
348.481,0.75
168.22,0.75
443.267,0.75
494.189,0.75
440.381,10.6503
5.24845,0.75
126.358,0.75
326.442,0.75
193.684,0.75
14.4594,0.75
484.358,0.75
37.0485,0.75
491.67,18.2132
294.524,0.75
23.4014,39.7672
94.2386,0.75
275.962,0.75
246.61,0.75
32.013,46.5127
391.025,0.75
92.4441,0.75
243.021,0.75
337.524,0.75
488.107,0.75
121.481,0.75
519.896,0.75
29.7658,0.75
293.792,0.75
228.996,0.75
259.067,0.75
5.3244,0.75
376.978,0.75
183.848,0.75
123.499,0.75
349.737,0.75
10.4052,0.75
140.78,0.75
21.141,0.75
382.179,0.75
187.623,0.75
278.854,17.7426
403.653,0.75
318.634,0.75
129.072,0.75
106.67,0.75
82.3025,0.75
518.452,41.1424
71.9734,0.75
138.313,0.75
288.394,0.75
222.823,0.75
205.615,0.75
223.507,0.75
515.498,0.75
261.827,20.9941
98.041,0.75
404.4,0.75
234.176,11.9614
423.644,0.75
43.22,0.75
262.856,0.75
423.362,0.75
183.09,0.75
176.267,0.75
41.3316,0.75
332.885,0.75
337.14,22.3803
33.2863,0.75
562.444,0.75
198.739,40.3634
209.278,48.9036
216.059,0.75
148.539,0.75
97.4034,0.75
148.038,0.75
288.945,0.75
344.514,0.75
76.8212,0.75
359.566,0.75
90.9345,0.75
305.244,0.75
230.327,0.75
184.887,0.75
176.286,0.75
421.093,0.75
392.159,0.75
147.392,0.75
287.735,37.6478
13.873,43.6252
424.266,0.75
55.3411,0.75
341.212,0.75
211.22,0.75
190.429,0.75
262.385,0.75
198.989,0.75
112.401,0.75
139.471,0.75
532.464,0.75
257.498,0.75
355.469,0.75
256.544,0.75
139.546,0.75
352.04,0.75
42.6036,0.75
23.2257,0.75
317.285,0.75
207.024,0.75
53.5208,0.75
16.8554,0.75
326.388,0.75
64.3124,0.75
363.512,0.75
522.284,0.75
15.4821,0.75
415.522,0.75
333.439,0.75
66.7285,0.75
156.868,0.75
100.327,0.75
492.623,0.75
378.321,43.262
356.037,0.75
136.034,0.75
313.958,0.75
159.741,0.75
146.144,0.75
90.9593,0.75
337.022,0.75
254.917,0.75
174.321,0.75
462.228,44.1533
285.839,0.75
74.039,0.75
373.142,0.75
481.175,0.75
269.812,0.75
258.711,0.75
452.785,0.75
528.827,0.75
255.808,0.75
148.894,0.75
383.482,32.1639
148.853,0.75
209.227,0.75
417.989,0.75
85.1513,0.75
206.518,0.75
480.603,0.75
113.765,5.62206
344.308,0.75
250.431,7.85508
140.998,0.75
121.719,0.75
115.63,0.75
548.73,0.75
156.341,0.75
129.08,0.75
398.707,48.8823
96.6329,0.75
395.924,0.75
234.053,0.75
327.605,0.75
227.681,50.5108
155.587,0.75
43.1271,0.75
22.1323,0.75
207.436,24.1397
183.861,0.75
322.894,0.75
315.517,0.75
257.327,0.75
223.949,0.75
24.4967,0.75
314.565,0.75
62.0486,0.75
113.625,0.75
202.252,43.6761
56.7847,0.75
27.8879,0.75
216.459,0.75
516.722,0.75
94.464,0.75
150.177,0.75
456.947,0.75
77.8779,0.75
442.308,0.75
70.4616,0.75
466.6,0.75
129.146,0.75
228.743,0.75
60.8687,0.75
381.383,0.75
254.742,0.75
96.1595,0.75
547.451,0.75
452.98,34.5916
281.058,0.75
201.327,0.75
218.58,0.75
234.645,0.75
259.704,0.75
310.292,0.75
238.821,0.75
490.302,0.75
297.018,0.75
445.992,4.98206
192.909,0.75
272.675,0.75
95.0578,0.75
249.295,0.75
375.151,0.75
307.739,0.75
386.283,0.75
22.5757,0.75
325.864,0.75
251.876,27.8651
74.8769,0.75
441.571,0.75
542.704,0.75
28.9731,44.9061
248.231,0.75
260.972,0.75
415.036,0.75
217.288,0.75
29.6683,0.75
353.49,0.75
271.947,0.75
303.346,0.75
409.055,0.75
523.844,0.75
218.147,0.75
125.754,0.75
245.739,0.75
385.493,0.75
336.708,30.8541
373.03,0.75
543.853,0.75
282.659,0.75
348.781,0.75
70.5065,0.75
164.76,0.75
257.511,0.75
385.354,0.75
138.443,0.75
138.957,0.75
263.34,0.75
399.856,0.75
45.3182,0.75
352.947,0.75
87.8129,0.75
406.033,0.75
11.6242,0.75
410.868,42.6287
246.257,0.75
23.2103,0.75
39.3658,0.75
312.247,0.75
185.388,0.75
283.509,0.75
143.228,32.2609
451.768,0.75
164.337,0.75
355.949,0.75
36.1573,39.9487
317.043,50.1852
425.832,32.9179
218.172,0.75
215.028,0.75
457.293,0.75
215.887,0.75
423.073,0.75
10.5737,0.75
506.575,0.75
560.296,0.75
479.087,7.33154
344.715,33.032
67.0072,12.8802
70.4954,0.75
122.588,0.75
355.71,0.75
243.244,0.75
22.6635,0.75
418.5,16.0216
366.849,0.75
261.402,0.75
258.303,0.75
277.087,48.3311
463.578,0.75
215.262,0.75
324.753,0.75
143.04,0.75
360.76,0.75
79.8081,0.75
109.178,0.75
368.27,47.2144
466.377,0.75
336.802,0.75
302.917,0.75
251.076,0.75
17.016,0.75
440.403,0.75
185.842,0.75
453.188,0.75
240.347,0.75
0.553852,0.75
500.353,0.75
231.817,0.75
27.5987,0.75
392.855,0.75
209.053,0.75
60.3978,0.75
99.5253,0.75
64.8461,0.75
236.699,0.75
564.394,0.75
323.21,0.75
361.614,0.75
34.8431,0.75
506.274,0.75
234.712,0.75
335.193,0.75
279.803,0.75
229.782,0.75
514.07,0.75
512.609,0.75
188.959,0.75
35.3565,0.75
17.3322,0.75
143.157,0.75
22.6921,0.75
173.942,0.75
215.716,0.75
431.441,0.75
123.433,0.75
312.689,0.75
92.9188,35.8669
270.71,0.75
153.975,0.75
260.454,0.75
367.887,0.75
388.753,0.75
33.0149,0.75
105.327,0.75
229.639,0.75
287.341,0.75
330.235,0.75
89.205,0.75
238.392,0.75
343.71,0.75
431.513,0.75
400.445,0.75
377.062,0.75
103.854,0.75
391.962,0.75
10.0363,0.75
276.391,2.99378
249.582,0.75
318.644,0.75
408.026,0.75
209.834,0.75
412.252,0.75
165.976,7.1342
233.531,0.75
375.247,0.75
399.065,0.75
350.997,0.75
245.817,0.75
288.838,0.75
146.207,0.75
329.091,0.75
553.361,0.75
10.6121,0.75
183.155,0.75
264.713,0.75
319.253,0.75
533.493,33.6456
209.103,0.75
65.0871,0.75
71.716,0.75
26.1595,0.75
260.396,43.4979
81.0133,0.75
172.928,0.75
338.858,0.75
239.951,33.7922
225.087,0.75
132.668,0.75
366.49,0.75
16.8455,0.75
43.6595,0.75
373.067,22.4633
357.952,0.75
205.487,0.75
139.244,0.75
420.014,0.75
192.954,0.75
332.324,32.4373
408.521,13.4726
172.026,30.6374
148.826,0.75
73.9981,0.75
235.172,0.75
200.811,0.75
64.6615,0.75
266.435,0.75
337.123,13.4587
173.078,0.75
190.58,0.75
72.0245,0.75
84.6452,0.75
69.676,0.75
145.996,0.75
228.795,0.75
331.958,0.75
460.81,0.75
274.641,0.75
331.707,0.75
407.196,0.75
11.3763,0.75
515.939,9.44701
327.824,9.07994
431.883,0.75
12.6716,0.75
428.156,0.75
329.011,0.75
276.403,7.70061
225.023,0.75
144.151,0.75
453.986,0.75
201.474,0.75
357.43,0.75
217.647,0.75
401.363,0.75
23.1708,0.75
6.90927,0.75
35.0623,0.75
387.862,0.75
41.4769,0.75
396.985,0.75
18.2407,0.75
195.544,0.75
344.703,0.75
532.725,0.75
331.776,0.75
75.7403,0.75
402.349,27.4977
271.998,29.4818
435.679,0.75
83.443,0.75
50.2751,17.8508
306.88,0.75
54.3819,0.75
467.621,0.75
217.141,0.75
54.4593,19.6152
56.1705,0.75
110.645,0.75
326.479,0.75
465.82,0.75
89.6696,0.75
302.646,14.0237
365.384,0.75
571.263,0.75
276.504,0.75
93.9823,0.75
23.6468,47.692
345.147,0.75
207.136,0.75
266.889,0.75
300.114,0.75
361.216,0.75
302.211,0.75
162.699,0.75
387.691,0.75
196.549,0.75
322.507,0.75
31.5525,0.75
278.665,0.75
413.816,0.75
79.1438,0.75
312.26,0.75
265.045,0.75
448.507,0.75
404.806,0.75
409.922,0.75
49.4698,0.75
229.771,20.2836
86.3195,0.75
460.747,0.75
368.812,0.75
44.8802,0.75
187.02,0.75
37.0856,0.75
51.7163,0.75
153.136,0.75
211.526,0.75
325.472,0.75
245.381,0.75
279.565,0.75
193.374,0.75
95.1796,8.76976
123.211,0.75
454.701,0.75
206.245,0.75
32.9166,50.2565
433.925,0.75
368.228,0.75
298.508,11.3615
488.611,0.75
296.896,0.75
78.2642,0.75
363.023,0.75
528.018,0.75
40.483,0.75
154.33,0.75
195.323,0.75
125.645,0.75
165.663,0.75
33.9099,0.75
178.802,0.75
138.502,0.75
355.685,0.75
100.716,0.75
480.596,0.75
431.737,0.75
386.154,0.75
50.8449,0.75
447.784,39.0176
138.01,0.75
30.2108,0.75
180.25,35.7956
0.214247,0.75
83.2062,0.75
406.384,0.75
32.1157,0.75
102.444,0.75
365.258,0.75
474.6,0.75
21.6069,0.75
95.8024,0.75
126.474,0.75
300.497,35.4425
132.758,0.75
181.733,0.75
468.941,0.75
219.497,0.75
91.2827,0.75
39.4755,0.75
487.795,0.75
82.1947,0.75
27.4835,0.75
234.06,0.75
311.179,6.34859
158.593,0.75
25.7796,0.75
283.002,0.75
355.898,9.93485
246.901,0.75
520.212,0.75
397.744,0.75
87.3866,0.75
85.0566,0.75
58.281,0.75
27.5147,0.75
41.4652,0.75
288.034,0.75
348.268,2.60561
279.642,0.75
96.278,0.75
204.773,0.75
327.648,0.75
284.482,0.75
33.4755,0.75
146.881,0.75
397.283,0.75
94.5375,0.75
399.497,0.75
305.598,0.75
160.131,0.75
235.871,0.75
95.988,0.75
66.5014,0.75
80.4662,0.75
409.557,0.75
22.6075,0.75
187.343,0.75
26.5719,0.75
101.293,0.75
98.0785,0.75
277.379,0.75
40.6807,0.75
302.779,33.0847
71.992,0.75
313.472,0.75
185.522,0.75
198.989,0.75
85.1313,0.75
402.124,0.75
158.287,0.75
546.031,0.75
163.185,0.75
129.163,0.75
365.22,0.75
498.815,0.75
183.274,0.75
124.728,0.75
161.816,0.75
130.774,0.75
436.314,0.75
350.34,0.75
36.9394,0.75
130.769,0.75
215.202,0.75
423.56,0.75
22.8036,0.75
382.788,0.75
553.125,0.75
135.51,0.75
57.6081,0.75
90.5959,0.75
461.631,0.75
562.537,0.75
45.5596,0.75
214.164,0.75
391.976,0.75
315.201,0.75
119.32,0.75
146.064,0.75
198.793,4.519
325.102,0.75
329.95,0.75
345.351,15.2592
330.615,0.75
53.5821,0.75
175.77,25.4976
268.441,0.75
60.2145,0.75
363.594,0.75
434.675,0.75
414.496,0.75
63.6795,0.75
193.675,0.75
82.9045,0.75
383.042,0.75
184.172,8.04422
158.475,0.75
327.774,0.75
90.1329,0.75
322.517,0.75
75.1046,0.75
303.669,0.75
405.657,0.75
463.994,0.75
517.624,0.75
264.435,0.75
423.214,0.75
513.153,0.75
62.517,0.75
459.394,0.75
276.169,0.75
237.721,0.75
394.503,0.75
129.072,0.75
450.847,4.52116
226.629,0.75
190.672,0.75
321.771,0.75
328.857,0.75
283.109,16.0008
439.894,13.8936
369.868,49.6512
329.944,12.4081
150.742,0.75
226.141,0.75
333.657,0.75
144.298,0.75
329.469,0.75
271.342,0.75
414.977,0.75
139.743,0.75
233.188,0.75
4.08094,0.75
407.068,0.75
323.779,0.75
311.182,0.75
132.146,0.75
363.963,0.75
108.057,0.75
322.13,0.75
173.89,0.75
213.182,0.75
288.116,0.75
127.045,0.75
240.147,36.7519
135.647,0.75
343.868,0.75
426.418,0.75
214.505,0.75
382.675,0.75
216.584,0.75
94.031,0.75
166.411,0.75
288.981,0.75
330.507,27.3109
482.971,43.6652
77.0295,0.75
46.5771,0.75
362.954,0.75
12.4127,0.75
224.86,0.75
349.305,0.75
68.6827,0.75
143.562,0.75
228.985,0.75
95.8739,0.75
454.754,0.75
317.989,0.75
21.3935,0.75
455.907,0.75
519.059,0.75
170.449,0.75
59.5014,0.75
84.1659,0.75
109.253,0.75
27.691,0.75
108.161,0.75
262.523,0.75
504.535,0.75
120.688,0.75
302.4,0.75
314.895,0.75
128.176,0.75
151.281,0.75
498.78,0.75
147.946,0.75
345.148,0.75
326.955,0.75
497.013,0.75
539.085,0.75
55.1126,0.75
447.451,0.75
228.131,0.75
323.342,0.75
520.579,0.75
98.5547,0.75
505.528,0.75
103.818,0.75
369.31,0.75
118.52,0.75
337.475,0.75
321.932,0.75
567.761,0.75
94.0541,0.75
25.4878,0.75
45.8188,0.75
432.243,0.75
531.287,0.75
207.316,0.75
82.8334,0.75
247.372,0.75
143.121,0.75
0.500137,0.75
263.807,0.75
285.28,35.0282
344.841,0.75
408.39,0.75
39.8889,0.75
404.065,0.75
264.508,0.75
130.177,0.75
171.64,0.75
135.659,0.75
336.683,0.75
427.76,0.75
197.414,39.7659
46.7697,0.75
380.546,0.75
149.592,0.75
405.753,0.75
132.477,0.75
66.9135,0.75
146.833,16.6884
260.269,0.75
226.105,0.75
234.908,0.75
40.6006,0.75
268.799,0.75
53.2296,0.75
144.955,0.75
324.88,0.75
343.328,0.75
565.774,0.75
540.311,0.75
171.659,0.75
215.459,0.75
250.7,0.75
129.272,0.75
108.849,0.75
558.701,0.75
91.2485,0.75
216.395,0.75
409.72,23.8946
117.192,0.75
3.68311,45.2789
452.152,0.75
110.564,0.75
355.047,41.1562
521.991,0.75
125.069,0.75
384.275,0.75
479.349,0.75
248.147,0.75
249.572,0.75
386.352,0.75
134.733,0.75
148.796,0.75
229.878,0.75
495.376,0.75
26.258,0.75
73.963,0.75
510.397,0.75
66.0378,0.75
178.497,0.75
34.1465,0.75
239.553,0.75
134.632,0.75
21.6316,0.75
329.081,0.75
431.673,0.75
469.867,0.75
209.956,0.75
375.633,0.75
8.10432,0.75
228.004,0.75
191.626,0.75
492.158,0.75
211.959,0.75
332.563,0.75
198.622,0.75
481.831,0.75
351.305,44.722
244.451,0.75
444.554,0.75
505.719,26.3578
285.219,0.75
272.022,0.75
42.7167,0.75
442.306,0.75
491.071,0.75
522.179,0.75
348.166,0.75
31.8104,0.75
305.964,0.75
37.1177,0.75
67.3926,0.75
146.512,0.75
39.0301,0.75
414.474,0.75
383.782,0.75
72.3539,0.75
259,0.75
381.533,33.2661
355.335,0.75
529.391,0.75
252.296,0.75
573.466,0.75
272.166,0.75
260.671,0.75
200.259,0.75
395.121,0.75
382.767,0.75
516.658,13.8518
157.397,0.75
282.407,0.75
95.4377,0.75
268.075,34.7075
237.672,0.75
285.78,0.75
340.634,0.75
361.964,0.75
170.785,0.75
538.273,0.75
42.9445,0.75
59.9423,0.75
254.159,0.75
195.514,0.75
440.889,0.75
136.128,0.75
185.842,0.75
198.624,0.75
30.6008,0.75
374.41,6.01439
198.305,0.75
281.906,0.75
387.434,0.75
194.495,0.75
243.159,0.75
3.93682,0.75
123.267,0.75
320.471,0.75
71.0521,0.75
371.981,0.75
28.3688,0.75
146.459,0.75
23.6666,0.75
227.197,0.75
39.7141,0.75
397.748,22.8726
241.915,0.75
149.426,0.75
275.812,0.75
464.599,0.75
123.502,0.75
47.4541,0.75
137.041,0.75
312.438,0.75
28.5644,0.75
415.611,0.75
72.7822,0.75
89.2582,0.75
375.711,0.75
471.236,0.75
488.393,0.75
100.108,0.75
204.637,0.75
581.504,0.75
581.288,0.75
26.4705,0.75
49.1012,0.75
279.938,0.75
212.489,0.75
161.706,0.75
63.8173,0.75
84.5489,0.75
403.398,7.61855
398.22,50.0082
446.73,0.75
50.3292,0.75
511.459,0.75
352.915,0.75
91.5563,0.75
223.89,0.75
454.788,0.75
441.723,0.75
127.28,0.75
104.035,0.75
31.1273,0.75
230.197,0.75
431.493,37.1246
66.0218,0.75
175.607,0.75
426.002,0.75
52.262,0.75
135.95,0.75
174.435,0.75
246.196,0.75
0.591056,0.75
37.3213,0.75
385.902,0.75
539.911,0.75
22.8201,0.75
151.671,0.75
1.76582,0.75
478.636,0.75
333.531,0.75
460.41,0.75
481.763,0.75
214.651,0.75
133.471,0.75
105.543,0.75
132.557,0.75
491.227,0.75
381.337,50.5511
115.896,0.75
268.94,39.9186
475.194,41.7266
210.566,0.75
215.949,0.75
404.15,44.1914
306.777,0.75
22.2629,0.75
437.441,0.75
116.832,0.75
362.887,0.75
425.818,0.75
521.494,6.05139
134.877,0.75
329.078,0.75
84.3245,0.75
460.188,0.75
560.924,0.75
125.647,0.75
496.262,0.75
51.3569,46.8003
449.653,0.75
17.6039,0.75
118.11,0.75
252.051,0.75
45.5049,0.75
368.349,0.75
270.412,16.5075
27.7316,0.75
94.7802,0.75
276.425,0.75
31.853,0.75
51.9813,0.75
57.657,0.75
21.9888,0.75
189.785,0.75
402.955,0.75
36.8271,0.75
454.037,9.64594
65.1555,0.75
137.927,0.75
260.644,0.75
364.76,0.75
287.288,0.75
400.597,0.75
286.391,0.75
69.39,0.75
505.835,0.75
430.907,0.75
185.657,0.75
12.7003,0.75
167.904,5.30087
281.987,0.75
429.43,0.75
204.167,0.75
315.897,0.75
521.561,0.75
335.959,0.75
130.352,0.75
498.961,0.75
98.514,0.75
199.414,0.75
118.213,0.75
352.683,0.75
368.167,0.75
459.746,0.75
365.507,0.75
13.5889,0.75
255.361,41.343
18.9586,0.75
368.856,0.75
95.1847,0.75
55.7529,0.75
341.242,0.75
368.458,0.75
430.098,0.75
294.534,0.75
153.924,0.75
195.681,0.75
392.349,8.45074
442.171,0.75
415.704,0.75
243.262,0.75
158.269,0.75
376.616,0.75
558.37,0.75
118.586,0.75
486.47,0.75
64.4152,0.75
449.506,14.4526
431.539,0.75
481.359,0.75
63.1165,0.75
105.006,0.75
148.884,0.75
435.703,0.75
298.414,0.75
309.038,0.75
101.072,0.75
286.217,23.8757
165.766,0.75
292.315,0.75
455.189,26.7964
74.0183,0.75
217.726,9.09799
135.392,0.75
160.045,0.75
348.591,0.75
229.307,0.75
200.095,0.75
15.2613,0.75
151.76,0.75
28.9803,0.75
201.413,0.75
426.544,0.75
36.0093,0.75
348.752,0.75
445.557,0.75
347.984,25.2614
33.0961,0.75
148.867,0.75
57.9402,0.75
238.794,0.75
223.76,0.75
111.534,0.75
269.972,0.75
430.241,27.2079
222.548,0.75
147.332,0.75
222.944,33.6172
395.374,35.301
207.586,0.75
20.5652,0.75
34.9789,0.75
97.8285,0.75
159.749,0.75
320.097,0.75
349.193,45.5993
240.54,0.75
22.5802,0.75
81.9422,0.75
369.124,0.75
150.721,0.75
428.415,17.0262
28.8443,0.75
349.311,0.75
362.413,0.75
136.518,0.75
45.415,0.75
422.728,10.6716
388.903,0.75
233.474,0.75
218.912,37.1754
435.649,0.75
418.046,10.7369
451.466,0.75
500.452,0.75
272.205,0.75
276.617,0.75
391.695,0.75
271.053,0.75
367.386,0.75
274.802,6.70293
60.6664,0.75
91.132,0.75
171.227,0.75
564.242,0.75
510.984,0.75
95.0043,0.75
352.485,0.75
293.672,0.75
1.11717,0.75
422.326,9.90104
410.131,0.75
27.6372,0.75
528.485,0.75
242.968,0.75
301.215,0.75
450.035,0.75
49.5022,0.75
435.2,0.75
59.1249,0.75
283.708,0.75
467.555,0.75
12.6712,0.75
22.4786,0.75
72.645,0.75
445.309,0.75
273.743,0.75
125.243,0.75
15.7999,0.75
302.331,0.75
128.257,0.75
159.713,0.75
266.225,0.75
351.894,0.75
4.77442,0.75
395.095,0.75
421.055,0.75
95.3126,0.75
381.753,32.5022
112.041,0.75
107.638,29.1762
240.899,0.75
32.063,0.75
275.693,0.75
255.722,0.75
502.181,0.75
430.329,0.75
463.871,0.75
579.081,0.75
481.589,0.75
107.872,0.75
352.676,0.75
12.848,0.75
110.907,0.75
181.821,0.75
133.672,0.75
425.876,0.75
93.766,0.75
232.529,0.75
203.728,0.75
262.644,0.75
321.426,0.75
415.189,0.75
165.804,0.75
470.974,0.75
421.371,0.75
80.2211,0.75
371.163,0.75
203.699,0.75
295.51,0.75
134.74,0.75
280.012,0.75
408.608,0.75
299.172,0.75
64.5607,0.75
77.033,0.75
199.663,0.75
294.9,0.75
22.8463,0.75
86.9146,0.75
554.309,0.75
360.581,0.75
31.1389,0.75
350.499,0.75
11.4166,0.75
113.721,0.75
11.6916,0.75
480.533,0.75
279.917,41.9492
132.554,0.75
213.304,0.75
314.584,0.75
470.773,0.75
268.223,0.75
18.2211,0.75
358.536,0.75
402.818,0.75
56.6795,0.75
545.817,0.75
457.235,13.0262
341.337,0.75
260.596,0.75
113.756,0.75
351.305,0.75
438.166,0.75
141.127,0.75
269.333,45.0467
329.432,0.75
335.271,0.75
510.486,23.7525
278.228,0.75
451.985,0.75
428.621,0.75
377.479,0.75
218.923,0.75
164.39,0.75
541.2,0.75
443.171,0.75
187.926,1.56855
108.905,0.75
134.597,0.75
77.3253,0.75
254.062,0.75
438.358,0.75
313.891,0.75
389.416,0.75
182.622,0.75
332.031,0.75
93.6589,0.75
400.526,0.75
139.237,0.75
268.814,0.75
80.8958,0.75
75.6829,0.75
26.6103,8.25962
330.355,11.8249
24.7874,0.75
340.254,0.75
76.8617,0.75
228.889,0.75
366.589,0.75
212.438,0.75
245.143,0.75
49.6447,0.75
75.5207,0.75
364.598,0.75
276.641,0.75
6.02095,0.75
474.505,0.75
235.229,0.75
444.051,0.75
324.37,0.75
221.32,48.7138
286.96,0.75
303.048,42.3712
464.771,0.75
77.6087,0.75
66.0196,0.75
111.399,0.75
402.247,0.75
229.243,27.4997
220.972,0.75
465.479,0.75
320.681,0.75
111.317,0.75
285.13,45.1895
103.228,0.75
219.67,0.75
408.321,0.75
233.67,0.75
426.658,9.30848
104.284,0.75
388.134,19.5918
99.595,0.75
387.055,0.75
9.45557,0.75
216.037,0.75
485.434,0.75
382.242,40.9297
283.267,0.75
418.18,0.75
481.067,39.4158
21.5401,0.75
282.926,25.8462
32.6854,0.75
196.118,0.75
418.246,41.4259
78.045,0.75
435.982,0.75
268.335,0.75
223.424,0.75
446.498,0.75
80.3068,0.75
61.6714,0.75
132.249,0.75
188.303,0.75
235.18,0.75
44.7978,0.75
523.951,0.75
23.1185,0.75
498.255,0.75
133.571,0.75
198.446,0.75
46.7745,0.75
477.707,0.75
83.6355,0.75
286.151,0.75
223.331,0.75
432.065,0.75
290.585,0.75
4.59442,0.75
344.716,0.75
326.289,0.75
486.542,15.2929
309.561,0.75
175.171,0.75
363.038,0.75
3.6506,0.75
521.979,0.75
272.385,0.75
60.1655,0.75
259.861,0.75
387.747,0.75
343.312,0.75
328.355,0.75
84.6625,0.75
97.7913,0.75
154.304,0.75
62.8538,0.75
476.023,0.75
46.527,0.75
88.6071,0.75
49.0332,0.75
140.501,0.75
258.689,0.75
496.357,30.4494
423.422,9.85382
324.928,0.75
465.648,0.75
391.029,0.75
258.611,0.75
210.653,0.75
51.2893,0.75
340.913,0.75
334.621,0.75
237.583,0.75
153.239,0.75
104.955,0.75
456.564,0.75
417.447,0.75
137.869,0.75
133.71,0.75
362.635,0.75
178.283,0.75
127.175,0.75
397.86,0.75
51.0231,0.75
181.358,0.75
429.522,0.75
238.43,0.75
262.525,0.75
305.718,0.75
368.677,0.75
236.094,0.75
130.364,0.75
235.848,0.75
12.3926,5.49138
20.1337,0.75
25.9507,26.0516
276.248,0.75
137.946,0.75
127.174,0.75
351.212,0.75
477.063,0.75
248.025,0.75
410.332,0.75
583.428,0.75
198.194,0.75
84.2939,0.75
31.658,0.75
305.389,0.75
68.4411,0.75
23.1311,0.75
224.801,0.75
434.533,0.75
497.119,0.75
505.236,0.75
177.075,0.75
257.674,0.75
453.974,14.055
386.258,0.75
247.856,0.75
49.0236,0.75
359.381,0.75
394.588,0.75
410.806,0.75
444.229,0.75
447.758,0.75
18.8846,0.75
298.126,0.75
25.1885,41.7631
50.8761,0.75
425.082,0.75
381.904,0.75
54.8956,0.75
247.366,0.75
131.677,0.75
414.606,0.75
334.571,0.75
187.206,0.75
377.385,0.75
214.616,0.75
88.3769,0.75
563.956,0.75
33.4063,0.75
131.007,0.75
460.771,0.75
417.888,0.75
345.006,0.75
307.888,1.66685
7.66424,0.75
555.313,0.75
106.752,0.75
23.468,24.5637
52.2171,0.75
45.0897,0.75
217.667,0.75
122.79,0.75
507.433,0.75
368.785,0.75
81.5129,0.75
243.467,0.75
75.7517,0.75
378.259,0.75
295.118,0.75
293.863,0.75
364.036,0.75
190.221,0.75
333.693,0.75
46.5083,0.75
76.014,0.75
12.3331,0.75
454.772,0.75
16.6385,2.9661
225.112,10.6982
117.732,0.75
410.491,0.75
307.325,0.75
186.577,0.75
45.3293,0.75
133.239,0.75
408.251,0.75
39.7786,0.75
5.39794,0.75
41.3894,0.75
524.361,0.75
429.093,0.75
301.346,0.75
299.076,0.75
266.951,0.75
154.859,29.3676
241.607,0.75
8.34467,0.75
274.313,0.75
119.056,0.75
103.308,0.75
441.951,15.5757
274.362,0.75
216.109,0.75
490.417,0.75
243.598,0.75
435.981,0.75
181.12,0.75
50.6826,0.75
60.7724,0.75
488.605,27.0631
69.4978,0.75
542.977,0.75
494.851,0.75
416.585,0.75
321.438,0.75
97.5579,0.75
452.397,0.75
183.712,0.75
516.448,0.75
75.4823,0.75
409.015,0.75
241.165,35.9149
24.6409,0.75
394.279,0.75
396.696,0.75
129.639,0.75
64.9334,0.75
51.8035,15.0425
353.952,20.1376
255.669,14.1648
187.129,0.75
66.2754,0.75
267.125,0.75
105.592,0.75
510.411,0.75
377.021,0.75
80.6386,0.75
154.759,0.75
154.173,0.75
292.768,0.75
19.13,0.75
328.663,0.75
161.012,0.75
371.598,0.75
294.493,0.75
57.2846,0.75
59.4413,0.75
69.0446,0.75
501.808,0.75
101.304,0.75
411.826,0.75
442.027,0.75
246.031,0.75
51.1209,0.75
188.824,0.75
124.876,0.75
158.935,0.75
114.757,0.75
295.875,0.75
95.0479,0.75
323.286,0.75
63.1046,0.75
405.756,0.75
181.411,0.75
410.64,0.75
407.282,0.75
430.489,0.75
187.538,0.75
136.236,0.75
150.881,0.75
116.129,0.75
132.797,0.75
130.921,0.75
170.948,4.90552
478.906,0.75
370.124,0.75
514.687,0.75
307.098,0.75
262.506,37.5651
305.88,0.75
300.186,0.75
159.158,0.75
390.184,0.75
353.595,0.75
491.923,0.75
439.71,15.2497
339.307,36.2257
102.332,0.75
272.814,0.75
182.733,0.75
333.178,0.75
220.894,0.75
299.508,0.75
160.974,0.75
483.4,0.75
256.704,0.75
334.278,0.75
222.283,0.75
449.899,0.75
200.373,0.75
281.951,0.75
404.939,0.75
189.021,0.75
447.688,44.2413
187.255,0.75
243.616,0.75
247.889,29.6108
408.449,10.0488
391.729,0.75
425.431,0.75
442.4,0.75
119.616,0.75
455.1,0.75
413.788,0.75
140.009,0.75
129.002,0.75
204.728,0.75
471.094,0.75
222.614,0.75
108.026,0.75
111.764,0.75
348.132,0.75
493.459,0.75
19.35,0.75
326.01,0.75
435.157,0.75
257.291,0.75
24.1768,0.75
255.132,0.75
180.3,0.75
36.6789,0.75
341.794,0.75
366.725,37.4772
348.821,0.75
248.49,0.75
65.5609,0.75
50.4366,7.24202
336.607,35.2873
226.463,0.75
263.607,0.75
519.962,0.75
425.905,0.75
461.536,36.398
213.184,0.75
462.041,0.75
338.696,0.75
199.677,0.75
187.25,0.75
269.068,0.75
418.1,0.75
208.76,0.75
325.138,0.75
431.579,0.75
265.64,0.75
537.994,0.75
72.5957,0.75
214.12,0.75
8.09143,0.75
75.187,0.75
587.09,0.75
412.327,13.0206
248.451,0.75
228.635,0.75
143.955,0.75
63.1013,0.75
422.773,0.75
209.046,0.75
251.63,0.75
414.894,0.75
414.89,12.3724
300.692,0.75
419.325,0.75
211.035,0.75
230.054,0.75
109.225,0.75
368.074,0.75
235.757,0.75
60,0.75
170.34,0.75
3.57491,0.75
215.686,0.75
70.5261,0.75
58.5509,0.75
282.006,0.75
263.219,0.75
5.94562,0.75
545.066,0.75
115.333,0.75
464.854,0.75
48.676,0.75
209.437,0.75
478.117,0.75
322.74,0.75
482.659,0.75
111.93,0.75
475.393,0.75
278.237,0.75
54.5734,0.75
354.627,0.75
76.1922,0.75
115.088,0.75
331.593,0.75
320.14,0.75
468.41,0.75
135.532,0.75
288.074,0.75
216.674,0.75
546.682,0.75
160.529,0.75
284.615,0.75
339.502,0.75
357.519,0.75
420.607,0.75
103.771,0.75
365.413,0.75
388.792,0.75
180.29,0.75
209.272,0.75
452.531,0.75
353.871,0.75
19.1633,0.75
538.446,0.75
118.776,0.75
45.2821,0.75
426.711,0.75
462,0.75
32.1001,0.75
462.701,0.75
57.7888,0.75
353.976,0.75
370.813,0.75
80.244,0.75
200.604,0.75
468.783,0.75
438.362,0.75
378.519,0.75
452.957,47.6603
226.684,0.75
35.8105,0.75
425.425,7.90636
32.5218,0.75
368.945,0.75
201.628,0.75
38.4805,0.75
39.6135,0.75
440.068,0.75
46.1242,0.75
469.426,0.75
356.054,0.75
377.05,0.75
109.735,0.75
445.907,0.75
166.702,0.75
242.567,0.75
88.9418,0.75
112.586,0.75
294.127,0.75
68.2438,0.75
123.762,0.75
445.354,0.75
16.7394,0.75
303.931,0.75
411.702,0.75
85.3106,0.75
423.48,47.9078
72.7729,11.9113
146.27,35.6377
330.956,0.75
284.309,0.75
29.6378,0.75
300.194,0.75
369.281,0.75
133.023,0.75
77.2063,0.75
270.783,0.75
379.949,0.75
490.161,0.75
436.848,31.5112
144.164,0.75
111.004,0.75
275.263,0.75
148.463,0.75
299.427,0.75
538.66,43.507
519.708,0.75
28.9321,0.75
157.478,0.75
433.869,0.75
316.722,0.75
204.246,3.83105
21.5315,0.75
262.688,0.75
226.185,4.41474
272.762,0.75
163.647,0.75
493.34,0.75
158.555,0.75
155.717,0.75
359.452,0.75
233.17,0.75
262.827,0.75
68.3977,0.75
16.6188,0.75
241.692,0.75
223.922,47.5751
211.906,0.75
331.831,0.75
287.014,0.75
408.72,0.75
325.336,36.4771
260.199,0.75
238.558,0.75
96.0817,0.75
523.496,0.75
66.9591,0.75
437.342,0.75
241.312,0.75
271.144,0.75
501.244,0.75
301.554,0.75
466.939,0.75
157.699,0.75
107.573,0.75
477.284,0.75
166.464,0.75
411.994,0.75
515.264,0.75
378.39,0.75
348.498,0.75
436.222,0.75
312.628,0.75
214.791,0.75
343.44,30.4126
554.191,0.75
203.911,0.75
463.217,0.75
217.842,0.75
145.955,0.75
436.746,0.75
127.887,0.75
332.962,0.75
505.402,2.44752
296.71,0.75
42.4747,0.75
428.87,26.5937
