theta_deg,intensity,fraunhofer
-70,0.00620569,0.00369392
-69.5,0.00656176,0.00405338
-69,0.00693391,0.00443405
-68.5,0.00731995,0.00483578
-68,0.00761461,0.00525823
-67.5,0.00801699,0.00570088
-67,0.0084164,0.00616297
-66.5,0.00880517,0.00664354
-66,0.00917961,0.00714136
-65.5,0.00954124,0.00765495
-65,0.00968427,0.00818255
-64.5,0.0100413,0.00872211
-64,0.0103994,0.00927129
-63.5,0.0107616,0.00982744
-63,0.0111254,0.0103876
-62.5,0.0114838,0.0109486
-62,0.0118275,0.0115067
-61.5,0.0121483,0.0120582
-61,0.0123555,0.0125989
-60.5,0.0126322,0.0131244
-60,0.0128749,0.01363
-59.5,0.013082,0.014111
-59,0.0132483,0.0145622
-58.5,0.0133264,0.0149784
-58,0.0134068,0.0153545
-57.5,0.0134247,0.0156852
-57,0.0133897,0.0159652
-56.5,0.0133568,0.0161895
-56,0.0132496,0.016353
-55.5,0.0130993,0.0164511
-55,0.0129088,0.0164796
-54.5,0.0127586,0.0164346
-54,0.0124513,0.0163129
-53.5,0.0120709,0.0161117
-53,0.011781,0.0158294
-52.5,0.0110829,0.0154649
-52,0.0104784,0.0150182
-51.5,0.0100567,0.0144904
-51,0.00938837,0.0138838
-50.5,0.0085044,0.0132018
-50,0.00805847,0.0124492
-49.5,0.00713931,0.0116323
-49,0.0066566,0.0107587
-48.5,0.00588126,0.00983744
-48,0.00482575,0.00887912
-47.5,0.00428704,0.00789572
-47,0.00349533,0.00690064
-46.5,0.00274216,0.0059086
-46,0.00207122,0.00493555
-45.5,0.00148456,0.00399852
-45,0.00100073,0.00311546
-44.5,0.000618476,0.00230504
-44,0.000346447,0.00158642
-43.5,0.000188177,0.000978936
-43,0.000183209,0.000501867
-42.5,0.00033998,0.000174054
-42,0.000556644,1.35569e-05
-41.5,0.0012693,3.72773e-05
-41,0.0020872,0.000260558
-40.5,0.00272617,0.000696774
-40,0.00425134,0.00135692
-39.5,0.00513598,0.0022492
-39,0.0071691,0.00337864
-38.5,0.0090195,0.00474667
-38,0.0103527,0.00635083
-37.5,0.0126677,0.00818444
-37,0.0160374,0.0102363
-36.5,0.0178513,0.0124907
-36,0.0208469,0.014927
-35.5,0.0239075,0.0175197
-35,0.0265056,0.0202388
-34.5,0.0294631,0.0230495
-34,0.0323306,0.0259128
-33.5,0.0351401,0.0287858
-33,0.0367989,0.031622
-32.5,0.0395521,0.0343725
-32,0.0427856,0.0369861
-31.5,0.0452921,0.0394105
-31,0.0466932,0.0415935
-30.5,0.0486096,0.0434836
-30,0.0499688,0.0450316
-29.5,0.0507053,0.0461917
-29,0.0508157,0.0469227
-28.5,0.0504753,0.0471898
-28,0.0495908,0.0469655
-27.5,0.0481804,0.0462312
-27,0.0462675,0.0449787
-26.5,0.0438647,0.043211
-26,0.0409942,0.0409439
-25.5,0.0377039,0.038207
-25,0.0340681,0.0350442
-24.5,0.032462,0.0315148
-24,0.0284736,0.0276936
-23.5,0.0244044,0.0236714
-23,0.0203427,0.0195546
-22.5,0.016383,0.015465
-22,0.0126528,0.0115391
-21.5,0.0100829,0.0079267
-21,0.00731342,0.00479015
-20.5,0.00537896,0.0023021
-20,0.00459197,0.000643645
-19.5,0.00512371,2.01231e-06
-19,0.00707741,0.000567863
-18.5,0.0108976,0.00253242
-18,0.0155743,0.00608436
-17.5,0.0232051,0.0114065
-17,0.0330613,0.0186724
-16.5,0.0434131,0.0280429
-16,0.0577859,0.0396625
-15.5,0.0725949,0.0536561
-15,0.0916981,0.0701257
-14.5,0.111166,0.0891469
-14,0.134853,0.110767
-13.5,0.158817,0.135001
-13,0.186831,0.16183
-12.5,0.215092,0.191201
-12,0.247329,0.223024
-11.5,0.279738,0.257172
-11,0.316118,0.29348
-10.5,0.352263,0.331747
-10,0.38996,0.371737
-9.5,0.431273,0.413179
-9,0.47107,0.455772
-8.5,0.531629,0.499187
-8,0.575152,0.543069
-7.5,0.615423,0.587044
-7,0.655225,0.630721
-6.5,0.69433,0.673699
-6,0.735606,0.715572
-5.5,0.772338,0.755931
-5,0.807396,0.794375
-4.5,0.8404,0.830515
-4,0.87097,0.863976
-3.5,0.901503,0.894408
-3,0.926247,0.921486
-2.5,0.957066,0.944919
-2,0.973168,0.964453
-1.5,0.985578,0.979875
-1,0.994218,0.991014
-0.5,0.999035,0.997747
0,1,1
0.5,0.997107,0.997747
1,0.990373,0.991014
1.5,0.97984,0.979875
2,0.965572,0.964453
2.5,0.947664,0.944919
3,0.914277,0.921486
3.5,0.887956,0.894408
4,0.856011,0.863976
4.5,0.824179,0.830515
5,0.7901,0.794375
5.5,0.754158,0.755931
6,0.716725,0.715572
6.5,0.674881,0.673699
7,0.635396,0.630721
7.5,0.595332,0.587044
8,0.554909,0.543069
8.5,0.51138,0.499187
9,0.451086,0.455772
9.5,0.411675,0.413179
10,0.370936,0.371737
10.5,0.33398,0.331747
11,0.298704,0.29348
11.5,0.263282,0.257172
12,0.231884,0.223024
12.5,0.200702,0.191201
13,0.173475,0.16183
13.5,0.146572,0.135001
14,0.123662,0.110767
14.5,0.101158,0.0891469
15,0.0827907,0.0701257
15.5,0.0649161,0.0536561
16,0.0511956,0.0396625
16.5,0.0379914,0.0280429
17,0.0286015,0.0186724
17.5,0.0197595,0.0114065
18,0.0130552,0.00608436
18.5,0.00908274,0.00253242
19,0.00602076,0.000567863
19.5,0.0047344,2.01231e-06
20,0.00467695,0.000643645
20.5,0.00594693,0.0023021
21,0.00826353,0.00479015
21.5,0.0113238,0.0079267
22,0.0140581,0.0115391
22.5,0.0179526,0.015465
23,0.0220203,0.0195546
23.5,0.0261303,0.0236714
24,0.0301783,0.0276936
24.5,0.0340681,0.0315148
25,0.0355925,0.0350442
25.5,0.0390261,0.038207
26,0.0420726,0.0409439
26.5,0.0446912,0.043211
27,0.0468637,0.0449787
27.5,0.0485805,0.0462312
28,0.0498205,0.0469655
28.5,0.0505362,0.0471898
29,0.0507894,0.0469227
29.5,0.0504797,0.0461917
30,0.0495163,0.0450316
30.5,0.0479277,0.0434836
31,0.0458161,0.0415935
31.5,0.0443485,0.0394105
32,0.0417373,0.0369861
32.5,0.0384486,0.0343725
33,0.0356835,0.031622
33.5,0.0340191,0.0287858
34,0.0311998,0.0259128
34.5,0.0283012,0.0230495
35,0.0253066,0.0202388
35.5,0.0227625,0.0175197
36,0.0197147,0.014927
36.5,0.0167801,0.0124907
37,0.0150318,0.0102363
37.5,0.0118027,0.00818444
38,0.00960306,0.00635083
38.5,0.00833236,0.00474667
39,0.0065661,0.00337864
39.5,0.00462331,0.0022492
40,0.00378275,0.00135692
40.5,0.00235249,0.000696774
41,0.00176585,0.000260558
41.5,0.00103422,3.72773e-05
42,0.000433809,1.35569e-05
42.5,0.000267478,0.000174054
43,0.000174941,0.000501867
43.5,0.000230349,0.000978936
44,0.000425739,0.00158642
44.5,0.000734762,0.00230504
45,0.00115261,0.00311546
45.5,0.00167009,0.00399852
46,0.0022942,0.00493555
46.5,0.00299029,0.0059086
47,0.00375273,0.00690064
47.5,0.00455032,0.00789572
48,0.00508029,0.00887912
48.5,0.0061066,0.00983744
49,0.00687196,0.0107587
49.5,0.00734198,0.0116323
50,0.00825081,0.0124492
50.5,0.00869871,0.0132018
51,0.00958998,0.0138838
51.5,0.0102578,0.0144904
52,0.0106732,0.0150182
52.5,0.0112635,0.0154649
53,0.0119101,0.0158294
53.5,0.0121654,0.0161117
54,0.012514,0.0163129
54.5,0.012791,0.0164346
55,0.0128976,0.0164796
55.5,0.0130825,0.0164511
56,0.0132344,0.016353
56.5,0.0133486,0.0161895
57,0.0133864,0.0159652
57.5,0.0134272,0.0156852
58,0.0133861,0.0153545
58.5,0.0132903,0.0149784
59,0.0131803,0.0145622
59.5,0.0129923,0.014111
60,0.012767,0.01363
60.5,0.0125135,0.0131244
61,0.0122353,0.0125989
61.5,0.0120215,0.0120582
62,0.0117152,0.0115067
62.5,0.0113885,0.0109486
63,0.0110446,0.0103876
63.5,0.0106894,0.00982744
64,0.0103284,0.00927129
64.5,0.00996434,0.00872211
65,0.00959652,0.00818255
65.5,0.00946091,0.00765495
66,0.00908774,0.00714136
66.5,0.00870212,0.00664354
67,0.00830471,0.00616297
67.5,0.00790078,0.00570088
68,0.00749877,0.00525823
68.5,0.00721831,0.00483578
69,0.00683578,0.00443405
69.5,0.00647127,0.00405338
70,0.006125,0.00369392
