line,sync_word_index
0,3830
1,5915
2,8009
3,10097
4,12172
5,14244
6,16307
7,18377
8,20475
9,22573
10,24654
11,26753
12,28831
13,30902
14,32988
15,35078
16,37164
17,39237
18,41321
19,43385
20,45469
21,47546
22,49630
23,51693
24,53754
25,55817
26,57910
27,59998
28,62097
29,64189
30,66273
31,68344
32,70436
33,72509
34,74589
35,76677
36,78749
37,80809
38,82875
39,84966
40,87052
41,89144
42,91231
43,93303
44,95388
45,97460
46,99548
47,101616
48,103707
49,105786
50,107856
51,109928
52,111995
53,114092
54,116154
55,118236
56,120296
57,122356
58,124434
59,126504
60,128598
61,130691
62,132784
63,134851
64,136918
65,139011
66,141071
67,143143
68,145235
69,147328
70,149397
71,151481
72,153572
73,155652
74,157721
75,159809
76,161886
77,163982
78,166076
79,168148
80,170235
81,172316
82,174396
83,176494
84,178586
85,180666
86,182746
87,184826
88,186906
89,188974
90,191052
91,193117
92,195214
93,197301
94,199385
95,201465
96,203545
97,205625
98,207705
99,209785
100,211865
101,213945
102,216025
103,218089
104,220185
105,222265
106,224354
107,226433
108,228505
109,230585
110,232665
111,234745
112,236825
113,238904
114,240984
115,243064
116,245144
117,247228
118,249304
119,251384
120,253464
121,255544
122,257624
123,259704
124,261784
125,263864
126,265944
127,268024
128,270104
129,272184
130,274264
131,276344
132,278423
133,280504
134,282584
135,284664
136,286744
137,288823
138,290904
139,292983
140,295063
141,297143
142,299223
143,301303
144,303383
145,305463
146,307543
147,309623
148,311703
149,313783
150,315863
151,317943
152,320023
153,322103
154,324183
155,326263
156,328343
157,330422
158,332502
159,334582
160,336674
161,338742
162,340822
163,342902
164,344982
165,347062
166,349138
167,351222
168,353302
169,355382
170,357462
171,359546
172,361622
173,363702
174,365782
175,367862
176,369942
177,372022
178,374106
179,376182
180,378261
181,380341
182,382421
183,384501
184,386581
185,388661
186,390741
187,392821
188,394901
189,396981
190,399061
191,401141
192,403221
193,405301
194,407381
195,409461
196,411541
197,413621
198,415701
199,417781
200,419861
201,421941
202,424021
203,426101
204,428181
205,430260
206,432340
207,434420
208,436500
209,438580
210,440660
211,442740
212,444820
213,446900
214,448980
215,451060
216,453140
217,455220
218,457300
219,459380
220,461460
221,463540
222,465620
223,467700
224,469780
225,471860
226,473940
227,476020
228,478100
229,480179
230,482259
231,484339
232,486419
233,488499
234,490579
235,492659
236,494739
237,496819
238,498899
239,500979
240,503059
241,505139
242,507219
243,509299
244,511379
245,513459
246,515539
247,517619
248,519699
249,521783
250,523859
251,525939
252,528019
253,530098
254,532178
255,534258
256,536339
257,538418
258,540498
259,542578
260,544658
261,546738
262,548818
263,550898
264,552978
265,555058
266,557138
267,559218
268,561298
269,563378
270,565458
271,567538
272,569618
273,571698
274,573778
275,575858
276,577938
277,580018
278,582098
279,584178
280,586258
281,588337
282,590417
283,592497
284,594577
285,596657
286,598737
287,600817
288,602897
289,604977
290,607057
291,609137
292,611217
293,613297
294,615377
295,617457
296,619537
297,621617
298,623697
299,625777
300,627857
301,629937
302,632017
303,634097
304,636177
305,638257
306,640337
307,642417
308,644497
309,646577
310,648656
311,650736
312,652816
313,654896
314,656976
315,659056
316,661136
317,663216
318,665296
319,667376
320,669456
321,671536
322,673616
323,675696
324,677776
325,679856
326,681936
327,684016
328,686096
329,688176
330,690256
331,692336
332,694416
333,696496
334,698576
335,700656
336,702736
337,704816
338,706896
339,708976
340,711056
341,713136
342,715216
343,717295
344,719375
345,721455
346,723535
347,725615
348,727695
349,729775
350,731855
351,733935
352,736015
353,738095
354,740175
355,742255
356,744335
357,746415
358,748495
359,750575
360,752655
361,754735
362,756815
363,758895
364,760975
365,763055
366,765135
367,767215
368,769295
369,771375
370,773455
371,775535
372,777615
373,779695
374,781775
375,783855
376,785935
377,788015
378,790095
379,792175
380,794255
381,796335
382,798415
383,800494
384,802574
385,804654
386,806734
387,808814
388,810894
389,812974
390,815054
391,817134
392,819214
393,821294
394,823374
395,825454
396,827534
397,829614
398,831694
399,833774
400,835854
401,837934
402,840014
403,842094
404,844174
405,846254
406,848334
407,850414
408,852494
409,854574
410,856654
411,858734
412,860814
413,862894
414,864974
415,867054
416,869134
417,871214
418,873294
419,875374
420,877454
421,879534
422,881614
423,883694
424,885774
425,887854
426,889934
427,892014
428,894094
429,896174
430,898254
431,900334
432,902414
433,904494
434,906574
435,908654
436,910734
437,912814
438,914894
439,916974
440,919054
441,921134
442,923214
443,925294
444,927374
445,929454
446,931534
447,933614
448,935694
449,937774
450,939854
451,941933
452,944013
453,946093
454,948173
455,950253
456,952333
457,954413
458,956493
459,958573
460,960653
461,962733
462,964813
463,966893
464,968973
465,971053
466,973133
467,975213
468,977293
469,979373
470,981453
471,983533
472,985613
473,987693
474,989773
475,991853
476,993933
477,996013
478,998093
479,1000173
480,1002253
481,1004333
482,1006413
483,1008493
484,1010573
485,1012653
486,1014733
487,1016813
488,1018893
489,1020973
490,1023053
491,1025133
492,1027213
493,1029293
494,1031373
495,1033453
496,1035533
497,1037613
498,1039693
499,1041773
500,1043853
501,1045933
502,1048013
503,1050093
504,1052173
505,1054253
506,1056333
507,1058413
508,1060493
509,1062573
510,1064653
511,1066733
512,1068813
513,1070893
514,1072973
515,1075053
516,1077133
517,1079213
518,1081293
519,1083373
520,1085453
521,1087533
522,1089613
523,1091693
524,1093773
525,1095853
526,1097933
527,1100013
528,1102094
529,1104174
530,1106254
531,1108334
532,1110414
533,1112494
534,1114574
535,1116654
536,1118734
537,1120814
538,1122894
539,1124974
540,1127054
541,1129134
542,1131214
543,1133294
544,1135374
545,1137454
546,1139534
547,1141614
548,1143694
549,1145774
550,1147854
551,1149934
552,1152014
553,1154094
554,1156174
555,1158254
556,1160334
557,1162414
558,1164494
559,1166574
560,1168654
561,1170734
562,1172814
563,1174894
564,1176974
565,1179054
566,1181134
567,1183214
568,1185294
569,1187374
570,1189454
571,1191534
572,1193614
573,1195694
574,1197774
575,1199854
576,1201934
577,1204014
578,1206094
579,1208174
580,1210254
581,1212334
582,1214414
583,1216494
584,1218574
585,1220654
586,1222734
587,1224814
588,1226894
589,1228974
590,1231054
591,1233134
592,1235214
593,1237294
594,1239374
595,1241454
596,1243534
597,1245614
598,1247694
599,1249774
600,1251854
601,1253934
602,1256014
603,1258094
604,1260174
605,1262255
606,1264335
607,1266415
608,1268495
609,1270575
610,1272655
611,1274735
612,1276815
613,1278895
614,1280975
615,1283055
616,1285135
617,1287215
618,1289295
619,1291375
620,1293455
621,1295535
622,1297615
623,1299695
624,1301775
625,1303855
626,1305935
627,1308015
628,1310095
629,1312175
630,1314255
631,1316335
632,1318415
633,1320495
634,1322575
635,1324655
636,1326735
637,1328815
638,1330895
639,1332975
640,1335055
641,1337135
642,1339215
643,1341295
644,1343375
645,1345455
646,1347535
647,1349615
648,1351695
649,1353775
650,1355855
651,1357936
652,1360016
653,1362096
654,1364176
655,1366256
656,1368336
657,1370416
658,1372496
659,1374576
660,1376656
661,1378736
662,1380816
663,1382896
664,1384976
665,1387056
666,1389136
667,1391216
668,1393296
669,1395376
670,1397456
671,1399536
672,1401616
673,1403696
674,1405776
675,1407856
676,1409936
677,1412016
678,1414096
679,1416176
680,1418256
681,1420336
682,1422416
683,1424496
684,1426577
685,1428656
686,1430736
687,1432816
688,1434897
689,1436976
690,1439056
691,1441137
692,1443216
693,1445297
694,1447377
695,1449457
696,1451537
697,1453617
698,1455697
699,1457777
700,1459857
701,1461937
702,1464017
703,1466097
704,1468177
705,1470257
706,1472337
707,1474417
708,1476497
709,1478577
710,1480657
711,1482737
712,1484817
713,1486897
714,1488977
715,1491057
716,1493137
717,1495217
718,1497297
719,1499377
720,1501457
721,1503537
722,1505617
723,1507698
724,1509782
725,1511857
726,1513938
727,1516018
728,1518098
729,1520178
730,1522258
731,1524338
732,1526418
733,1528498
734,1530578
735,1532658
736,1534738
737,1536818
738,1538898
739,1540979
740,1543054
741,1545138
742,1547218
743,1549298
744,1551362
745,1553454
746,1555542
747,1557618
748,1559698
749,1561778
750,1563858
751,1565938
752,1568018
753,1570098
754,1572178
755,1574258
756,1576339
757,1578426
758,1580503
759,1582575
760,1584635
761,1586699
762,1588762
763,1590831
764,1592907
765,1594971
766,1597069
767,1599144
768,1601241
769,1603330
770,1605427
771,1607515
772,1609599
773,1611695
774,1613779
775,1615859
776,1617939
777,1620019
778,1622095
779,1624179
780,1626263
781,1628339
782,1630423
783,1632484
784,1634550
785,1636629
786,1638694
787,1640761
788,1642854
789,1644922
790,1646985
791,1649083
792,1651155
793,1653248
794,1655324
795,1657423
796,1659486
797,1661573
798,1663640
799,1665700
800,1667788
801,1669881
802,1671975
803,1674063
804,1676133
805,1678198
806,1680262
807,1682342
808,1684405
809,1686498
810,1688591
811,1690690
812,1692771
813,1694842
814,1696925
815,1698988
816,1701073
817,1703135
818,1705225
819,1707317
820,1709413
821,1711488
822,1713557
823,1715622
824,1717687
825,1719784
826,1721855
827,1723947
828,1726037
829,1728124
830,1730201
831,1732283
832,1734370
833,1736432
834,1738505
835,1740587
836,1742683
837,1744763
838,1746834
839,1748921
840,1750985
841,1753064
842,1755124
843,1757193
844,1759262
845,1761354
846,1763414
847,1765504
848,1767570
849,1769631
850,1771696
851,1773762
852,1775838
853,1777898
854,1779983
855,1782065
856,1784151
857,1786218
858,1788304
859,1790371
860,1792452
861,1794545
862,1796621
863,1798717
864,1800801
865,1802894
866,1804987
867,1807051
868,1809128
869,1811189
870,1813287
871,1815372
872,1817444
873,1819542
874,1821626
875,1823706
876,1825772
877,1827869
878,1829966
879,1832043
880,1834104
881,1836182
882,1838242
883,1840325
884,1842405
885,1844467
886,1846550
887,1848610
888,1850691
889,1852753
890,1854851
891,1856936
892,1859024
893,1861084
894,1863160
895,1865244
896,1867312
897,1869380
898,1871461
899,1873523
900,1875603
901,1877675
902,1879739
903,1881819
904,1883897
905,1885987
906,1888061
907,1890145
908,1892239
909,1894326
910,1896423
911,1898487
912,1900571
913,1902646
914,1904729
915,1906792
916,1908873
917,1910960
918,1913033
919,1915130
920,1917225
921,1919311
922,1921387
923,1923480
924,1925544
925,1927619
926,1929709
927,1931805
