vout_v,iout_a,iref_a
1,0.000982784,0.000996863
1.25,0.000982926,0.000996878
1.5,0.000983036,0.000996892
1.75,0.000983146,0.000996906
2,0.000983255,0.00099692
2.25,0.000983362,0.000996935
2.5,0.000983469,0.000996949
2.75,0.000983575,0.000996963
3,0.00098368,0.000996976
3.25,0.000983784,0.00099699
3.5,0.000983887,0.000997004
3.75,0.000983989,0.000997018
4,0.000984091,0.000997031
4.25,0.000984191,0.000997045
4.5,0.000984291,0.000997059
4.75,0.00098439,0.000997072
5,0.000984488,0.000997085
5.25,0.000984585,0.000997099
5.5,0.000984682,0.000997112
5.75,0.000984777,0.000997125
6,0.000984872,0.000997138
6.25,0.000984966,0.000997152
6.5,0.000985059,0.000997165
6.75,0.000985152,0.000997178
7,0.000985244,0.000997191
7.25,0.000985335,0.000997203
7.5,0.000985425,0.000997216
7.75,0.000985515,0.000997229
8,0.000985604,0.000997242
8.25,0.000985692,0.000997254
8.5,0.00098578,0.000997267
8.75,0.000985867,0.00099728
9,0.000985953,0.000997292
9.25,0.000986039,0.000997305
9.5,0.000986124,0.000997317
9.75,0.000986208,0.000997329
10,0.000986292,0.000997342
