f_hz,Z_mag,Z_deg
10,1,0.036
10.3523,1,0.0372683
10.717,1,0.0385814
11.0946,1,0.0399407
11.4855,1,0.0413478
11.8902,1,0.0428046
12.3091,1,0.0443127
12.7427,1,0.0458739
13.1917,1,0.0474901
13.6565,1,0.0491633
14.1376,1,0.0508954
14.6357,1,0.0526885
15.1513,1,0.0545448
15.6852,1,0.0564665
16.2378,1,0.0584559
16.8099,1,0.0605154
17.4021,1,0.0626475
18.0152,1,0.0648547
18.6499,1,0.0671396
19.307,1,0.0695051
19.9872,1,0.0719539
20.6914,1,0.0744889
21.4204,1,0.0771133
22.1751,1,0.0798301
22.9563,1,0.0826427
23.7651,1,0.0855543
24.6024,1,0.0885686
25.4692,1,0.091689
26.3665,1,0.0949193
27.2954,1,0.0982635
28.2571,1,0.101726
29.2527,1,0.105309
30.2833,1,0.10902
31.3502,1,0.112861
32.4547,1,0.116837
33.5982,1,0.120953
34.7819,1,0.125215
36.0073,1,0.129626
37.2759,1,0.134193
38.5892,1,0.138921
39.9488,1,0.143815
41.3563,1,0.148882
42.8133,1,0.154128
44.3217,1,0.159558
45.8832,1,0.165179
47.4998,1,0.170999
49.1733,1,0.177023
50.9058,1.00001,0.18326
52.6993,1.00001,0.189717
54.5559,1.00001,0.196401
56.4781,1.00001,0.20332
58.4679,1.00001,0.210483
60.5278,1.00001,0.217899
62.6603,1.00001,0.225576
64.8679,1.00001,0.233523
67.1533,1.00001,0.241751
69.5193,1.00001,0.250268
71.9686,1.00001,0.259085
74.5041,1.00001,0.268213
77.1291,1.00001,0.277663
79.8465,1.00001,0.287445
82.6596,1.00001,0.297572
85.5718,1.00001,0.308056
88.5867,1.00002,0.318909
91.7077,1.00002,0.330144
94.9388,1.00002,0.341776
98.2836,1.00002,0.353817
101.746,1.00002,0.366282
105.331,1.00002,0.379186
109.042,1.00002,0.392545
112.884,1.00003,0.406375
116.861,1.00003,0.420692
120.978,1.00003,0.435513
125.24,1.00003,0.450856
129.653,1.00003,0.46674
134.221,1.00004,0.483183
138.95,1.00004,0.500206
143.845,1.00004,0.517828
148.913,1.00004,0.536071
154.159,1.00005,0.554957
159.591,1.00005,0.574508
165.213,1.00005,0.594747
171.034,1.00006,0.6157
177.06,1.00006,0.63739
183.298,1.00007,0.659845
189.756,1.00007,0.68309
196.441,1.00008,0.707154
203.362,1.00008,0.732066
210.527,1.00009,0.757855
217.944,1.00009,0.784553
225.623,1.0001,0.81219
233.572,1.00011,0.840801
241.801,1.00012,0.87042
250.32,1.00012,0.901081
259.14,1.00013,0.932823
268.27,1.00014,0.965682
277.721,1.00015,0.999698
287.506,1.00016,1.03491
297.635,1.00017,1.07137
308.121,1.00019,1.1091
318.977,1.0002,1.14817
330.215,1.00022,1.18861
341.849,1.00023,1.23047
353.893,1.00025,1.27381
366.361,1.00026,1.31868
379.269,1.00028,1.36512
392.631,1.0003,1.41319
406.464,1.00033,1.46296
420.785,1.00035,1.51448
435.61,1.00037,1.56782
450.957,1.0004,1.62302
466.845,1.00043,1.68018
483.293,1.00046,1.73934
500.32,1.00049,1.80058
517.947,1.00053,1.86397
536.196,1.00057,1.9296
555.087,1.00061,1.99753
574.643,1.00065,2.06785
594.889,1.0007,2.14063
615.848,1.00075,2.21598
637.546,1.0008,2.29397
660.008,1.00086,2.37471
683.261,1.00092,2.45827
707.333,1.00099,2.54478
732.254,1.00106,2.63431
758.052,1.00113,2.72699
784.76,1.00121,2.82292
812.408,1.0013,2.92221
841.031,1.0014,3.02498
870.662,1.0015,3.13136
901.337,1.0016,3.24145
933.093,1.00172,3.35541
965.967,1.00184,3.47335
1000,1.00197,3.59542
1035.23,1.00211,3.72175
1071.7,1.00226,3.8525
1109.46,1.00243,3.98781
1148.55,1.0026,4.12784
1189.02,1.00279,4.27276
1230.91,1.00299,4.42273
1274.27,1.0032,4.57792
1319.17,1.00343,4.73851
1365.65,1.00368,4.90467
1413.76,1.00394,5.07661
1463.57,1.00422,5.25452
1515.13,1.00452,5.43858
1568.52,1.00485,5.62902
1623.78,1.00519,5.82604
1680.99,1.00556,6.02986
1740.21,1.00596,6.24071
1801.52,1.00639,6.45881
1864.99,1.00684,6.6844
1930.7,1.00733,6.91772
1998.72,1.00786,7.15904
2069.14,1.00842,7.40859
2142.04,1.00902,7.66665
2217.51,1.00966,7.93348
2295.63,1.01035,8.20935
2376.51,1.01109,8.49456
2460.24,1.01188,8.78938
2546.92,1.01273,9.09411
2636.65,1.01364,9.40905
2729.54,1.01461,9.73449
2825.71,1.01565,10.0708
2925.27,1.01676,10.4182
3028.33,1.01795,10.777
3135.02,1.01923,11.1476
3245.47,1.0206,11.5304
3359.82,1.02206,11.9255
3478.19,1.02362,12.3334
3600.73,1.0253,12.7543
3727.59,1.02709,13.1887
3858.92,1.02901,13.6368
3994.88,1.03106,14.099
4135.63,1.03325,14.5755
4281.33,1.0356,15.0668
4432.17,1.03811,15.573
4588.32,1.04079,16.0946
4749.98,1.04366,16.6317
4917.33,1.04673,17.1848
5090.58,1.05001,17.7539
5269.93,1.05351,18.3395
5455.59,1.05725,18.9416
5647.81,1.06125,19.5606
5846.79,1.06551,20.1966
6052.78,1.07007,20.8497
6266.03,1.07494,21.5202
6486.79,1.08013,22.208
6715.33,1.08566,22.9133
6951.93,1.09157,23.636
7196.86,1.09787,24.3762
7450.41,1.10458,25.1337
7712.91,1.11174,25.9085
7984.65,1.11936,26.7004
8265.96,1.12748,27.5092
8557.18,1.13612,28.3345
8858.67,1.14531,29.1762
9170.77,1.15509,30.0338
9493.88,1.1655,30.9068
9828.36,1.17655,31.7947
10174.6,1.1883,32.697
10533.1,1.20078,33.613
10904.2,1.21402,34.5421
11288.4,1.22807,35.4834
11686.1,1.24298,36.4362
12097.8,1.25878,37.3996
12524,1.27553,38.3726
12965.3,1.29326,39.3543
13422.1,1.31204,40.3437
13895,1.3319,41.3397
14384.5,1.35291,42.3413
14891.3,1.37512,43.3473
15415.9,1.39859,44.3565
15959.1,1.42338,45.3678
16521.3,1.44955,46.3801
17103.4,1.47716,47.3922
17706,1.50628,48.4029
18329.8,1.53698,49.4111
18975.6,1.56933,50.4156
19644.1,1.60342,51.4155
20336.2,1.63931,52.4095
21052.7,1.67709,53.3967
21794.4,1.71685,54.3761
22562.3,1.75868,55.3468
23357.2,1.80268,56.3078
24180.1,1.84894,57.2585
25032,1.89758,58.1979
25914,1.94871,59.1255
26827,2.00245,60.0405
27772.1,2.05893,60.9424
28750.6,2.11829,61.8307
29763.5,2.18067,62.7049
30812.1,2.24624,63.5647
31897.7,2.31517,64.4097
33021.5,2.38764,65.2396
34184.9,2.46385,66.0544
35389.3,2.54402,66.8538
36636.1,2.62838,67.6377
37926.9,2.7172,68.4061
39263.1,2.81075,69.1589
40646.4,2.90935,69.8963
42078.5,3.01333,70.6184
43561,3.12309,71.3252
45095.7,3.23902,72.017
46684.5,3.3616,72.6938
48329.3,3.49135,73.3561
50032,3.62884,74.004
51794.7,3.77472,74.6378
53619.6,3.92973,75.2578
55508.7,4.0947,75.8644
57464.3,4.27057,76.4578
59488.9,4.45841,77.0386
61584.8,4.65946,77.6069
63754.6,4.87514,78.1633
66000.8,5.10708,78.7082
68326.1,5.35721,79.2418
70733.3,5.62776,79.7647
73225.4,5.92138,80.2773
75805.2,6.24121,80.78
78476,6.59099,81.2733
81240.8,6.97527,81.7575
84103.1,7.39956,82.2331
87066.2,7.87066,82.7006
90133.7,8.39699,83.1604
93309.3,8.98922,83.6129
96596.7,9.66093,84.0587
100000,10.4298,84.4981
103523,11.3191,84.9315
107170,12.3605,85.3595
110946,13.5975,85.7825
114855,15.0924,86.2009
118902,16.9368,86.6151
123091,19.2721,87.0257
127427,22.3272,87.433
131917,26.5006,87.8374
136565,32.5508,88.2395
141376,42.1236,88.6397
146357,59.5836,89.0384
151513,101.582,89.436
156852,342.958,89.8329
162378,249.403,-89.7703
168099,91.4143,-89.3732
174021,55.9273,-88.9755
180152,40.2571,-88.5766
186499,31.4204,-88.1762
193070,25.7426,-87.7737
199872,21.7835,-87.3688
206914,18.8627,-86.9611
214204,16.6173,-86.55
221751,14.8359,-86.1351
229563,13.3869,-85.716
237651,12.1843,-85.2923
246024,11.1695,-84.8635
254692,10.301,-84.4291
263665,9.5489,-83.9887
272954,8.8908,-83.5419
282571,8.3098,-83.0883
292527,7.79283,-82.6273
302833,7.32964,-82.1585
313502,6.91208,-81.6816
324547,6.53359,-81.196
335982,6.18881,-80.7013
347819,5.87336,-80.197
360073,5.58357,-79.6828
372759,5.31641,-79.1583
385892,5.0693,-78.6229
399488,4.84004,-78.0763
413563,4.62678,-77.518
428133,4.42791,-76.9477
443217,4.24203,-76.365
458832,4.06795,-75.7695
474998,3.90461,-75.1608
491733,3.7511,-74.5386
509058,3.60658,-73.9026
526993,3.47036,-73.2525
545559,3.34178,-72.5879
564781,3.22028,-71.9087
584679,3.10535,-71.2146
605278,2.99654,-70.5054
626603,2.89343,-69.7809
648679,2.79565,-69.0411
671533,2.70286,-68.2857
695193,2.61477,-67.5149
719686,2.53108,-66.7286
745041,2.45156,-65.9267
771291,2.37595,-65.1096
798465,2.30405,-64.2772
826596,2.23567,-63.4299
855718,2.17061,-62.5678
885867,2.10872,-61.6913
917077,2.04982,-60.8008
949388,1.99378,-59.8968
982836,1.94046,-58.9798
1.01746e+06,1.88974,-58.0503
1.05331e+06,1.84148,-57.1091
1.09042e+06,1.79558,-56.1567
1.12884e+06,1.75193,-55.1941
1.16861e+06,1.71044,-54.222
1.20978e+06,1.67099,-53.2413
1.2524e+06,1.63352,-52.2529
1.29653e+06,1.59792,-51.2579
1.34221e+06,1.56411,-50.2573
1.3895e+06,1.53202,-49.2521
1.43845e+06,1.50158,-48.2434
1.48913e+06,1.4727,-47.2324
1.54159e+06,1.44532,-46.2202
1.59591e+06,1.41938,-45.208
1.65213e+06,1.3948,-44.1969
1.71034e+06,1.37153,-43.1881
1.7706e+06,1.34952,-42.1828
1.83298e+06,1.32869,-41.1821
1.89756e+06,1.309,-40.187
1.96441e+06,1.29039,-39.1987
2.03362e+06,1.27282,-38.2183
2.10527e+06,1.25622,-37.2467
2.17944e+06,1.24057,-36.285
2.25623e+06,1.2258,-35.334
2.33572e+06,1.21188,-34.3945
2.41801e+06,1.19875,-33.4675
2.5032e+06,1.1864,-32.5536
2.5914e+06,1.17476,-31.6535
2.6827e+06,1.16381,-30.7679
2.77721e+06,1.15351,-29.8973
2.87506e+06,1.14382,-29.0422
2.97635e+06,1.13472,-28.2031
3.08121e+06,1.12616,-27.3803
3.18977e+06,1.11812,-26.5742
3.30215e+06,1.11058,-25.785
3.41849e+06,1.10349,-25.0129
3.53893e+06,1.09685,-24.2581
3.66361e+06,1.09061,-23.5207
3.79269e+06,1.08477,-22.8007
3.92631e+06,1.07928,-22.0982
4.06464e+06,1.07415,-21.4132
4.20785e+06,1.06933,-20.7455
4.3561e+06,1.06482,-20.095
4.50957e+06,1.0606,-19.4617
4.66845e+06,1.05664,-18.8454
4.83293e+06,1.05294,-18.2459
5.0032e+06,1.04947,-17.6629
5.17947e+06,1.04623,-17.0964
5.36196e+06,1.0432,-16.5459
5.55087e+06,1.04036,-16.0112
5.74643e+06,1.0377,-15.4921
5.94889e+06,1.03522,-14.9882
6.15848e+06,1.0329,-14.4993
6.37546e+06,1.03073,-14.0251
6.60008e+06,1.0287,-13.5651
6.83261e+06,1.0268,-13.1192
7.07333e+06,1.02503,-12.687
7.32254e+06,1.02337,-12.2681
7.58052e+06,1.02182,-11.8622
7.8476e+06,1.02037,-11.4691
8.12408e+06,1.01902,-11.0883
8.41031e+06,1.01776,-10.7196
8.70662e+06,1.01658,-10.3625
9.01337e+06,1.01548,-10.0169
9.33093e+06,1.01445,-9.68239
9.65967e+06,1.01349,-9.35862
1e+07,1.01259,-9.04531
