window_50ms_cents,window_100ms_cents,window_200ms_cents,window_400ms_cents,window_800ms_cents
8.25005,0.344793,-0.00734145,-0.0430862,0.0282765
0.543292,0.980526,0.068045,0.00450572,-0.0345767
0.112276,-0.00547608,-0.0526588,-0.000137739,0.00337084
-0.274344,0.0833792,0.00491505,-0.00425759,0.00254082
0.13797,-0.0197182,-0.0329927,0.0101374,-0.000655102
2.47703,1.10037,0.0812139,-0.0118177,-0.0403256
-3.03057,-0.415962,-0.130068,0.0613945,0.0126602
-0.926395,-1.26588,0.243136,-0.128774,0.0336163
0.730697,-0.141844,0.0277769,0.0286372,-0.0148603
-0.159404,0.136408,-0.177759,-0.0126773,0.00348995
-0.0949691,-0.0461332,-0.00338033,0.001714,0.000335094
-0.13027,0.0404176,-0.0054115,0.00409752,-0.000797761
-6.12564,-1.08042,-0.371281,-0.107256,0.0573046
0.98578,0.245486,-0.0883606,0.0193936,-0.0152016
0.81607,-0.0291102,-0.0110072,-0.0072694,0.0032886
0.0769614,0.0317647,-0.00685743,-0.021624,-0.00116137
0.0974446,-0.0492371,0.0742185,0.00528755,1.97127e-05
0.285723,-0.0178858,-0.0157703,0.00500826,0.00213384
-10.5578,1.41014,-0.176251,-0.160496,-0.096476
-1.24284,-0.585761,-0.0167724,-0.00411528,0.0114883
-1.49138,-0.0291525,0.130742,0.0553233,-0.0283866
0.279756,0.196,-0.100972,0.00557714,-0.00347468
-0.123132,0.00549195,-0.0084934,-0.00237652,-0.000874588
-0.1132,0.0470145,-0.00536414,0.000819533,-0.00367344
6.71221,1.27005,-0.679704,-0.0281204,-0.0325959
-0.716868,-0.376722,0.108672,0.0558426,0.00181755
0.97321,-0.328142,0.233611,-0.0104778,-0.00499233
0.000394467,-0.00699598,-0.0237715,0.00171807,0.0013793
0.00237468,0.0257661,-0.0210398,0.000363445,0.00192861
0.0958925,0.0152677,-0.00994113,-0.00966044,0.00285625
18.8126,0.0679133,0.120681,0.0491574,0.111113
-1.75598,1.88898,0.152107,0.326278,0.0678918
-2.04489,0.405427,0.0216373,0.0337527,0.00587727
-0.152409,0.00164409,0.0401271,-0.00712294,-0.00182895
-0.191084,0.188398,0.0512777,-0.00641246,-0.0027677
1.68147,-0.634856,-0.0755832,0.0422523,0.0275706
2.07947,0.292506,0.0240148,0.120385,0.00224181
-0.397351,-0.194123,0.078539,-0.0233015,-0.0108431
-0.748128,-0.143185,-0.0634543,-0.0419891,0.0135157
0.35439,0.0204631,0.0497154,-0.0169631,0.00206828
-0.521041,0.122567,0.0211844,-0.00378179,0.00187598
-0.0784141,0.0162567,-0.0197007,0.0096836,-0.00122564
-0.454819,0.926547,-0.186972,-0.082793,0.0577915
-0.317297,0.333189,0.0174135,-0.0156564,-0.0175286
-0.347238,0.0458547,-0.0868812,0.0334179,0.0282612
-0.282743,-0.226968,0.0507154,-0.0326195,0.0212947
-0.0048471,-0.0724182,0.0234772,-0.00383446,-0.000301267
-0.140168,-0.0171548,-0.00162063,0.000201549,-0.000609577
-2.45768,0.373252,0.136663,0.0266343,-0.023484
0.78228,-0.533782,0.36672,-0.0238478,0.0221877
0.238433,0.141736,-0.0488685,-0.0114794,0.00621005
-0.758562,0.68432,-0.11897,-0.0288781,-0.00625078
0.1165,-0.0250637,-0.0393263,0.00191727,0.00490325
0.282959,-0.110785,0.00441792,0.00162026,0.00154852
-0.759211,0.175865,-0.171984,-0.024497,-0.00398738
0.197481,-0.282816,0.106345,0.0210462,0.0137665
-0.605971,-0.126678,-0.0665645,-0.0194358,0.00505913
0.164313,-0.0522476,0.0393095,-0.0193429,-0.0111421
-0.0816758,0.0195331,-0.0448663,0.00732909,-0.000553418
-0.133786,0.0379802,0.00356987,-0.000523233,-0.00195386
