t_s,x_m,theta_rad,force_N
0,0,0.174533,12.8356
0.004,9.76406e-05,0.174368,12.1771
0.008,0.000383652,0.173886,11.5419
0.012,0.000847954,0.173108,10.9291
0.016,0.00148084,0.172051,10.3382
0.02,0.00227296,0.170734,9.76843
0.024,0.00321532,0.169175,9.21918
0.028,0.00429925,0.167389,8.68985
0.032,0.0055164,0.165393,8.17989
0.036,0.00685875,0.163202,7.68873
0.04,0.00831858,0.16083,7.21585
0.044,0.00988846,0.15829,6.76074
0.048,0.0115612,0.155597,6.3229
0.052,0.0133301,0.152763,5.90184
0.056,0.0151883,0.1498,5.49709
0.06,0.0171297,0.14672,5.10821
0.064,0.0191481,0.143532,4.73473
0.068,0.0212377,0.140249,4.37623
0.072,0.0233929,0.13688,4.03226
0.076,0.0256083,0.133434,3.70242
0.08,0.0278788,0.129921,3.38628
0.084,0.0301994,0.12635,3.08344
0.088,0.0325655,0.122727,2.7935
0.092,0.0349726,0.119062,2.51607
0.096,0.0374162,0.115361,2.25076
0.1,0.0398924,0.111632,1.9972
0.104,0.0423972,0.107881,1.75501
0.108,0.0449268,0.104114,1.52383
0.112,0.0474776,0.100338,1.30329
0.116,0.0500463,0.0965573,1.09305
0.12,0.0526296,0.0927781,0.892764
0.124,0.0552244,0.0890051,0.702088
0.128,0.0578277,0.085243,0.520693
0.132,0.0604369,0.0814959,0.348254
0.136,0.0630492,0.0777682,0.184455
0.14,0.0656622,0.0740636,0.0289843
0.144,0.0682734,0.0703857,-0.11846
0.148,0.0708806,0.0667379,-0.258174
0.152,0.0734817,0.0631232,-0.390447
0.156,0.0760747,0.0595445,-0.515558
0.16,0.0786576,0.0560044,-0.633781
0.164,0.0812288,0.0525056,-0.745383
0.168,0.0837865,0.0490502,-0.850623
0.172,0.086329,0.0456402,-0.949751
0.176,0.0888551,0.0422777,-1.04301
0.18,0.0913631,0.0389644,-1.13064
0.184,0.0938519,0.0357017,-1.21287
0.188,0.0963203,0.0324912,-1.28993
0.192,0.098767,0.0293341,-1.36202
0.196,0.101191,0.0262315,-1.42936
0.2,0.103591,0.0231844,-1.49214
0.204,0.105967,0.0201938,-1.55057
0.208,0.108318,0.0172603,-1.60483
0.212,0.110642,0.0143847,-1.6551
0.216,0.112939,0.0115673,-1.70156
0.22,0.115209,0.00880879,-1.74439
0.224,0.11745,0.00610936,-1.78373
0.228,0.119663,0.00346929,-1.81975
0.232,0.121847,0.00088875,-1.85261
0.236,0.124001,-0.00163218,-1.88244
0.24,0.126125,-0.00409349,-1.90939
0.244,0.128218,-0.00649524,-1.93359
0.248,0.130281,-0.00883757,-1.95518
0.252,0.132312,-0.0111207,-1.97428
0.256,0.134313,-0.0133448,-1.99101
0.26,0.136282,-0.0155102,-2.00548
0.264,0.138219,-0.0176172,-2.01781
0.268,0.140125,-0.0196664,-2.0281
0.272,0.141999,-0.021658,-2.03646
0.276,0.143841,-0.0235927,-2.04298
0.28,0.145651,-0.0254709,-2.04777
0.284,0.147429,-0.0272931,-2.0509
0.288,0.149175,-0.0290601,-2.05247
0.292,0.150889,-0.0307723,-2.05256
0.296,0.152571,-0.0324304,-2.05125
0.3,0.154222,-0.0340352,-2.04862
0.304,0.155841,-0.0355872,-2.04474
0.308,0.157428,-0.0370873,-2.03968
0.312,0.158983,-0.0385361,-2.03351
0.316,0.160508,-0.0399344,-2.02629
0.32,0.162001,-0.041283,-2.01809
0.324,0.163463,-0.0425825,-2.00896
0.328,0.164895,-0.0438339,-1.99897
0.332,0.166295,-0.0450379,-1.98815
0.336,0.167666,-0.0461953,-1.97658
0.34,0.169006,-0.0473069,-1.96429
0.344,0.170316,-0.0483736,-1.95134
0.348,0.171597,-0.0493961,-1.93777
0.352,0.172848,-0.0503753,-1.92362
0.356,0.17407,-0.051312,-1.90894
0.36,0.175263,-0.052207,-1.89375
0.364,0.176427,-0.0530612,-1.87812
0.368,0.177563,-0.0538754,-1.86206
0.372,0.178671,-0.0546503,-1.84561
0.376,0.179751,-0.0553869,-1.82881
0.38,0.180804,-0.0560859,-1.81168
0.384,0.181829,-0.0567482,-1.79426
0.388,0.182828,-0.0573746,-1.77658
0.392,0.1838,-0.0579657,-1.75866
0.396,0.184745,-0.0585226,-1.74052
0.4,0.185665,-0.0590459,-1.7222
0.404,0.186559,-0.0595365,-1.70372
0.408,0.187427,-0.059995,-1.68509
0.412,0.188271,-0.0604223,-1.66634
0.416,0.189089,-0.0608192,-1.64749
0.42,0.189884,-0.0611864,-1.62856
0.424,0.190654,-0.0615246,-1.60956
0.428,0.1914,-0.0618346,-1.59052
0.432,0.192123,-0.062117,-1.57145
0.436,0.192822,-0.0623727,-1.55236
0.44,0.193499,-0.0626024,-1.53327
0.444,0.194153,-0.0628066,-1.5142
0.448,0.194785,-0.0629861,-1.49515
0.452,0.195395,-0.0631416,-1.47614
0.456,0.195984,-0.0632738,-1.45718
0.46,0.196551,-0.0633832,-1.43827
0.464,0.197097,-0.0634706,-1.41944
0.468,0.197622,-0.0635366,-1.40069
0.472,0.198127,-0.0635818,-1.38203
0.476,0.198612,-0.0636068,-1.36347
0.48,0.199077,-0.0636122,-1.34501
0.484,0.199523,-0.0635986,-1.32667
0.488,0.199949,-0.0635667,-1.30844
0.492,0.200356,-0.0635168,-1.29034
0.496,0.200745,-0.0634497,-1.27237
0.5,0.201116,-0.0633659,-1.25454
0.504,0.201468,-0.0632658,-1.23686
0.508,0.201802,-0.0631501,-1.21931
0.512,0.202119,-0.0630192,-1.20193
0.516,0.202419,-0.0628737,-1.18469
0.52,0.202702,-0.062714,-1.16762
0.524,0.202968,-0.0625406,-1.1507
0.528,0.203218,-0.0623541,-1.13396
0.532,0.203451,-0.0621548,-1.11738
0.536,0.203669,-0.0619432,-1.10097
0.54,0.20387,-0.0617198,-1.08473
0.544,0.204057,-0.061485,-1.06866
0.548,0.204228,-0.0612392,-1.05277
0.552,0.204385,-0.0609829,-1.03706
0.556,0.204526,-0.0607164,-1.02153
0.56,0.204654,-0.0604401,-1.00617
0.564,0.204767,-0.0601545,-0.990995
0.568,0.204866,-0.0598598,-0.975999
0.572,0.204951,-0.0595565,-0.961183
0.576,0.205023,-0.0592449,-0.946547
0.58,0.205082,-0.0589254,-0.932092
0.584,0.205127,-0.0585984,-0.917817
0.588,0.20516,-0.058264,-0.903721
0.592,0.20518,-0.0579228,-0.889806
0.596,0.205187,-0.0575749,-0.876069
0.6,0.205183,-0.0572207,-0.86251
0.604,0.205166,-0.0568605,-0.849129
0.608,0.205138,-0.0564945,-0.835924
0.612,0.205098,-0.0561232,-0.822895
0.616,0.205047,-0.0557467,-0.81004
0.62,0.204984,-0.0553652,-0.797358
0.624,0.204911,-0.0549792,-0.784849
0.628,0.204826,-0.0545888,-0.77251
0.632,0.204731,-0.0541942,-0.76034
0.636,0.204626,-0.0537958,-0.748338
0.64,0.20451,-0.0533937,-0.736503
0.644,0.204384,-0.0529882,-0.724832
0.648,0.204248,-0.0525795,-0.713324
0.652,0.204102,-0.0521677,-0.701978
0.656,0.203947,-0.0517532,-0.690792
0.66,0.203783,-0.0513361,-0.679763
0.664,0.203609,-0.0509166,-0.668891
0.668,0.203426,-0.0504949,-0.658173
0.672,0.203234,-0.0500711,-0.647608
0.676,0.203033,-0.0496455,-0.637193
0.68,0.202824,-0.0492183,-0.626928
0.684,0.202606,-0.0487895,-0.616809
0.688,0.20238,-0.0483594,-0.606836
0.692,0.202145,-0.0479281,-0.597006
0.696,0.201903,-0.0474958,-0.587317
0.7,0.201653,-0.0470626,-0.577767
0.704,0.201394,-0.0466286,-0.568355
0.708,0.201129,-0.0461941,-0.559079
0.712,0.200856,-0.045759,-0.549936
0.716,0.200575,-0.0453236,-0.540925
0.72,0.200287,-0.044888,-0.532043
0.724,0.199992,-0.0444522,-0.52329
0.728,0.19969,-0.0440165,-0.514662
0.732,0.199382,-0.0435809,-0.506158
0.736,0.199066,-0.0431455,-0.497777
0.74,0.198744,-0.0427105,-0.489516
0.744,0.198415,-0.0422759,-0.481373
0.748,0.19808,-0.0418418,-0.473347
0.752,0.197739,-0.0414083,-0.465435
0.756,0.197392,-0.0409756,-0.457637
0.76,0.197039,-0.0405436,-0.449949
0.764,0.196679,-0.0401125,-0.442371
0.768,0.196314,-0.0396824,-0.4349
0.772,0.195943,-0.0392533,-0.427535
0.776,0.195567,-0.0388254,-0.420275
0.78,0.195185,-0.0383986,-0.413116
0.784,0.194797,-0.037973,-0.406058
0.788,0.194405,-0.0375488,-0.399099
0.792,0.194007,-0.037126,-0.392238
0.796,0.193604,-0.0367046,-0.385472
0.8,0.193196,-0.0362847,-0.378801
0.804,0.192783,-0.0358663,-0.372222
0.808,0.192365,-0.0354495,-0.365733
0.812,0.191943,-0.0350344,-0.359335
0.816,0.191515,-0.034621,-0.353024
0.82,0.191084,-0.0342094,-0.3468
0.824,0.190648,-0.0337995,-0.34066
0.828,0.190207,-0.0333915,-0.334604
0.832,0.189762,-0.0329853,-0.32863
0.836,0.189313,-0.032581,-0.322737
0.84,0.18886,-0.0321787,-0.316923
0.844,0.188402,-0.0317784,-0.311188
0.848,0.187941,-0.0313801,-0.305528
0.852,0.187476,-0.0309839,-0.299944
0.856,0.187007,-0.0305897,-0.294435
0.86,0.186534,-0.0301976,-0.288998
0.864,0.186058,-0.0298076,-0.283632
0.868,0.185578,-0.0294198,-0.278337
0.872,0.185094,-0.0290342,-0.273111
0.876,0.184607,-0.0286508,-0.267953
0.88,0.184116,-0.0282696,-0.262861
0.884,0.183623,-0.0278906,-0.257836
0.888,0.183126,-0.0275139,-0.252875
0.892,0.182626,-0.0271395,-0.247977
0.896,0.182122,-0.0267673,-0.243142
0.9,0.181616,-0.0263975,-0.238369
0.904,0.181107,-0.02603,-0.233656
0.908,0.180594,-0.0256648,-0.229002
0.912,0.180079,-0.0253019,-0.224406
0.916,0.179561,-0.0249414,-0.219868
0.92,0.179041,-0.0245832,-0.215386
0.924,0.178517,-0.0242275,-0.21096
0.928,0.177991,-0.023874,-0.206589
0.932,0.177463,-0.023523,-0.202272
0.936,0.176932,-0.0231744,-0.198007
0.94,0.176398,-0.0228281,-0.193794
0.944,0.175863,-0.0224843,-0.189633
0.948,0.175324,-0.0221429,-0.185522
0.952,0.174784,-0.0218038,-0.181461
0.956,0.174241,-0.0214672,-0.177448
0.96,0.173697,-0.021133,-0.173484
0.964,0.17315,-0.0208012,-0.169567
0.968,0.172601,-0.0204718,-0.165697
0.972,0.17205,-0.0201448,-0.161872
0.976,0.171497,-0.0198202,-0.158093
0.98,0.170942,-0.019498,-0.154358
0.984,0.170385,-0.0191782,-0.150667
0.988,0.169827,-0.0188609,-0.147019
0.992,0.169266,-0.0185459,-0.143414
0.996,0.168704,-0.0182333,-0.139851
1,0.168141,-0.0179232,-0.136329
1.004,0.167575,-0.0176154,-0.132847
1.008,0.167009,-0.01731,-0.129406
1.012,0.16644,-0.0170069,-0.126004
1.016,0.16587,-0.0167063,-0.122642
1.02,0.165299,-0.016408,-0.119318
1.024,0.164726,-0.0161121,-0.116031
1.028,0.164152,-0.0158185,-0.112782
1.032,0.163577,-0.0155273,-0.10957
1.036,0.163,-0.0152384,-0.106394
1.04,0.162422,-0.0149519,-0.103255
1.044,0.161843,-0.0146677,-0.10015
1.048,0.161263,-0.0143858,-0.0970806
1.052,0.160682,-0.0141062,-0.0940455
1.056,0.1601,-0.013829,-0.0910443
1.06,0.159516,-0.013554,-0.0880768
1.064,0.158932,-0.0132813,-0.0851424
1.068,0.158347,-0.0130109,-0.0822406
1.072,0.15776,-0.0127428,-0.0793712
1.076,0.157173,-0.0124769,-0.0765337
1.08,0.156585,-0.0122133,-0.0737277
1.084,0.155997,-0.0119519,-0.0709527
1.088,0.155407,-0.0116927,-0.0682085
1.092,0.154817,-0.0114358,-0.0654947
1.096,0.154226,-0.0111811,-0.0628109
1.1,0.153635,-0.0109285,-0.0601566
1.104,0.153043,-0.0106782,-0.0575317
1.108,0.15245,-0.0104301,-0.0549358
1.112,0.151857,-0.0101841,-0.0523684
1.116,0.151263,-0.00994027,-0.0498293
1.12,0.150669,-0.0096986,-0.0473182
1.124,0.150074,-0.00945907,-0.0448348
1.128,0.149479,-0.00922168,-0.0423787
1.132,0.148883,-0.00898639,-0.0399496
1.136,0.148287,-0.00875322,-0.0375473
1.14,0.147691,-0.00852214,-0.0351714
1.144,0.147094,-0.00829315,-0.0328217
1.148,0.146498,-0.00806623,-0.0304979
1.152,0.145901,-0.00784137,-0.0281998
1.156,0.145303,-0.00761857,-0.0259269
1.16,0.144706,-0.0073978,-0.0236792
1.164,0.144108,-0.00717906,-0.0214563
1.168,0.143511,-0.00696235,-0.019258
1.172,0.142913,-0.00674763,-0.017084
1.176,0.142315,-0.00653492,-0.0149341
1.18,0.141717,-0.00632418,-0.012808
1.184,0.14112,-0.00611542,-0.0107056
1.188,0.140522,-0.00590862,-0.0086265
1.192,0.139924,-0.00570377,-0.00657057
1.196,0.139326,-0.00550086,-0.00453758
1.2,0.138729,-0.00529987,-0.00252729
1.204,0.138131,-0.0051008,-0.000539504
1.208,0.137534,-0.00490364,0.001426
1.212,0.136937,-0.00470836,0.00336944
1.216,0.13634,-0.00451497,0.005291
1.22,0.135743,-0.00432345,0.0071909
1.224,0.135146,-0.00413379,0.00906933
1.228,0.13455,-0.00394597,0.0109265
1.232,0.133954,-0.00375999,0.0127626
1.236,0.133359,-0.00357584,0.0145777
1.24,0.132763,-0.0033935,0.0163722
1.244,0.132169,-0.00321296,0.0181462
1.248,0.131574,-0.00303421,0.0198998
1.252,0.13098,-0.00285724,0.0216332
1.256,0.130386,-0.00268204,0.0233466
1.26,0.129793,-0.0025086,0.0250403
1.264,0.129201,-0.00233691,0.0267143
1.268,0.128608,-0.00216695,0.0283688
1.272,0.128017,-0.00199871,0.030004
1.276,0.127426,-0.00183219,0.03162
1.28,0.126835,-0.00166736,0.033217
1.284,0.126245,-0.00150423,0.0347953
1.288,0.125656,-0.00134278,0.0363548
1.292,0.125067,-0.001183,0.0378958
1.296,0.124479,-0.00102488,0.0394185
1.3,0.123891,-0.000868404,0.040923
1.304,0.123305,-0.000713565,0.0424093
1.308,0.122718,-0.000560352,0.0438778
1.312,0.122133,-0.000408755,0.0453285
1.316,0.121549,-0.000258762,0.0467616
1.32,0.120965,-0.000110363,0.0481771
1.324,0.120382,3.64535e-05,0.0495754
1.328,0.119799,0.000181697,0.0509564
1.332,0.119218,0.000325378,0.0523204
1.336,0.118637,0.000467507,0.0536674
1.34,0.118057,0.000608096,0.0549976
1.344,0.117478,0.000747153,0.0563112
1.348,0.1169,0.00088469,0.0576082
1.352,0.116323,0.00102072,0.0588889
1.356,0.115747,0.00115524,0.0601532
1.36,0.115172,0.00128828,0.0614014
1.364,0.114597,0.00141984,0.0626336
1.368,0.114024,0.00154993,0.0638499
1.372,0.113451,0.00167855,0.0650504
1.376,0.11288,0.00180573,0.0662353
1.38,0.112309,0.00193147,0.0674047
1.384,0.11174,0.00205578,0.0685586
1.388,0.111171,0.00217868,0.0696973
1.392,0.110604,0.00230016,0.0708208
1.396,0.110038,0.00242024,0.0719292
1.4,0.109473,0.00253893,0.0730228
1.404,0.108908,0.00265624,0.0741015
1.408,0.108345,0.00277218,0.0751655
1.412,0.107783,0.00288676,0.0762149
1.416,0.107223,0.00299999,0.0772499
1.42,0.106663,0.00311188,0.0782705
1.424,0.106104,0.00322243,0.0792768
1.428,0.105547,0.00333166,0.080269
1.432,0.104991,0.00343958,0.0812472
1.436,0.104436,0.0035462,0.0822114
1.44,0.103882,0.00365151,0.0831618
1.444,0.10333,0.00375555,0.0840986
1.448,0.102778,0.0038583,0.0850217
1.452,0.102228,0.00395979,0.0859313
1.456,0.101679,0.00406002,0.0868276
1.46,0.101132,0.00415901,0.0877105
1.464,0.100586,0.00425675,0.0885803
1.468,0.10004,0.00435326,0.089437
1.472,0.0994968,0.00444855,0.0902807
1.476,0.0989544,0.00454262,0.0911115
1.48,0.0984133,0.0046355,0.0919296
1.484,0.0978735,0.00472717,0.0927349
1.488,0.097335,0.00481766,0.0935277
1.492,0.0967979,0.00490697,0.0943081
1.496,0.0962622,0.00499511,0.095076
1.5,0.0957278,0.00508209,0.0958317
1.504,0.0951948,0.00516792,0.0965751
1.508,0.0946632,0.00525261,0.0973065
1.512,0.094133,0.00533616,0.0980259
1.516,0.0936042,0.00541858,0.0987334
1.52,0.0930767,0.00549989,0.0994291
1.524,0.0925508,0.00558008,0.100113
1.528,0.0920262,0.00565918,0.100785
1.532,0.091503,0.00573718,0.101446
1.536,0.0909814,0.00581409,0.102096
1.54,0.0904611,0.00588993,0.102734
1.544,0.0899423,0.0059647,0.10336
1.548,0.089425,0.00603841,0.103976
1.552,0.0889092,0.00611107,0.104581
1.556,0.0883948,0.00618268,0.105174
1.56,0.0878819,0.00625326,0.105757
1.564,0.0873706,0.00632281,0.106329
1.568,0.0868607,0.00639133,0.10689
1.572,0.0863523,0.00645885,0.107441
1.576,0.0858455,0.00652536,0.107981
1.58,0.0853401,0.00659087,0.10851
1.584,0.0848364,0.00665539,0.109029
1.588,0.0843341,0.00671893,0.109538
1.592,0.0838334,0.0067815,0.110037
1.596,0.0833342,0.0068431,0.110526
1.6,0.0828366,0.00690374,0.111004
1.604,0.0823405,0.00696343,0.111473
1.608,0.081846,0.00702218,0.111932
1.612,0.0813531,0.00707999,0.112381
1.616,0.0808618,0.00713687,0.11282
1.62,0.080372,0.00719282,0.113249
1.624,0.0798838,0.00724787,0.11367
1.628,0.0793972,0.00730201,0.11408
1.632,0.0789122,0.00735524,0.114482
1.636,0.0784288,0.00740759,0.114874
1.64,0.0779471,0.00745905,0.115257
1.644,0.0774669,0.00750963,0.11563
1.648,0.0769883,0.00755934,0.115995
1.652,0.0765114,0.00760819,0.116351
1.656,0.0760361,0.00765617,0.116697
1.66,0.0755624,0.00770331,0.117035
1.664,0.0750903,0.00774961,0.117364
1.668,0.0746199,0.00779507,0.117685
1.672,0.0741511,0.0078397,0.117997
1.676,0.0736839,0.00788351,0.1183
1.68,0.0732184,0.0079265,0.118595
1.684,0.0727546,0.00796868,0.118882
1.688,0.0722924,0.00801006,0.11916
1.692,0.0718318,0.00805065,0.119431
1.696,0.0713729,0.00809044,0.119693
1.7,0.0709157,0.00812945,0.119947
1.704,0.0704601,0.00816769,0.120192
1.708,0.0700063,0.00820516,0.12043
1.712,0.069554,0.00824187,0.120661
1.716,0.0691035,0.00827781,0.120883
1.72,0.0686546,0.00831301,0.121098
1.724,0.0682074,0.00834747,0.121305
1.728,0.0677619,0.00838119,0.121504
1.732,0.067318,0.00841418,0.121696
1.736,0.0668758,0.00844644,0.121881
1.74,0.0664354,0.00847799,0.122058
1.744,0.0659966,0.00850882,0.122228
1.748,0.0655595,0.00853895,0.122391
1.752,0.0651241,0.00856837,0.122546
1.756,0.0646903,0.00859711,0.122695
1.76,0.0642583,0.00862515,0.122836
1.764,0.063828,0.00865252,0.122971
1.768,0.0633993,0.00867921,0.123098
1.772,0.0629724,0.00870523,0.123219
1.776,0.0625472,0.00873058,0.123333
1.78,0.0621236,0.00875528,0.123441
1.784,0.0617018,0.00877933,0.123542
1.788,0.0612816,0.00880273,0.123636
1.792,0.0608632,0.00882549,0.123724
1.796,0.0604465,0.00884761,0.123805
1.8,0.0600314,0.00886911,0.12388
1.804,0.0596181,0.00888999,0.123948
1.808,0.0592065,0.00891024,0.124011
1.812,0.0587965,0.00892989,0.124067
1.816,0.0583883,0.00894893,0.124117
1.82,0.0579818,0.00896736,0.124161
1.824,0.057577,0.00898521,0.1242
1.828,0.0571739,0.00900246,0.124232
1.832,0.0567725,0.00901913,0.124258
1.836,0.0563728,0.00903522,0.124279
1.84,0.0559748,0.00905074,0.124293
1.844,0.0555786,0.00906569,0.124302
1.848,0.055184,0.00908008,0.124306
1.852,0.0547911,0.00909391,0.124304
1.856,0.0543999,0.00910719,0.124296
1.86,0.0540105,0.00911992,0.124283
1.864,0.0536227,0.00913211,0.124265
1.868,0.0532366,0.00914377,0.124241
1.872,0.0528523,0.00915489,0.124212
1.876,0.0524696,0.00916549,0.124177
1.88,0.0520886,0.00917556,0.124138
1.884,0.0517094,0.00918513,0.124093
1.888,0.0513318,0.00919418,0.124044
1.892,0.0509559,0.00920272,0.123989
1.896,0.0505818,0.00921076,0.12393
1.9,0.0502093,0.00921831,0.123865
1.904,0.0498385,0.00922537,0.123796
1.908,0.0494694,0.00923194,0.123722
1.912,0.049102,0.00923803,0.123643
1.916,0.0487362,0.00924364,0.123559
1.92,0.0483722,0.00924878,0.123471
1.924,0.0480099,0.00925345,0.123379
1.928,0.0476492,0.00925767,0.123281
1.932,0.0472902,0.00926142,0.12318
1.936,0.0469329,0.00926472,0.123074
1.94,0.0465773,0.00926758,0.122963
1.944,0.0462233,0.00926999,0.122848
1.948,0.045871,0.00927196,0.122729
1.952,0.0455204,0.00927349,0.122606
1.956,0.0451715,0.0092746,0.122479
1.96,0.0448242,0.00927528,0.122347
1.964,0.0444786,0.00927554,0.122212
1.968,0.0441347,0.00927539,0.122072
1.972,0.0437924,0.00927482,0.121929
1.976,0.0434518,0.00927384,0.121781
1.98,0.0431129,0.00927246,0.12163
1.984,0.0427756,0.00927068,0.121475
1.988,0.0424399,0.00926851,0.121316
1.992,0.0421059,0.00926595,0.121153
1.996,0.0417736,0.00926299,0.120987
2,0.0414429,0.00925966,0.120817
2.004,0.0411138,0.00925595,0.120643
2.008,0.0407864,0.00925187,0.120466
2.012,0.0404606,0.00924742,0.120285
2.016,0.0401365,0.0092426,0.120101
2.02,0.0398139,0.00923742,0.119914
2.024,0.039493,0.00923188,0.119723
2.028,0.0391738,0.00922599,0.119529
2.032,0.0388561,0.00921975,0.119331
2.036,0.0385401,0.00921316,0.119131
2.04,0.0382257,0.00920624,0.118927
2.044,0.0379129,0.00919897,0.11872
2.048,0.0376017,0.00919137,0.11851
2.052,0.0372922,0.00918344,0.118296
2.056,0.0369842,0.00917519,0.11808
2.06,0.0366778,0.00916661,0.117861
2.064,0.036373,0.00915772,0.117639
2.068,0.0360699,0.00914851,0.117414
2.072,0.0357683,0.00913899,0.117186
2.076,0.0354683,0.00912917,0.116955
2.08,0.0351699,0.00911903,0.116721
2.084,0.0348731,0.0091086,0.116485
2.088,0.0345778,0.00909788,0.116246
2.092,0.0342841,0.00908686,0.116005
2.096,0.033992,0.00907555,0.11576
2.1,0.0337015,0.00906396,0.115514
2.104,0.0334125,0.00905208,0.115264
2.108,0.0331251,0.00903993,0.115012
2.112,0.0328392,0.0090275,0.114758
2.116,0.0325549,0.0090148,0.114501
2.12,0.0322722,0.00900183,0.114242
2.124,0.0319909,0.0089886,0.11398
2.128,0.0317113,0.00897511,0.113717
2.132,0.0314331,0.00896136,0.11345
2.136,0.0311565,0.00894735,0.113182
2.14,0.0308815,0.00893309,0.112911
2.144,0.0306079,0.00891859,0.112639
2.148,0.0303359,0.00890384,0.112364
2.152,0.0300654,0.00888884,0.112087
2.156,0.0297964,0.00887362,0.111808
2.16,0.0295289,0.00885815,0.111526
2.164,0.029263,0.00884245,0.111243
2.168,0.0289985,0.00882653,0.110958
2.172,0.0287355,0.00881038,0.110671
2.176,0.028474,0.008794,0.110382
2.18,0.0282141,0.00877741,0.110091
2.184,0.0279556,0.0087606,0.109798
2.188,0.0276985,0.00874358,0.109504
2.192,0.027443,0.00872635,0.109208
2.196,0.0271889,0.00870891,0.10891
2.2,0.0269363,0.00869126,0.10861
2.204,0.0266852,0.00867342,0.108309
2.208,0.0264355,0.00865537,0.108005
2.212,0.0261873,0.00863713,0.107701
2.216,0.0259405,0.0086187,0.107395
2.22,0.0256952,0.00860008,0.107087
2.224,0.0254513,0.00858127,0.106777
2.228,0.0252089,0.00856228,0.106467
2.232,0.0249679,0.0085431,0.106154
2.236,0.0247283,0.00852375,0.10584
2.24,0.0244902,0.00850422,0.105525
2.244,0.0242535,0.00848452,0.105209
2.248,0.0240182,0.00846464,0.104891
2.252,0.0237843,0.0084446,0.104572
2.256,0.0235518,0.0084244,0.104251
2.26,0.0233207,0.00840403,0.103929
2.264,0.023091,0.0083835,0.103606
2.268,0.0228627,0.00836282,0.103282
2.272,0.0226358,0.00834198,0.102957
2.276,0.0224103,0.00832098,0.10263
2.28,0.0221862,0.00829984,0.102302
2.284,0.0219634,0.00827855,0.101974
2.288,0.0217421,0.00825712,0.101644
2.292,0.021522,0.00823555,0.101313
2.296,0.0213034,0.00821383,0.100981
2.3,0.0210861,0.00819198,0.100648
2.304,0.0208701,0.00816999,0.100314
2.308,0.0206556,0.00814787,0.0999791
2.312,0.0204423,0.00812563,0.0996433
2.316,0.0202304,0.00810325,0.0993066
2.32,0.0200198,0.00808075,0.098969
2.324,0.0198106,0.00805812,0.0986306
2.328,0.0196026,0.00803538,0.0982913
2.332,0.019396,0.00801252,0.0979513
2.336,0.0191908,0.00798954,0.0976104
2.34,0.0189868,0.00796644,0.0972689
2.344,0.0187841,0.00794324,0.0969265
2.348,0.0185827,0.00791992,0.0965835
2.352,0.0183827,0.0078965,0.0962398
2.356,0.0181839,0.00787298,0.0958954
2.36,0.0179864,0.00784935,0.0955504
2.364,0.0177902,0.00782562,0.0952047
2.368,0.0175953,0.00780179,0.0948585
2.372,0.0174016,0.00777787,0.0945116
2.376,0.0172092,0.00775385,0.0941643
2.38,0.0170181,0.00772974,0.0938164
2.384,0.0168282,0.00770554,0.0934679
2.388,0.0166396,0.00768125,0.093119
2.392,0.0164522,0.00765687,0.0927697
2.396,0.0162661,0.00763241,0.0924198
2.4,0.0160812,0.00760787,0.0920696
2.404,0.0158976,0.00758325,0.0917189
2.408,0.0157152,0.00755854,0.0913678
2.412,0.015534,0.00753377,0.0910164
2.416,0.015354,0.00750892,0.0906646
2.42,0.0151752,0.00748399,0.0903125
2.424,0.0149977,0.007459,0.0899601
2.428,0.0148213,0.00743393,0.0896074
2.432,0.0146462,0.0074088,0.0892544
2.436,0.0144722,0.00738361,0.0889012
2.44,0.0142995,0.00735835,0.0885477
2.444,0.0141279,0.00733303,0.088194
2.448,0.0139575,0.00730765,0.0878401
2.452,0.0137883,0.00728221,0.087486
2.456,0.0136202,0.00725671,0.0871318
2.46,0.0134534,0.00723116,0.0867774
2.464,0.0132876,0.00720556,0.0864229
2.468,0.0131231,0.00717991,0.0860683
2.472,0.0129597,0.0071542,0.0857135
2.476,0.0127974,0.00712845,0.0853587
2.48,0.0126363,0.00710266,0.0850039
2.484,0.0124763,0.00707682,0.0846489
2.488,0.0123175,0.00705093,0.084294
2.492,0.0121597,0.00702501,0.0839391
2.496,0.0120031,0.00699904,0.0835841
2.5,0.0118477,0.00697304,0.0832292
2.504,0.0116933,0.006947,0.0828743
2.508,0.01154,0.00692092,0.0825194
2.512,0.0113879,0.00689482,0.0821647
2.516,0.0112368,0.00686868,0.08181
2.52,0.0110868,0.00684251,0.0814554
2.524,0.0109379,0.00681631,0.0811009
2.528,0.0107902,0.00679008,0.0807465
2.532,0.0106434,0.00676383,0.0803923
2.536,0.0104978,0.00673755,0.0800382
2.54,0.0103532,0.00671125,0.0796843
2.544,0.0102097,0.00668493,0.0793306
2.548,0.0100673,0.00665859,0.078977
2.552,0.00992586,0.00663222,0.0786237
2.556,0.00978551,0.00660585,0.0782706
2.56,0.00964621,0.00657945,0.0779177
2.564,0.00950795,0.00655304,0.0775651
2.568,0.00937072,0.00652662,0.0772128
2.572,0.00923453,0.00650018,0.0768607
2.576,0.00909936,0.00647373,0.0765089
2.58,0.00896521,0.00644728,0.0761574
2.584,0.00883208,0.00642081,0.0758063
2.588,0.00869995,0.00639434,0.0754554
2.592,0.00856884,0.00636787,0.0751049
2.596,0.00843873,0.00634138,0.0747548
2.6,0.00830961,0.0063149,0.074405
2.604,0.00818149,0.00628841,0.0740555
2.608,0.00805435,0.00626193,0.0737065
2.612,0.0079282,0.00623544,0.0733579
2.616,0.00780302,0.00620895,0.0730096
2.62,0.00767882,0.00618247,0.0726618
2.624,0.00755559,0.00615599,0.0723145
2.628,0.00743332,0.00612951,0.0719675
2.632,0.007312,0.00610305,0.071621
2.636,0.00719165,0.00607658,0.071275
2.64,0.00707224,0.00605013,0.0709295
2.644,0.00695378,0.00602369,0.0705844
2.648,0.00683626,0.00599725,0.0702398
2.652,0.00671967,0.00597083,0.0698958
2.656,0.00660401,0.00594442,0.0695522
2.66,0.00648929,0.00591803,0.0692092
2.664,0.00637548,0.00589165,0.0688667
2.668,0.00626259,0.00586528,0.0685247
2.672,0.00615061,0.00583893,0.0681834
2.676,0.00603954,0.0058126,0.0678425
2.68,0.00592937,0.00578629,0.0675023
2.684,0.0058201,0.00576,0.0671626
2.688,0.00571173,0.00573373,0.0668235
2.692,0.00560424,0.00570748,0.066485
2.696,0.00549764,0.00568125,0.0661471
2.7,0.00539192,0.00565505,0.0658099
2.704,0.00528707,0.00562887,0.0654732
2.708,0.00518309,0.00560271,0.0651372
2.712,0.00507999,0.00557659,0.0648018
2.716,0.00497774,0.00555048,0.0644671
2.72,0.00487635,0.00552441,0.0641331
2.724,0.00477581,0.00549837,0.0637997
2.728,0.00467612,0.00547235,0.063467
2.732,0.00457728,0.00544637,0.0631349
2.736,0.00447927,0.00542042,0.0628036
2.74,0.0043821,0.00539449,0.0624729
2.744,0.00428576,0.00536861,0.062143
2.748,0.00419024,0.00534275,0.0618137
2.752,0.00409555,0.00531693,0.0614852
2.756,0.00400167,0.00529115,0.0611574
2.76,0.0039086,0.0052654,0.0608304
2.764,0.00381635,0.00523969,0.0605041
2.768,0.00372489,0.00521402,0.0601785
2.772,0.00363424,0.00518839,0.0598537
2.776,0.00354438,0.00516279,0.0595296
2.78,0.00345531,0.00513724,0.0592063
2.784,0.00336703,0.00511172,0.0588838
2.788,0.00327952,0.00508625,0.058562
2.792,0.0031928,0.00506082,0.0582411
2.796,0.00310685,0.00503543,0.0579209
2.8,0.00302167,0.00501008,0.0576015
2.804,0.00293725,0.00498478,0.057283
2.808,0.00285359,0.00495953,0.0569652
2.812,0.00277069,0.00493431,0.0566483
2.816,0.00268854,0.00490915,0.0563321
2.82,0.00260713,0.00488403,0.0560168
2.824,0.00252647,0.00485896,0.0557023
2.828,0.00244655,0.00483394,0.0553887
2.832,0.00236736,0.00480896,0.0550759
2.836,0.00228891,0.00478404,0.0547639
2.84,0.00221117,0.00475916,0.0544528
2.844,0.00213417,0.00473434,0.0541426
2.848,0.00205787,0.00470956,0.0538332
2.852,0.0019823,0.00468484,0.0535247
2.856,0.00190743,0.00466017,0.053217
2.86,0.00183326,0.00463555,0.0529102
2.864,0.0017598,0.00461099,0.0526043
2.868,0.00168703,0.00458647,0.0522993
2.872,0.00161496,0.00456202,0.0519952
2.876,0.00154358,0.00453761,0.0516919
2.88,0.00147288,0.00451327,0.0513896
2.884,0.00140286,0.00448897,0.0510881
2.888,0.00133352,0.00446474,0.0507876
2.892,0.00126485,0.00444056,0.050488
2.896,0.00119684,0.00441644,0.0501892
2.9,0.00112951,0.00439237,0.0498914
2.904,0.00106283,0.00436837,0.0495945
2.908,0.000996809,0.00434442,0.0492986
2.912,0.000931441,0.00432053,0.0490035
2.916,0.000866721,0.0042967,0.0487094
2.92,0.000802645,0.00427294,0.0484162
2.924,0.000739211,0.00424923,0.048124
2.928,0.000676413,0.00422558,0.0478327
2.932,0.000614247,0.00420199,0.0475423
2.936,0.00055271,0.00417847,0.0472529
2.94,0.000491798,0.004155,0.0469644
2.944,0.000431508,0.0041316,0.0466769
2.948,0.000371834,0.00410826,0.0463903
2.952,0.000312773,0.00408499,0.0461047
2.956,0.000254322,0.00406178,0.04582
2.96,0.000196477,0.00403863,0.0455363
2.964,0.000139233,0.00401555,0.0452536
2.968,8.25878e-05,0.00399253,0.0449718
2.972,2.65364e-05,0.00396957,0.044691
2.976,-2.89245e-05,0.00394669,0.0444112
2.98,-8.37988e-05,0.00392386,0.0441324
2.984,-0.00013809,0.0039011,0.0438545
2.988,-0.000191802,0.00387841,0.0435776
2.992,-0.000244939,0.00385579,0.0433017
2.996,-0.000297504,0.00383323,0.0430267
3,-0.0003495,0.00381074,0.0427528
3.004,-0.000400933,0.00378832,0.0424798
3.008,-0.000451804,0.00376596,0.0422078
3.012,-0.000502119,0.00374367,0.0419368
3.016,-0.00055188,0.00372146,0.0416668
3.02,-0.000601091,0.00369931,0.0413978
3.024,-0.000649756,0.00367722,0.0411298
3.028,-0.000697878,0.00365521,0.0408627
3.032,-0.000745461,0.00363327,0.0405967
3.036,-0.000792509,0.00361139,0.0403317
3.04,-0.000839025,0.00358959,0.0400676
3.044,-0.000885012,0.00356786,0.0398046
3.048,-0.000930474,0.00354619,0.0395426
3.052,-0.000975416,0.0035246,0.0392815
3.056,-0.00101984,0.00350308,0.0390215
3.06,-0.00106375,0.00348163,0.0387625
3.064,-0.00110715,0.00346025,0.0385044
3.068,-0.00115004,0.00343894,0.0382474
3.072,-0.00119242,0.0034177,0.0379914
3.076,-0.00123431,0.00339653,0.0377364
3.08,-0.0012757,0.00337544,0.0374824
3.084,-0.00131659,0.00335442,0.0372295
3.088,-0.001357,0.00333347,0.0369775
3.092,-0.00139691,0.00331259,0.0367265
3.096,-0.00143635,0.00329179,0.0364766
3.1,-0.0014753,0.00327106,0.0362276
3.104,-0.00151378,0.0032504,0.0359797
3.108,-0.00155178,0.00322981,0.0357328
3.112,-0.00158932,0.0032093,0.0354869
3.116,-0.00162638,0.00318886,0.035242
3.12,-0.00166298,0.0031685,0.0349981
3.124,-0.00169912,0.00314821,0.0347553
3.128,-0.00173481,0.00312799,0.0345134
3.132,-0.00177004,0.00310784,0.0342726
3.136,-0.00180482,0.00308777,0.0340328
3.14,-0.00183915,0.00306778,0.033794
3.144,-0.00187304,0.00304786,0.0335562
3.148,-0.00190648,0.00302801,0.0333194
3.152,-0.00193949,0.00300824,0.0330836
3.156,-0.00197207,0.00298854,0.0328489
3.16,-0.00200421,0.00296891,0.0326151
3.164,-0.00203592,0.00294937,0.0323824
3.168,-0.00206721,0.00292989,0.0321507
3.172,-0.00209807,0.00291049,0.03192
3.176,-0.00212852,0.00289117,0.0316903
3.18,-0.00215855,0.00287192,0.0314616
3.184,-0.00218816,0.00285274,0.0312339
3.188,-0.00221737,0.00283365,0.0310073
3.192,-0.00224617,0.00281462,0.0307816
3.196,-0.00227456,0.00279567,0.030557
3.2,-0.00230255,0.0027768,0.0303333
3.204,-0.00233015,0.002758,0.0301107
3.208,-0.00235735,0.00273928,0.0298891
3.212,-0.00238416,0.00272063,0.0296685
3.216,-0.00241058,0.00270206,0.0294489
3.22,-0.00243661,0.00268357,0.0292303
3.224,-0.00246226,0.00266515,0.0290127
3.228,-0.00248753,0.0026468,0.0287961
3.232,-0.00251242,0.00262853,0.0285805
3.236,-0.00253693,0.00261034,0.0283659
3.24,-0.00256108,0.00259222,0.0281523
3.244,-0.00258485,0.00257418,0.0279397
3.248,-0.00260826,0.00255621,0.0277281
3.252,-0.0026313,0.00253832,0.0275175
3.256,-0.00265399,0.0025205,0.0273079
3.26,-0.00267631,0.00250276,0.0270993
3.264,-0.00269829,0.0024851,0.0268917
3.268,-0.00271991,0.00246751,0.026685
3.272,-0.00274118,0.00245,0.0264794
3.276,-0.0027621,0.00243256,0.0262748
3.28,-0.00278268,0.0024152,0.0260711
3.284,-0.00280292,0.00239791,0.0258684
3.288,-0.00282281,0.0023807,0.0256668
3.292,-0.00284238,0.00236357,0.0254661
3.296,-0.00286161,0.00234651,0.0252663
3.3,-0.00288051,0.00232952,0.0250676
3.304,-0.00289908,0.00231261,0.0248698
3.308,-0.00291732,0.00229578,0.0246731
3.312,-0.00293525,0.00227902,0.0244773
3.316,-0.00295285,0.00226234,0.0242824
3.32,-0.00297014,0.00224573,0.0240886
3.324,-0.00298711,0.0022292,0.0238957
3.328,-0.00300377,0.00221274,0.0237038
3.332,-0.00302012,0.00219636,0.0235128
3.336,-0.00303616,0.00218005,0.0233229
3.34,-0.00305189,0.00216382,0.0231339
3.344,-0.00306733,0.00214766,0.0229458
3.348,-0.00308246,0.00213157,0.0227587
3.352,-0.0030973,0.00211557,0.0225726
3.356,-0.00311184,0.00209963,0.0223874
3.36,-0.00312609,0.00208377,0.0222032
3.364,-0.00314005,0.00206799,0.02202
3.368,-0.00315373,0.00205228,0.0218377
3.372,-0.00316712,0.00203664,0.0216563
3.376,-0.00318022,0.00202108,0.0214759
3.38,-0.00319305,0.00200559,0.0212964
3.384,-0.00320559,0.00199018,0.0211179
3.388,-0.00321787,0.00197484,0.0209403
3.392,-0.00322987,0.00195957,0.0207637
3.396,-0.0032416,0.00194438,0.020588
3.4,-0.00325306,0.00192926,0.0204133
3.404,-0.00326425,0.00191421,0.0202394
3.408,-0.00327518,0.00189924,0.0200665
3.412,-0.00328585,0.00188434,0.0198946
3.416,-0.00329626,0.00186952,0.0197235
3.42,-0.00330641,0.00185477,0.0195534
3.424,-0.00331631,0.00184009,0.0193842
3.428,-0.00332596,0.00182548,0.019216
3.432,-0.00333535,0.00181095,0.0190486
3.436,-0.0033445,0.00179649,0.0188822
3.44,-0.0033534,0.0017821,0.0187167
3.444,-0.00336206,0.00176778,0.0185521
3.448,-0.00337048,0.00175354,0.0183884
3.452,-0.00337866,0.00173937,0.0182256
3.456,-0.0033866,0.00172527,0.0180637
3.46,-0.0033943,0.00171124,0.0179027
3.464,-0.00340178,0.00169728,0.0177427
3.468,-0.00340902,0.0016834,0.0175835
3.472,-0.00341603,0.00166959,0.0174252
3.476,-0.00342282,0.00165585,0.0172678
3.48,-0.00342939,0.00164218,0.0171113
3.484,-0.00343573,0.00162858,0.0169557
3.488,-0.00344185,0.00161505,0.016801
3.492,-0.00344775,0.00160159,0.0166472
3.496,-0.00345344,0.0015882,0.0164942
3.5,-0.00345891,0.00157489,0.0163421
3.504,-0.00346417,0.00156164,0.0161909
3.508,-0.00346922,0.00154846,0.0160406
3.512,-0.00347407,0.00153536,0.0158911
3.516,-0.0034787,0.00152232,0.0157426
3.52,-0.00348314,0.00150936,0.0155948
3.524,-0.00348737,0.00149646,0.015448
3.528,-0.0034914,0.00148363,0.015302
3.532,-0.00349523,0.00147087,0.0151568
3.536,-0.00349887,0.00145818,0.0150126
3.54,-0.00350231,0.00144556,0.0148691
3.544,-0.00350556,0.00143301,0.0147265
3.548,-0.00350862,0.00142053,0.0145848
3.552,-0.00351148,0.00140811,0.0144439
3.556,-0.00351417,0.00139577,0.0143039
3.56,-0.00351666,0.00138349,0.0141647
3.564,-0.00351898,0.00137128,0.0140263
3.568,-0.00352111,0.00135914,0.0138888
3.572,-0.00352307,0.00134706,0.0137521
3.576,-0.00352484,0.00133505,0.0136162
3.58,-0.00352644,0.00132311,0.0134812
3.584,-0.00352787,0.00131124,0.013347
3.588,-0.00352912,0.00129943,0.0132136
3.592,-0.0035302,0.00128769,0.013081
3.596,-0.00353112,0.00127602,0.0129492
3.6,-0.00353186,0.00126441,0.0128183
3.604,-0.00353244,0.00125287,0.0126882
3.608,-0.00353286,0.00124139,0.0125588
3.612,-0.00353312,0.00122999,0.0124303
3.616,-0.00353321,0.00121864,0.0123026
3.62,-0.00353315,0.00120736,0.0121757
3.624,-0.00353293,0.00119615,0.0120495
3.628,-0.00353255,0.001185,0.0119242
3.632,-0.00353202,0.00117392,0.0117997
3.636,-0.00353134,0.0011629,0.0116759
3.64,-0.00353051,0.00115194,0.0115529
3.644,-0.00352953,0.00114105,0.0114308
3.648,-0.0035284,0.00113023,0.0113094
3.652,-0.00352713,0.00111947,0.0111887
3.656,-0.00352572,0.00110877,0.0110689
3.66,-0.00352416,0.00109813,0.0109498
3.664,-0.00352246,0.00108756,0.0108315
3.668,-0.00352062,0.00107705,0.0107139
3.672,-0.00351864,0.00106661,0.0105971
3.676,-0.00351653,0.00105622,0.0104811
3.68,-0.00351428,0.0010459,0.0103658
3.684,-0.0035119,0.00103564,0.0102513
3.688,-0.00350939,0.00102545,0.0101376
3.692,-0.00350675,0.00101531,0.0100246
3.696,-0.00350398,0.00100524,0.00991229
3.7,-0.00350108,0.000995229,0.00980077
3.704,-0.00349806,0.000985279,0.00968998
3.708,-0.00349491,0.00097539,0.00957994
3.712,-0.00349164,0.000965562,0.00947062
3.716,-0.00348825,0.000955795,0.00936204
3.72,-0.00348474,0.000946088,0.00925419
3.724,-0.00348112,0.000936442,0.00914706
3.728,-0.00347737,0.000926855,0.00904066
3.732,-0.00347351,0.000917328,0.00893497
3.736,-0.00346953,0.000907861,0.00883
3.74,-0.00346544,0.000898454,0.00872575
3.744,-0.00346125,0.000889105,0.00862221
3.748,-0.00345694,0.000879816,0.00851937
3.752,-0.00345252,0.000870585,0.00841724
3.756,-0.00344799,0.000861413,0.00831582
3.76,-0.00344336,0.0008523,0.00821509
3.764,-0.00343862,0.000843244,0.00811506
3.768,-0.00343378,0.000834247,0.00801573
3.772,-0.00342884,0.000825307,0.00791708
3.776,-0.0034238,0.000816425,0.00781912
3.78,-0.00341866,0.0008076,0.00772185
3.784,-0.00341342,0.000798833,0.00762526
3.788,-0.00340808,0.000790122,0.00752935
3.792,-0.00340265,0.000781468,0.00743412
3.796,-0.00339712,0.000772871,0.00733956
3.8,-0.0033915,0.000764329,0.00724567
3.804,-0.00338579,0.000755844,0.00715245
3.808,-0.00337998,0.000747415,0.0070599
3.812,-0.00337409,0.000739041,0.006968
3.816,-0.00336811,0.000730723,0.00687677
3.82,-0.00336204,0.00072246,0.00678619
3.824,-0.00335589,0.000714252,0.00669626
3.828,-0.00334965,0.000706098,0.00660699
3.832,-0.00334333,0.000698,0.00651836
3.836,-0.00333692,0.000689955,0.00643038
3.84,-0.00333044,0.000681965,0.00634304
3.844,-0.00332387,0.000674029,0.00625634
3.848,-0.00331723,0.000666146,0.00617027
3.852,-0.00331051,0.000658317,0.00608484
3.856,-0.00330371,0.000650541,0.00600004
3.86,-0.00329683,0.000642818,0.00591586
3.864,-0.00328988,0.000635148,0.00583231
3.868,-0.00328286,0.000627531,0.00574938
3.872,-0.00327576,0.000619966,0.00566708
3.876,-0.0032686,0.000612454,0.00558538
3.88,-0.00326136,0.000604993,0.0055043
3.884,-0.00325406,0.000597584,0.00542383
3.888,-0.00324668,0.000590226,0.00534397
3.892,-0.00323924,0.00058292,0.00526471
3.896,-0.00323174,0.000575665,0.00518606
3.9,-0.00322417,0.000568461,0.005108
3.904,-0.00321653,0.000561308,0.00503054
3.908,-0.00320883,0.000554205,0.00495367
3.912,-0.00320107,0.000547153,0.00487739
3.916,-0.00319325,0.00054015,0.00480171
3.92,-0.00318537,0.000533197,0.0047266
3.924,-0.00317743,0.000526294,0.00465208
3.928,-0.00316943,0.00051944,0.00457813
3.932,-0.00316138,0.000512636,0.00450477
3.936,-0.00315327,0.00050588,0.00443197
3.94,-0.0031451,0.000499173,0.00435975
3.944,-0.00313688,0.000492515,0.00428809
3.948,-0.00312861,0.000485905,0.004217
3.952,-0.00312029,0.000479343,0.00414647
3.956,-0.00311191,0.000472829,0.00407651
3.96,-0.00310348,0.000466362,0.00400709
3.964,-0.00309501,0.000459943,0.00393824
3.968,-0.00308648,0.000453571,0.00386993
3.972,-0.00307791,0.000447247,0.00380217
3.976,-0.00306929,0.000440969,0.00373496
3.98,-0.00306063,0.000434738,0.00366829
3.984,-0.00305192,0.000428553,0.00360216
3.988,-0.00304316,0.000422414,0.00353657
3.992,-0.00303437,0.000416321,0.00347151
3.996,-0.00302553,0.000410274,0.00340698
4,-0.00301664,0.000404273,0.00334298
4.004,-0.00300772,0.000398316,0.00327951
4.008,-0.00299876,0.000392405,0.00321657
4.012,-0.00298976,0.000386539,0.00315414
4.016,-0.00298072,0.000380718,0.00309223
4.02,-0.00297164,0.000374941,0.00303084
4.024,-0.00296253,0.000369208,0.00296996
4.028,-0.00295338,0.000363519,0.00290959
4.032,-0.00294419,0.000357874,0.00284973
4.036,-0.00293497,0.000352273,0.00279037
4.04,-0.00292572,0.000346715,0.00273152
4.044,-0.00291643,0.0003412,0.00267316
4.048,-0.00290712,0.000335728,0.0026153
4.052,-0.00289777,0.0003303,0.00255794
4.056,-0.00288839,0.000324913,0.00250107
4.06,-0.00287898,0.000319569,0.00244468
4.064,-0.00286954,0.000314267,0.00238878
4.068,-0.00286007,0.000309007,0.00233337
4.072,-0.00285058,0.000303789,0.00227843
4.076,-0.00284105,0.000298613,0.00222398
4.08,-0.00283151,0.000293477,0.00217
4.084,-0.00282193,0.000288383,0.00211649
4.088,-0.00281234,0.00028333,0.00206345
4.092,-0.00280271,0.000278317,0.00201088
4.096,-0.00279307,0.000273345,0.00195878
4.1,-0.0027834,0.000268413,0.00190714
4.104,-0.00277371,0.000263522,0.00185596
4.108,-0.002764,0.00025867,0.00180523
4.112,-0.00275426,0.000253858,0.00175496
4.116,-0.00274451,0.000249085,0.00170514
4.12,-0.00273474,0.000244352,0.00165578
4.124,-0.00272495,0.000239657,0.00160686
4.128,-0.00271514,0.000235002,0.00155838
4.132,-0.00270531,0.000230385,0.00151035
4.136,-0.00269547,0.000225806,0.00146276
4.14,-0.00268561,0.000221266,0.0014156
4.144,-0.00267573,0.000216764,0.00136888
4.148,-0.00266584,0.0002123,0.00132259
4.152,-0.00265593,0.000207873,0.00127673
4.156,-0.00264602,0.000203484,0.0012313
4.16,-0.00263608,0.000199132,0.00118629
4.164,-0.00262614,0.000194818,0.0011417
4.168,-0.00261618,0.00019054,0.00109753
4.172,-0.00260621,0.000186298,0.00105379
4.176,-0.00259623,0.000182093,0.00101045
4.18,-0.00258624,0.000177925,0.000967529
4.184,-0.00257624,0.000173792,0.000925016
4.188,-0.00256623,0.000169696,0.000882912
4.192,-0.00255621,0.000165635,0.000841212
4.196,-0.00254618,0.000161609,0.000799915
4.2,-0.00253615,0.000157619,0.000759018
4.204,-0.00252611,0.000153664,0.000718519
4.208,-0.00251606,0.000149744,0.000678415
4.212,-0.002506,0.000145858,0.000638704
4.216,-0.00249594,0.000142007,0.000599384
4.22,-0.00248588,0.00013819,0.000560453
4.224,-0.00247581,0.000134408,0.000521907
4.228,-0.00246573,0.000130659,0.000483745
4.232,-0.00245566,0.000126944,0.000445964
4.236,-0.00244558,0.000123263,0.000408562
4.24,-0.00243549,0.000119615,0.000371536
4.244,-0.00242541,0.000116,0.000334885
4.248,-0.00241532,0.000112418,0.000298606
4.252,-0.00240523,0.000108869,0.000262696
4.256,-0.00239514,0.000105352,0.000227154
4.26,-0.00238505,0.000101868,0.000191976
4.264,-0.00237496,9.84165e-05,0.000157161
4.268,-0.00236487,9.49967e-05,0.000122707
4.272,-0.00235478,9.16088e-05,8.86112e-05
4.276,-0.0023447,8.82525e-05,5.48711e-05
4.28,-0.00233461,8.49277e-05,2.14847e-05
4.284,-0.00232453,8.16343e-05,-1.15502e-05
4.288,-0.00231445,7.8372e-05,-4.4236e-05
4.292,-0.00230437,7.51406e-05,-7.65748e-05
4.296,-0.0022943,7.19399e-05,-0.000108569
4.3,-0.00228423,6.87699e-05,-0.00014022
4.304,-0.00227417,6.56302e-05,-0.000171532
4.308,-0.00226411,6.25207e-05,-0.000202505
4.312,-0.00225405,5.94413e-05,-0.000233142
4.316,-0.002244,5.63917e-05,-0.000263445
4.32,-0.00223396,5.33718e-05,-0.000293417
4.324,-0.00222392,5.03814e-05,-0.000323059
4.328,-0.00221389,4.74203e-05,-0.000352374
4.332,-0.00220387,4.44884e-05,-0.000381364
4.336,-0.00219385,4.15854e-05,-0.000410031
4.34,-0.00218385,3.87112e-05,-0.000438377
4.344,-0.00217385,3.58656e-05,-0.000466404
4.348,-0.00216386,3.30484e-05,-0.000494114
4.352,-0.00215388,3.02595e-05,-0.000521511
4.356,-0.0021439,2.74987e-05,-0.000548594
4.36,-0.00213394,2.47658e-05,-0.000575368
4.364,-0.00212399,2.20607e-05,-0.000601833
4.368,-0.00211404,1.93831e-05,-0.000627992
4.372,-0.00210411,1.67329e-05,-0.000653846
4.376,-0.00209419,1.411e-05,-0.000679399
4.38,-0.00208428,1.1514e-05,-0.000704652
4.384,-0.00207439,8.94503e-06,-0.000729606
4.388,-0.0020645,6.40273e-06,-0.000754265
4.392,-0.00205463,3.88698e-06,-0.00077863
4.396,-0.00204476,1.39761e-06,-0.000802703
4.4,-0.00203492,-1.06555e-06,-0.000826486
4.404,-0.00202508,-3.50266e-06,-0.000849981
4.408,-0.00201526,-5.91389e-06,-0.000873191
4.412,-0.00200545,-8.29941e-06,-0.000896116
4.416,-0.00199566,-1.06594e-05,-0.00091876
4.42,-0.00198588,-1.2994e-05,-0.000941123
4.424,-0.00197611,-1.53033e-05,-0.000963208
4.428,-0.00196637,-1.75876e-05,-0.000985018
4.432,-0.00195663,-1.9847e-05,-0.00100655
4.436,-0.00194691,-2.20817e-05,-0.00102782
4.44,-0.00193721,-2.42918e-05,-0.00104881
4.444,-0.00192752,-2.64775e-05,-0.00106953
4.448,-0.00191785,-2.86389e-05,-0.00108999
4.452,-0.0019082,-3.07763e-05,-0.00111018
4.456,-0.00189856,-3.28897e-05,-0.00113012
4.46,-0.00188894,-3.49794e-05,-0.00114979
4.464,-0.00187933,-3.70454e-05,-0.0011692
4.468,-0.00186975,-3.9088e-05,-0.00118835
4.472,-0.00186018,-4.11072e-05,-0.00120725
4.476,-0.00185063,-4.31033e-05,-0.0012259
4.48,-0.0018411,-4.50765e-05,-0.00124429
4.484,-0.00183159,-4.70268e-05,-0.00126243
4.488,-0.00182209,-4.89544e-05,-0.00128033
4.492,-0.00181262,-5.08594e-05,-0.00129798
4.496,-0.00180316,-5.27421e-05,-0.00131539
4.5,-0.00179372,-5.46026e-05,-0.00133255
4.504,-0.00178431,-5.6441e-05,-0.00134947
4.508,-0.00177491,-5.82575e-05,-0.00136616
4.512,-0.00176553,-6.00522e-05,-0.00138261
4.516,-0.00175617,-6.18253e-05,-0.00139882
4.52,-0.00174684,-6.35769e-05,-0.0014148
4.524,-0.00173752,-6.53072e-05,-0.00143055
4.528,-0.00172823,-6.70163e-05,-0.00144606
4.532,-0.00171895,-6.87044e-05,-0.00146135
4.536,-0.0017097,-7.03716e-05,-0.00147641
4.54,-0.00170047,-7.20181e-05,-0.00149125
4.544,-0.00169126,-7.3644e-05,-0.00150586
4.548,-0.00168207,-7.52494e-05,-0.00152026
4.552,-0.0016729,-7.68346e-05,-0.00153443
4.556,-0.00166376,-7.83995e-05,-0.00154839
4.56,-0.00165464,-7.99445e-05,-0.00156212
4.564,-0.00164554,-8.14696e-05,-0.00157565
4.568,-0.00163646,-8.29749e-05,-0.00158896
4.572,-0.00162741,-8.44607e-05,-0.00160206
4.576,-0.00161838,-8.5927e-05,-0.00161495
4.58,-0.00160937,-8.7374e-05,-0.00162763
4.584,-0.00160038,-8.88019e-05,-0.00164011
4.588,-0.00159142,-9.02107e-05,-0.00165238
4.592,-0.00158248,-9.16006e-05,-0.00166444
4.596,-0.00157357,-9.29717e-05,-0.00167631
4.6,-0.00156468,-9.43243e-05,-0.00168798
4.604,-0.00155582,-9.56583e-05,-0.00169944
4.608,-0.00154697,-9.6974e-05,-0.00171071
4.612,-0.00153816,-9.82715e-05,-0.00172179
4.616,-0.00152936,-9.9551e-05,-0.00173267
4.62,-0.0015206,-0.000100812,-0.00174336
4.624,-0.00151185,-0.000102056,-0.00175386
4.628,-0.00150313,-0.000103282,-0.00176417
4.632,-0.00149444,-0.000104491,-0.00177429
4.636,-0.00148577,-0.000105682,-0.00178423
4.64,-0.00147713,-0.000106855,-0.00179398
4.644,-0.00146851,-0.000108012,-0.00180355
4.648,-0.00145992,-0.000109151,-0.00181294
4.652,-0.00145135,-0.000110274,-0.00182214
4.656,-0.00144281,-0.00011138,-0.00183117
4.66,-0.0014343,-0.000112469,-0.00184002
4.664,-0.00142581,-0.000113542,-0.0018487
4.668,-0.00141734,-0.000114598,-0.0018572
4.672,-0.00140891,-0.000115638,-0.00186553
4.676,-0.00140049,-0.000116662,-0.00187369
4.68,-0.00139211,-0.00011767,-0.00188168
4.684,-0.00138375,-0.000118662,-0.0018895
4.688,-0.00137542,-0.000119639,-0.00189716
4.692,-0.00136711,-0.000120599,-0.00190465
4.696,-0.00135884,-0.000121544,-0.00191197
4.7,-0.00135058,-0.000122474,-0.00191913
4.704,-0.00134236,-0.000123389,-0.00192613
4.708,-0.00133416,-0.000124288,-0.00193297
4.712,-0.00132599,-0.000125172,-0.00193966
4.716,-0.00131785,-0.000126042,-0.00194618
4.72,-0.00130973,-0.000126896,-0.00195255
4.724,-0.00130164,-0.000127736,-0.00195877
4.728,-0.00129358,-0.000128561,-0.00196483
4.732,-0.00128554,-0.000129372,-0.00197074
4.736,-0.00127754,-0.000130169,-0.0019765
4.74,-0.00126956,-0.000130951,-0.00198212
4.744,-0.0012616,-0.000131719,-0.00198758
4.748,-0.00125368,-0.000132474,-0.0019929
4.752,-0.00124578,-0.000133214,-0.00199807
4.756,-0.00123792,-0.000133941,-0.0020031
4.76,-0.00123007,-0.000134654,-0.00200799
4.764,-0.00122226,-0.000135353,-0.00201273
4.768,-0.00121448,-0.000136039,-0.00201734
4.772,-0.00120672,-0.000136712,-0.00202181
4.776,-0.00119899,-0.000137371,-0.00202613
4.78,-0.00119129,-0.000138018,-0.00203033
4.784,-0.00118362,-0.000138651,-0.00203439
4.788,-0.00117597,-0.000139272,-0.00203831
4.792,-0.00116835,-0.00013988,-0.00204211
4.796,-0.00116077,-0.000140475,-0.00204577
4.8,-0.00115321,-0.000141057,-0.0020493
4.804,-0.00114568,-0.000141628,-0.0020527
4.808,-0.00113817,-0.000142185,-0.00205598
4.812,-0.0011307,-0.000142731,-0.00205913
4.816,-0.00112325,-0.000143265,-0.00206215
4.82,-0.00111583,-0.000143786,-0.00206505
4.824,-0.00110844,-0.000144296,-0.00206783
4.828,-0.00110108,-0.000144793,-0.00207049
4.832,-0.00109375,-0.000145279,-0.00207302
4.836,-0.00108645,-0.000145754,-0.00207544
4.84,-0.00107917,-0.000146217,-0.00207774
4.844,-0.00107193,-0.000146668,-0.00207992
4.848,-0.00106471,-0.000147108,-0.00208199
4.852,-0.00105752,-0.000147537,-0.00208394
4.856,-0.00105036,-0.000147955,-0.00208578
4.86,-0.00104323,-0.000148362,-0.0020875
4.864,-0.00103613,-0.000148758,-0.00208912
4.868,-0.00102905,-0.000149143,-0.00209062
4.872,-0.00102201,-0.000149518,-0.00209201
4.876,-0.00101499,-0.000149881,-0.0020933
4.88,-0.00100801,-0.000150235,-0.00209448
4.884,-0.00100105,-0.000150578,-0.00209555
4.888,-0.000994117,-0.00015091,-0.00209652
4.892,-0.000987216,-0.000151232,-0.00209739
4.896,-0.000980344,-0.000151545,-0.00209815
4.9,-0.000973501,-0.000151847,-0.00209881
4.904,-0.000966686,-0.000152139,-0.00209937
4.908,-0.0009599,-0.000152421,-0.00209983
4.912,-0.000953143,-0.000152693,-0.0021002
4.916,-0.000946415,-0.000152956,-0.00210046
4.92,-0.000939716,-0.000153209,-0.00210063
4.924,-0.000933045,-0.000153453,-0.0021007
4.928,-0.000926403,-0.000153687,-0.00210068
4.932,-0.00091979,-0.000153912,-0.00210057
4.936,-0.000913206,-0.000154128,-0.00210036
4.94,-0.000906651,-0.000154335,-0.00210006
4.944,-0.000900124,-0.000154532,-0.00209967
4.948,-0.000893626,-0.000154721,-0.00209919
4.952,-0.000887157,-0.0001549,-0.00209862
4.956,-0.000880717,-0.000155071,-0.00209797
4.96,-0.000874305,-0.000155233,-0.00209723
4.964,-0.000867922,-0.000155387,-0.0020964
4.968,-0.000861567,-0.000155531,-0.00209549
4.972,-0.000855241,-0.000155668,-0.00209449
4.976,-0.000848944,-0.000155796,-0.00209341
4.98,-0.000842676,-0.000155916,-0.00209225
4.984,-0.000836436,-0.000156027,-0.00209101
4.988,-0.000830224,-0.000156131,-0.00208969
4.992,-0.000824041,-0.000156226,-0.00208829
4.996,-0.000817887,-0.000156313,-0.00208681
5,-0.000811761,-0.000156393,-0.00208525
5.004,-0.000805664,-0.000156465,-0.00208361
5.008,-0.000799595,-0.000156529,-0.00208191
5.012,-0.000793554,-0.000156585,-0.00208012
5.016,-0.000787542,-0.000156634,-0.00207826
5.02,-0.000781558,-0.000156675,-0.00207633
5.024,-0.000775602,-0.000156709,-0.00207433
5.028,-0.000769675,-0.000156735,-0.00207225
5.032,-0.000763776,-0.000156754,-0.00207011
5.036,-0.000757905,-0.000156766,-0.00206789
5.04,-0.000752062,-0.000156771,-0.00206561
5.044,-0.000746247,-0.000156769,-0.00206326
5.048,-0.000740461,-0.00015676,-0.00206084
5.052,-0.000734702,-0.000156744,-0.00205835
5.056,-0.000728972,-0.000156721,-0.0020558
5.06,-0.000723269,-0.000156691,-0.00205318
5.064,-0.000717595,-0.000156655,-0.0020505
5.068,-0.000711948,-0.000156612,-0.00204776
5.072,-0.000706329,-0.000156562,-0.00204496
5.076,-0.000700738,-0.000156507,-0.00204209
5.08,-0.000695175,-0.000156444,-0.00203916
5.084,-0.00068964,-0.000156376,-0.00203617
5.088,-0.000684132,-0.000156301,-0.00203313
5.092,-0.000678651,-0.00015622,-0.00203002
5.096,-0.000673199,-0.000156133,-0.00202686
5.1,-0.000667774,-0.000156039,-0.00202364
5.104,-0.000662376,-0.00015594,-0.00202036
5.108,-0.000657006,-0.000155835,-0.00201703
5.112,-0.000651663,-0.000155724,-0.00201364
5.116,-0.000646347,-0.000155608,-0.0020102
5.12,-0.000641059,-0.000155485,-0.00200671
5.124,-0.000635798,-0.000155357,-0.00200316
5.128,-0.000630564,-0.000155224,-0.00199956
5.132,-0.000625358,-0.000155084,-0.00199591
5.136,-0.000620178,-0.00015494,-0.00199221
5.14,-0.000615025,-0.00015479,-0.00198846
5.144,-0.0006099,-0.000154635,-0.00198466
5.148,-0.000604801,-0.000154474,-0.00198081
5.152,-0.000599729,-0.000154308,-0.00197692
5.156,-0.000594684,-0.000154137,-0.00197297
5.16,-0.000589665,-0.000153961,-0.00196898
5.164,-0.000584673,-0.000153781,-0.00196495
5.168,-0.000579708,-0.000153595,-0.00196087
5.172,-0.00057477,-0.000153404,-0.00195675
5.176,-0.000569858,-0.000153208,-0.00195258
5.18,-0.000564972,-0.000153008,-0.00194837
5.184,-0.000560113,-0.000152803,-0.00194411
5.188,-0.00055528,-0.000152593,-0.00193982
5.192,-0.000550473,-0.000152379,-0.00193548
5.196,-0.000545692,-0.00015216,-0.0019311
5.2,-0.000540938,-0.000151936,-0.00192669
5.204,-0.000536209,-0.000151709,-0.00192223
5.208,-0.000531507,-0.000151477,-0.00191774
5.212,-0.000526831,-0.00015124,-0.0019132
5.216,-0.00052218,-0.000150999,-0.00190863
5.22,-0.000517555,-0.000150755,-0.00190403
5.224,-0.000512956,-0.000150506,-0.00189938
5.228,-0.000508383,-0.000150252,-0.0018947
5.232,-0.000503835,-0.000149995,-0.00188999
5.236,-0.000499313,-0.000149734,-0.00188524
5.24,-0.000494816,-0.000149469,-0.00188046
5.244,-0.000490344,-0.0001492,-0.00187564
5.248,-0.000485898,-0.000148928,-0.00187079
5.252,-0.000481477,-0.000148651,-0.00186591
5.256,-0.000477082,-0.000148371,-0.001861
5.26,-0.000472711,-0.000148087,-0.00185605
5.264,-0.000468366,-0.0001478,-0.00185108
5.268,-0.000464045,-0.000147509,-0.00184607
5.272,-0.00045975,-0.000147214,-0.00184104
5.276,-0.000455479,-0.000146916,-0.00183597
5.28,-0.000451233,-0.000146615,-0.00183088
5.284,-0.000447012,-0.00014631,-0.00182576
5.288,-0.000442815,-0.000146002,-0.00182061
5.292,-0.000438643,-0.000145691,-0.00181544
5.296,-0.000434495,-0.000145376,-0.00181024
5.3,-0.000430372,-0.000145058,-0.00180501
5.304,-0.000426273,-0.000144738,-0.00179976
5.308,-0.000422198,-0.000144414,-0.00179449
5.312,-0.000418148,-0.000144087,-0.00178919
5.316,-0.000414121,-0.000143757,-0.00178386
5.32,-0.000410119,-0.000143424,-0.00177851
5.324,-0.000406141,-0.000143088,-0.00177314
5.328,-0.000402186,-0.00014275,-0.00176775
5.332,-0.000398255,-0.000142409,-0.00176233
5.336,-0.000394348,-0.000142065,-0.0017569
5.34,-0.000390465,-0.000141718,-0.00175144
5.344,-0.000386605,-0.000141368,-0.00174596
5.348,-0.000382769,-0.000141016,-0.00174046
5.352,-0.000378956,-0.000140662,-0.00173495
5.356,-0.000375166,-0.000140304,-0.00172941
5.36,-0.0003714,-0.000139945,-0.00172385
5.364,-0.000367657,-0.000139583,-0.00171828
5.368,-0.000363937,-0.000139218,-0.00171269
5.372,-0.00036024,-0.000138851,-0.00170708
5.376,-0.000356566,-0.000138482,-0.00170145
5.38,-0.000352915,-0.000138111,-0.00169581
5.384,-0.000349287,-0.000137737,-0.00169015
5.388,-0.000345681,-0.000137361,-0.00168448
5.392,-0.000342098,-0.000136983,-0.00167879
5.396,-0.000338538,-0.000136603,-0.00167308
5.4,-0.000335,-0.000136221,-0.00166737
5.404,-0.000331485,-0.000135836,-0.00166163
5.408,-0.000327991,-0.00013545,-0.00165589
5.412,-0.00032452,-0.000135062,-0.00165013
5.416,-0.000321072,-0.000134672,-0.00164436
5.42,-0.000317645,-0.00013428,-0.00163857
5.424,-0.00031424,-0.000133886,-0.00163277
5.428,-0.000310857,-0.00013349,-0.00162697
5.432,-0.000307497,-0.000133093,-0.00162115
5.436,-0.000304157,-0.000132693,-0.00161532
5.44,-0.00030084,-0.000132292,-0.00160947
5.444,-0.000297544,-0.00013189,-0.00160362
5.448,-0.00029427,-0.000131485,-0.00159776
5.452,-0.000291017,-0.00013108,-0.00159189
5.456,-0.000287785,-0.000130672,-0.00158601
5.46,-0.000284575,-0.000130263,-0.00158013
5.464,-0.000281386,-0.000129853,-0.00157423
5.468,-0.000278218,-0.000129441,-0.00156833
5.472,-0.000275071,-0.000129028,-0.00156241
5.476,-0.000271945,-0.000128613,-0.00155649
5.48,-0.00026884,-0.000128197,-0.00155057
5.484,-0.000265755,-0.000127779,-0.00154464
5.488,-0.000262692,-0.000127361,-0.0015387
5.492,-0.000259648,-0.000126941,-0.00153275
5.496,-0.000256626,-0.00012652,-0.0015268
5.5,-0.000253624,-0.000126097,-0.00152085
5.504,-0.000250642,-0.000125674,-0.00151488
5.508,-0.000247681,-0.000125249,-0.00150892
5.512,-0.00024474,-0.000124823,-0.00150295
5.516,-0.000241819,-0.000124396,-0.00149698
5.52,-0.000238918,-0.000123968,-0.001491
5.524,-0.000236037,-0.00012354,-0.00148502
5.528,-0.000233175,-0.00012311,-0.00147903
5.532,-0.000230334,-0.000122679,-0.00147305
5.536,-0.000227512,-0.000122247,-0.00146706
5.54,-0.00022471,-0.000121814,-0.00146107
5.544,-0.000221928,-0.000121381,-0.00145507
5.548,-0.000219165,-0.000120946,-0.00144908
5.552,-0.000216421,-0.000120511,-0.00144308
5.556,-0.000213697,-0.000120075,-0.00143708
5.56,-0.000210992,-0.000119639,-0.00143108
5.564,-0.000208306,-0.000119201,-0.00142509
5.568,-0.000205639,-0.000118763,-0.00141909
5.572,-0.000202991,-0.000118324,-0.00141309
5.576,-0.000200362,-0.000117885,-0.00140709
5.58,-0.000197752,-0.000117445,-0.00140109
5.584,-0.000195161,-0.000117004,-0.00139509
5.588,-0.000192588,-0.000116563,-0.0013891
5.592,-0.000190034,-0.000116121,-0.0013831
5.596,-0.000187498,-0.000115679,-0.00137711
5.6,-0.000184981,-0.000115236,-0.00137112
5.604,-0.000182482,-0.000114793,-0.00136513
5.608,-0.000180001,-0.000114349,-0.00135914
5.612,-0.000177538,-0.000113905,-0.00135316
5.616,-0.000175094,-0.00011346,-0.00134717
5.62,-0.000172667,-0.000113016,-0.0013412
5.624,-0.000170259,-0.00011257,-0.00133522
5.628,-0.000167868,-0.000112125,-0.00132925
5.632,-0.000165495,-0.000111679,-0.00132328
5.636,-0.000163139,-0.000111233,-0.00131732
5.64,-0.000160802,-0.000110786,-0.00131136
5.644,-0.000158481,-0.00011034,-0.0013054
5.648,-0.000156178,-0.000109893,-0.00129945
5.652,-0.000153893,-0.000109446,-0.0012935
5.656,-0.000151624,-0.000108999,-0.00128756
5.66,-0.000149373,-0.000108552,-0.00128163
5.664,-0.000147139,-0.000108104,-0.0012757
5.668,-0.000144922,-0.000107657,-0.00126977
5.672,-0.000142722,-0.000107209,-0.00126385
5.676,-0.000140539,-0.000106762,-0.00125794
5.68,-0.000138373,-0.000106314,-0.00125204
5.684,-0.000136223,-0.000105866,-0.00124614
5.688,-0.00013409,-0.000105418,-0.00124024
5.692,-0.000131973,-0.000104971,-0.00123436
5.696,-0.000129873,-0.000104523,-0.00122848
5.7,-0.000127789,-0.000104076,-0.00122261
5.704,-0.000125722,-0.000103628,-0.00121674
5.708,-0.000123671,-0.000103181,-0.00121089
5.712,-0.000121636,-0.000102733,-0.00120504
5.716,-0.000119617,-0.000102286,-0.0011992
5.72,-0.000117614,-0.000101839,-0.00119336
5.724,-0.000115626,-0.000101393,-0.00118754
5.728,-0.000113655,-0.000100946,-0.00118172
5.732,-0.000111699,-0.0001005,-0.00117592
5.736,-0.000109759,-0.000100053,-0.00117012
5.74,-0.000107835,-9.96076e-05,-0.00116433
5.744,-0.000105926,-9.91619e-05,-0.00115855
5.748,-0.000104033,-9.87166e-05,-0.00115278
5.752,-0.000102155,-9.82715e-05,-0.00114702
5.756,-0.000100292,-9.78267e-05,-0.00114126
5.76,-9.84441e-05,-9.73823e-05,-0.00113552
5.764,-9.66116e-05,-9.69383e-05,-0.00112979
5.768,-9.47941e-05,-9.64946e-05,-0.00112407
5.772,-9.29915e-05,-9.60512e-05,-0.00111836
5.776,-9.12039e-05,-9.56083e-05,-0.00111266
5.78,-8.9431e-05,-9.51658e-05,-0.00110697
5.784,-8.76728e-05,-9.47237e-05,-0.00110129
5.788,-8.59293e-05,-9.4282e-05,-0.00109562
5.792,-8.42004e-05,-9.38408e-05,-0.00108996
5.796,-8.2486e-05,-9.34001e-05,-0.00108431
5.8,-8.0786e-05,-9.29599e-05,-0.00107868
5.804,-7.91003e-05,-9.25202e-05,-0.00107305
5.808,-7.74289e-05,-9.20809e-05,-0.00106744
5.812,-7.57717e-05,-9.16422e-05,-0.00106184
5.816,-7.41285e-05,-9.12041e-05,-0.00105625
5.82,-7.24995e-05,-9.07665e-05,-0.00105067
5.824,-7.08844e-05,-9.03295e-05,-0.00104511
5.828,-6.92831e-05,-8.9893e-05,-0.00103955
5.832,-6.76957e-05,-8.94572e-05,-0.00103401
5.836,-6.6122e-05,-8.9022e-05,-0.00102848
5.84,-6.4562e-05,-8.85874e-05,-0.00102297
5.844,-6.30156e-05,-8.81534e-05,-0.00101746
5.848,-6.14827e-05,-8.77201e-05,-0.00101197
5.852,-5.99632e-05,-8.72874e-05,-0.00100649
5.856,-5.84571e-05,-8.68554e-05,-0.00100103
5.86,-5.69642e-05,-8.64241e-05,-0.000995577
5.864,-5.54846e-05,-8.59935e-05,-0.000990138
5.868,-5.40182e-05,-8.55636e-05,-0.000984712
5.872,-5.25648e-05,-8.51345e-05,-0.000979299
5.876,-5.11244e-05,-8.4706e-05,-0.000973901
5.88,-4.96969e-05,-8.42783e-05,-0.000968515
5.884,-4.82823e-05,-8.38514e-05,-0.000963143
5.888,-4.68804e-05,-8.34252e-05,-0.000957785
5.892,-4.54913e-05,-8.29998e-05,-0.000952441
5.896,-4.41147e-05,-8.25752e-05,-0.000947111
5.9,-4.27508e-05,-8.21514e-05,-0.000941795
5.904,-4.13993e-05,-8.17284e-05,-0.000936493
5.908,-4.00603e-05,-8.13062e-05,-0.000931205
5.912,-3.87336e-05,-8.08849e-05,-0.000925931
5.916,-3.74192e-05,-8.04644e-05,-0.000920672
5.92,-3.6117e-05,-8.00447e-05,-0.000915427
5.924,-3.48269e-05,-7.96259e-05,-0.000910197
5.928,-3.35489e-05,-7.9208e-05,-0.000904981
5.932,-3.22828e-05,-7.8791e-05,-0.00089978
5.936,-3.10287e-05,-7.83748e-05,-0.000894594
5.94,-2.97865e-05,-7.79595e-05,-0.000889422
5.944,-2.8556e-05,-7.75452e-05,-0.000884266
5.948,-2.73373e-05,-7.71317e-05,-0.000879124
5.952,-2.61302e-05,-7.67192e-05,-0.000873998
5.956,-2.49346e-05,-7.63076e-05,-0.000868887
5.96,-2.37506e-05,-7.5897e-05,-0.00086379
5.964,-2.2578e-05,-7.54873e-05,-0.00085871
5.968,-2.14168e-05,-7.50785e-05,-0.000853644
5.972,-2.02669e-05,-7.46707e-05,-0.000848594
5.976,-1.91282e-05,-7.42639e-05,-0.000843559
5.98,-1.80007e-05,-7.38581e-05,-0.00083854
5.984,-1.68843e-05,-7.34533e-05,-0.000833537
5.988,-1.57789e-05,-7.30495e-05,-0.000828549
5.992,-1.46845e-05,-7.26466e-05,-0.000823576
5.996,-1.3601e-05,-7.22448e-05,-0.00081862
6,-1.25283e-05,-7.1844e-05,-0.000813679
6.004,-1.14663e-05,-7.14442e-05,-0.000808755
6.008,-1.04151e-05,-7.10455e-05,-0.000803846
6.012,-9.3745e-06,-7.06478e-05,-0.000798953
6.016,-8.34446e-06,-7.02512e-05,-0.000794076
6.02,-7.32493e-06,-6.98556e-05,-0.000789215
6.024,-6.31582e-06,-6.9461e-05,-0.00078437
6.028,-5.31709e-06,-6.90675e-05,-0.000779542
6.032,-4.32866e-06,-6.86751e-05,-0.000774729
6.036,-3.35047e-06,-6.82838e-05,-0.000769933
6.04,-2.38246e-06,-6.78936e-05,-0.000765153
6.044,-1.42455e-06,-6.75044e-05,-0.00076039
6.048,-4.76697e-07,-6.71164e-05,-0.000755642
6.052,4.61175e-07,-6.67295e-05,-0.000750912
6.056,1.38913e-06,-6.63436e-05,-0.000746197
6.06,2.30722e-06,-6.59589e-05,-0.000741499
6.064,3.21553e-06,-6.55753e-05,-0.000736818
6.068,4.1141e-06,-6.51928e-05,-0.000732153
6.072,5.003e-06,-6.48115e-05,-0.000727505
6.076,5.8823e-06,-6.44312e-05,-0.000722873
6.08,6.75206e-06,-6.40522e-05,-0.000718258
6.084,7.61233e-06,-6.36742e-05,-0.00071366
6.088,8.46318e-06,-6.32975e-05,-0.000709079
6.092,9.30468e-06,-6.29218e-05,-0.000704514
6.096,1.01369e-05,-6.25474e-05,-0.000699966
6.1,1.09598e-05,-6.2174e-05,-0.000695434
6.104,1.17736e-05,-6.18019e-05,-0.00069092
6.108,1.25783e-05,-6.14309e-05,-0.000686422
6.112,1.33739e-05,-6.10611e-05,-0.000681941
6.116,1.41605e-05,-6.06925e-05,-0.000677478
6.12,1.49382e-05,-6.03251e-05,-0.000673031
6.124,1.57071e-05,-5.99589e-05,-0.0006686
6.128,1.64671e-05,-5.95938e-05,-0.000664187
6.132,1.72183e-05,-5.92299e-05,-0.000659791
6.136,1.79608e-05,-5.88673e-05,-0.000655412
6.14,1.86947e-05,-5.85058e-05,-0.00065105
6.144,1.94201e-05,-5.81456e-05,-0.000646704
6.148,2.01369e-05,-5.77866e-05,-0.000642376
6.152,2.08452e-05,-5.74287e-05,-0.000638065
6.156,2.15452e-05,-5.70721e-05,-0.000633771
6.16,2.22367e-05,-5.67167e-05,-0.000629494
6.164,2.292e-05,-5.63626e-05,-0.000625234
6.168,2.35951e-05,-5.60096e-05,-0.000620991
6.172,2.4262e-05,-5.56579e-05,-0.000616765
6.176,2.49207e-05,-5.53074e-05,-0.000612556
6.18,2.55714e-05,-5.49581e-05,-0.000608365
6.184,2.62141e-05,-5.46101e-05,-0.00060419
6.188,2.68489e-05,-5.42633e-05,-0.000600033
6.192,2.74757e-05,-5.39178e-05,-0.000595893
6.196,2.80947e-05,-5.35735e-05,-0.00059177
6.2,2.87059e-05,-5.32304e-05,-0.000587664
6.204,2.93094e-05,-5.28886e-05,-0.000583575
6.208,2.99052e-05,-5.25481e-05,-0.000579503
6.212,3.04934e-05,-5.22088e-05,-0.000575448
6.216,3.1074e-05,-5.18707e-05,-0.000571411
6.22,3.16471e-05,-5.15339e-05,-0.00056739
6.224,3.22127e-05,-5.11984e-05,-0.000563387
6.228,3.27709e-05,-5.08641e-05,-0.000559401
6.232,3.33218e-05,-5.0531e-05,-0.000555432
6.236,3.38654e-05,-5.01993e-05,-0.00055148
6.24,3.44017e-05,-4.98688e-05,-0.000547545
6.244,3.49309e-05,-4.95395e-05,-0.000543628
6.248,3.54528e-05,-4.92116e-05,-0.000539727
6.252,3.59677e-05,-4.88849e-05,-0.000535844
6.256,3.64756e-05,-4.85594e-05,-0.000531977
6.26,3.69765e-05,-4.82353e-05,-0.000528128
6.264,3.74704e-05,-4.79124e-05,-0.000524296
6.268,3.79575e-05,-4.75907e-05,-0.000520481
6.272,3.84377e-05,-4.72704e-05,-0.000516683
6.276,3.89111e-05,-4.69513e-05,-0.000512902
6.28,3.93778e-05,-4.66335e-05,-0.000509138
6.284,3.98378e-05,-4.6317e-05,-0.000505391
6.288,4.02912e-05,-4.60017e-05,-0.000501661
6.292,4.0738e-05,-4.56877e-05,-0.000497948
6.296,4.11783e-05,-4.5375e-05,-0.000494252
6.3,4.16121e-05,-4.50636e-05,-0.000490573
6.304,4.20394e-05,-4.47534e-05,-0.000486911
6.308,4.24604e-05,-4.44446e-05,-0.000483266
6.312,4.2875e-05,-4.4137e-05,-0.000479637
6.316,4.32834e-05,-4.38306e-05,-0.000476026
6.32,4.36855e-05,-4.35256e-05,-0.000472432
6.324,4.40814e-05,-4.32218e-05,-0.000468854
6.328,4.44712e-05,-4.29194e-05,-0.000465293
6.332,4.48548e-05,-4.26182e-05,-0.00046175
6.336,4.52324e-05,-4.23182e-05,-0.000458223
6.34,4.56041e-05,-4.20196e-05,-0.000454712
6.344,4.59697e-05,-4.17222e-05,-0.000451219
6.348,4.63295e-05,-4.14261e-05,-0.000447742
6.352,4.66833e-05,-4.11313e-05,-0.000444282
6.356,4.70314e-05,-4.08378e-05,-0.000440839
6.36,4.73737e-05,-4.05455e-05,-0.000437412
6.364,4.77103e-05,-4.02545e-05,-0.000434002
6.368,4.80412e-05,-3.99648e-05,-0.000430609
6.372,4.83664e-05,-3.96764e-05,-0.000427232
6.376,4.86861e-05,-3.93892e-05,-0.000423872
6.38,4.90002e-05,-3.91034e-05,-0.000420528
6.384,4.93088e-05,-3.88187e-05,-0.000417201
6.388,4.9612e-05,-3.85354e-05,-0.000413891
6.392,4.99097e-05,-3.82533e-05,-0.000410597
6.396,5.02021e-05,-3.79726e-05,-0.000407319
6.4,5.04892e-05,-3.7693e-05,-0.000404058
6.404,5.07709e-05,-3.74148e-05,-0.000400813
6.408,5.10475e-05,-3.71378e-05,-0.000397585
6.412,5.13188e-05,-3.68621e-05,-0.000394373
6.416,5.1585e-05,-3.65876e-05,-0.000391177
6.42,5.18461e-05,-3.63144e-05,-0.000387998
6.424,5.21021e-05,-3.60425e-05,-0.000384834
6.428,5.23531e-05,-3.57719e-05,-0.000381688
6.432,5.25991e-05,-3.55025e-05,-0.000378557
6.436,5.28401e-05,-3.52343e-05,-0.000375442
6.44,5.30763e-05,-3.49674e-05,-0.000372344
6.444,5.33076e-05,-3.47018e-05,-0.000369261
6.448,5.3534e-05,-3.44374e-05,-0.000366195
6.452,5.37557e-05,-3.41743e-05,-0.000363145
6.456,5.39727e-05,-3.39125e-05,-0.00036011
6.46,5.4185e-05,-3.36519e-05,-0.000357092
6.464,5.43926e-05,-3.33925e-05,-0.00035409
6.468,5.45955e-05,-3.31344e-05,-0.000351103
6.472,5.4794e-05,-3.28775e-05,-0.000348133
6.476,5.49878e-05,-3.26219e-05,-0.000345178
6.48,5.51772e-05,-3.23675e-05,-0.000342239
6.484,5.53621e-05,-3.21144e-05,-0.000339316
6.488,5.55426e-05,-3.18625e-05,-0.000336408
6.492,5.57187e-05,-3.16119e-05,-0.000333516
6.496,5.58905e-05,-3.13624e-05,-0.00033064
6.5,5.6058e-05,-3.11143e-05,-0.000327779
6.504,5.62211e-05,-3.08673e-05,-0.000324934
6.508,5.63801e-05,-3.06216e-05,-0.000322105
6.512,5.65349e-05,-3.03771e-05,-0.000319291
6.516,5.66855e-05,-3.01338e-05,-0.000316492
6.52,5.6832e-05,-2.98918e-05,-0.000313709
6.524,5.69744e-05,-2.96509e-05,-0.000310942
6.528,5.71128e-05,-2.94113e-05,-0.000308189
6.532,5.72472e-05,-2.91729e-05,-0.000305452
6.536,5.73775e-05,-2.89358e-05,-0.00030273
6.54,5.7504e-05,-2.86998e-05,-0.000300024
6.544,5.76266e-05,-2.8465e-05,-0.000297333
6.548,5.77453e-05,-2.82315e-05,-0.000294656
6.552,5.78601e-05,-2.79992e-05,-0.000291995
6.556,5.79712e-05,-2.7768e-05,-0.000289349
6.56,5.80785e-05,-2.75381e-05,-0.000286718
6.564,5.81821e-05,-2.73094e-05,-0.000284102
6.568,5.8282e-05,-2.70818e-05,-0.000281501
6.572,5.83783e-05,-2.68555e-05,-0.000278915
6.576,5.84709e-05,-2.66303e-05,-0.000276343
6.58,5.85599e-05,-2.64064e-05,-0.000273787
6.584,5.86454e-05,-2.61836e-05,-0.000271245
6.588,5.87274e-05,-2.5962e-05,-0.000268718
6.592,5.88059e-05,-2.57416e-05,-0.000266206
6.596,5.88809e-05,-2.55224e-05,-0.000263708
6.6,5.89526e-05,-2.53043e-05,-0.000261225
6.604,5.90208e-05,-2.50874e-05,-0.000258756
6.608,5.90857e-05,-2.48717e-05,-0.000256302
6.612,5.91472e-05,-2.46572e-05,-0.000253863
6.616,5.92055e-05,-2.44438e-05,-0.000251438
6.62,5.92605e-05,-2.42316e-05,-0.000249027
6.624,5.93123e-05,-2.40205e-05,-0.000246631
6.628,5.93609e-05,-2.38106e-05,-0.000244248
6.632,5.94064e-05,-2.36018e-05,-0.000241881
6.636,5.94487e-05,-2.33942e-05,-0.000239527
6.64,5.94879e-05,-2.31878e-05,-0.000237187
6.644,5.95241e-05,-2.29825e-05,-0.000234862
6.648,5.95572e-05,-2.27783e-05,-0.000232551
6.652,5.95873e-05,-2.25753e-05,-0.000230254
6.656,5.96144e-05,-2.23734e-05,-0.00022797
6.66,5.96386e-05,-2.21726e-05,-0.000225701
6.664,5.96599e-05,-2.1973e-05,-0.000223445
6.668,5.96783e-05,-2.17745e-05,-0.000221204
6.672,5.96938e-05,-2.15771e-05,-0.000218976
6.676,5.97065e-05,-2.13809e-05,-0.000216762
6.68,5.97164e-05,-2.11857e-05,-0.000214561
6.684,5.97236e-05,-2.09917e-05,-0.000212375
6.688,5.9728e-05,-2.07988e-05,-0.000210201
6.692,5.97296e-05,-2.0607e-05,-0.000208042
6.696,5.97287e-05,-2.04163e-05,-0.000205896
6.7,5.9725e-05,-2.02267e-05,-0.000203763
6.704,5.97187e-05,-2.00382e-05,-0.000201644
6.708,5.97099e-05,-1.98508e-05,-0.000199538
6.712,5.96984e-05,-1.96645e-05,-0.000197446
6.716,5.96845e-05,-1.94793e-05,-0.000195367
6.72,5.9668e-05,-1.92952e-05,-0.000193301
6.724,5.9649e-05,-1.91121e-05,-0.000191248
6.728,5.96275e-05,-1.89302e-05,-0.000189208
6.732,5.96037e-05,-1.87493e-05,-0.000187182
6.736,5.95774e-05,-1.85694e-05,-0.000185168
6.74,5.95487e-05,-1.83907e-05,-0.000183168
6.744,5.95177e-05,-1.8213e-05,-0.00018118
6.748,5.94844e-05,-1.80364e-05,-0.000179206
6.752,5.94487e-05,-1.78608e-05,-0.000177244
6.756,5.94108e-05,-1.76863e-05,-0.000175295
6.76,5.93707e-05,-1.75129e-05,-0.000173359
6.764,5.93283e-05,-1.73405e-05,-0.000171435
6.768,5.92837e-05,-1.71691e-05,-0.000169524
6.772,5.92369e-05,-1.69988e-05,-0.000167626
6.776,5.9188e-05,-1.68295e-05,-0.00016574
6.78,5.9137e-05,-1.66613e-05,-0.000163867
6.784,5.90838e-05,-1.64941e-05,-0.000162006
6.788,5.90286e-05,-1.63279e-05,-0.000160158
6.792,5.89714e-05,-1.61628e-05,-0.000158322
6.796,5.89121e-05,-1.59986e-05,-0.000156498
6.8,5.88508e-05,-1.58355e-05,-0.000154687
6.804,5.87875e-05,-1.56734e-05,-0.000152888
6.808,5.87223e-05,-1.55124e-05,-0.000151101
6.812,5.86552e-05,-1.53523e-05,-0.000149326
6.816,5.85861e-05,-1.51932e-05,-0.000147563
6.82,5.85152e-05,-1.50352e-05,-0.000145812
6.824,5.84424e-05,-1.48781e-05,-0.000144073
6.828,5.83677e-05,-1.4722e-05,-0.000142347
6.832,5.82913e-05,-1.45669e-05,-0.000140632
6.836,5.8213e-05,-1.44128e-05,-0.000138928
6.84,5.8133e-05,-1.42597e-05,-0.000137237
6.844,5.80513e-05,-1.41076e-05,-0.000135557
6.848,5.79678e-05,-1.39564e-05,-0.000133889
6.852,5.78826e-05,-1.38063e-05,-0.000132233
6.856,5.77957e-05,-1.36571e-05,-0.000130588
6.86,5.77072e-05,-1.35088e-05,-0.000128955
6.864,5.7617e-05,-1.33615e-05,-0.000127333
6.868,5.75252e-05,-1.32152e-05,-0.000125723
6.872,5.74318e-05,-1.30698e-05,-0.000124124
6.876,5.73368e-05,-1.29254e-05,-0.000122537
6.88,5.72403e-05,-1.27819e-05,-0.00012096
6.884,5.71423e-05,-1.26394e-05,-0.000119395
6.888,5.70427e-05,-1.24978e-05,-0.000117842
6.892,5.69416e-05,-1.23572e-05,-0.000116299
6.896,5.68391e-05,-1.22175e-05,-0.000114767
6.9,5.67351e-05,-1.20787e-05,-0.000113247
6.904,5.66297e-05,-1.19408e-05,-0.000111737
6.908,5.65228e-05,-1.18039e-05,-0.000110239
6.912,5.64146e-05,-1.16678e-05,-0.000108751
6.916,5.6305e-05,-1.15327e-05,-0.000107274
6.92,5.61941e-05,-1.13986e-05,-0.000105808
6.924,5.60818e-05,-1.12653e-05,-0.000104353
6.928,5.59682e-05,-1.11329e-05,-0.000102908
6.932,5.58533e-05,-1.10014e-05,-0.000101474
6.936,5.57371e-05,-1.08708e-05,-0.000100051
6.94,5.56196e-05,-1.07411e-05,-9.86384e-05
6.944,5.55009e-05,-1.06123e-05,-9.72361e-05
6.948,5.5381e-05,-1.04844e-05,-9.58444e-05
6.952,5.52599e-05,-1.03574e-05,-9.4463e-05
6.956,5.51376e-05,-1.02313e-05,-9.30921e-05
6.96,5.50142e-05,-1.0106e-05,-9.17314e-05
6.964,5.48896e-05,-9.98157e-06,-9.0381e-05
6.968,5.47638e-05,-9.85804e-06,-8.90408e-05
6.972,5.46369e-05,-9.73537e-06,-8.77108e-05
6.976,5.4509e-05,-9.61355e-06,-8.6391e-05
6.98,5.43799e-05,-9.4926e-06,-8.50812e-05
6.984,5.42498e-05,-9.3725e-06,-8.37814e-05
6.988,5.41187e-05,-9.25325e-06,-8.24916e-05
6.992,5.39865e-05,-9.13484e-06,-8.12118e-05
6.996,5.38533e-05,-9.01728e-06,-7.99418e-05
7,5.37191e-05,-8.90056e-06,-7.86817e-05
7.004,5.3584e-05,-8.78467e-06,-7.74314e-05
7.008,5.34478e-05,-8.66961e-06,-7.61908e-05
7.012,5.33107e-05,-8.55538e-06,-7.49599e-05
7.016,5.31727e-05,-8.44197e-06,-7.37387e-05
7.02,5.30338e-05,-8.32939e-06,-7.2527e-05
7.024,5.2894e-05,-8.21762e-06,-7.1325e-05
7.028,5.27533e-05,-8.10666e-06,-7.01324e-05
7.032,5.26117e-05,-7.99652e-06,-6.89493e-05
7.036,5.24693e-05,-7.88718e-06,-6.77756e-05
7.04,5.2326e-05,-7.77864e-06,-6.66112e-05
7.044,5.21819e-05,-7.6709e-06,-6.54562e-05
7.048,5.2037e-05,-7.56396e-06,-6.43105e-05
7.052,5.18914e-05,-7.45781e-06,-6.31739e-05
7.056,5.17449e-05,-7.35244e-06,-6.20466e-05
7.06,5.15977e-05,-7.24786e-06,-6.09284e-05
7.064,5.14497e-05,-7.14406e-06,-5.98192e-05
7.068,5.1301e-05,-7.04104e-06,-5.87192e-05
7.072,5.11516e-05,-6.93879e-06,-5.76281e-05
7.076,5.10015e-05,-6.83731e-06,-5.65459e-05
7.08,5.08507e-05,-6.7366e-06,-5.54727e-05
7.084,5.06992e-05,-6.63665e-06,-5.44083e-05
7.088,5.0547e-05,-6.53746e-06,-5.33527e-05
7.092,5.03942e-05,-6.43902e-06,-5.23059e-05
7.096,5.02408e-05,-6.34133e-06,-5.12678e-05
7.1,5.00867e-05,-6.2444e-06,-5.02383e-05
7.104,4.99321e-05,-6.14821e-06,-4.92175e-05
7.108,4.97768e-05,-6.05276e-06,-4.82053e-05
7.112,4.9621e-05,-5.95804e-06,-4.72016e-05
7.116,4.94645e-05,-5.86406e-06,-4.62064e-05
7.12,4.93076e-05,-5.77082e-06,-4.52196e-05
7.124,4.91501e-05,-5.67829e-06,-4.42412e-05
7.128,4.8992e-05,-5.5865e-06,-4.32712e-05
7.132,4.88335e-05,-5.49542e-06,-4.23095e-05
7.136,4.86744e-05,-5.40505e-06,-4.13561e-05
7.14,4.85149e-05,-5.3154e-06,-4.04109e-05
7.144,4.83548e-05,-5.22646e-06,-3.94738e-05
7.148,4.81944e-05,-5.13823e-06,-3.85449e-05
7.152,4.80334e-05,-5.0507e-06,-3.76241e-05
7.156,4.7872e-05,-4.96386e-06,-3.67113e-05
7.16,4.77102e-05,-4.87772e-06,-3.58065e-05
7.164,4.75479e-05,-4.79228e-06,-3.49096e-05
7.168,4.73853e-05,-4.70752e-06,-3.40207e-05
7.172,4.72222e-05,-4.62344e-06,-3.31396e-05
7.176,4.70588e-05,-4.54005e-06,-3.22664e-05
7.18,4.6895e-05,-4.45733e-06,-3.14009e-05
7.184,4.67308e-05,-4.37529e-06,-3.05432e-05
7.188,4.65663e-05,-4.29392e-06,-2.96932e-05
7.192,4.64014e-05,-4.21322e-06,-2.88508e-05
7.196,4.62362e-05,-4.13318e-06,-2.8016e-05
7.2,4.60707e-05,-4.0538e-06,-2.71888e-05
7.204,4.59049e-05,-3.97508e-06,-2.6369e-05
7.208,4.57388e-05,-3.89701e-06,-2.55568e-05
7.212,4.55724e-05,-3.81959e-06,-2.4752e-05
7.216,4.54057e-05,-3.74282e-06,-2.39546e-05
7.22,4.52387e-05,-3.6667e-06,-2.31645e-05
7.224,4.50715e-05,-3.59121e-06,-2.23818e-05
7.228,4.49041e-05,-3.51636e-06,-2.16063e-05
7.232,4.47364e-05,-3.44214e-06,-2.0838e-05
7.236,4.45685e-05,-3.36855e-06,-2.00769e-05
7.24,4.44004e-05,-3.29559e-06,-1.9323e-05
7.244,4.42321e-05,-3.22325e-06,-1.85761e-05
7.248,4.40635e-05,-3.15153e-06,-1.78363e-05
7.252,4.38948e-05,-3.08043e-06,-1.71036e-05
7.256,4.37259e-05,-3.00994e-06,-1.63777e-05
7.26,4.35569e-05,-2.94006e-06,-1.56589e-05
7.264,4.33877e-05,-2.87079e-06,-1.49469e-05
7.268,4.32183e-05,-2.80212e-06,-1.42417e-05
7.272,4.30488e-05,-2.73405e-06,-1.35434e-05
7.276,4.28792e-05,-2.66658e-06,-1.28518e-05
7.28,4.27094e-05,-2.5997e-06,-1.2167e-05
7.284,4.25395e-05,-2.53341e-06,-1.14888e-05
7.288,4.23696e-05,-2.4677e-06,-1.08173e-05
7.292,4.21995e-05,-2.40258e-06,-1.01524e-05
7.296,4.20293e-05,-2.33804e-06,-9.49404e-06
7.3,4.18591e-05,-2.27408e-06,-8.84222e-06
7.304,4.16888e-05,-2.21069e-06,-8.19689e-06
7.308,4.15184e-05,-2.14787e-06,-7.55801e-06
7.312,4.1348e-05,-2.08562e-06,-6.92553e-06
7.316,4.11775e-05,-2.02393e-06,-6.29941e-06
7.32,4.1007e-05,-1.96281e-06,-5.67963e-06
7.324,4.08365e-05,-1.90224e-06,-5.06613e-06
7.328,4.0666e-05,-1.84222e-06,-4.45889e-06
7.332,4.04954e-05,-1.78276e-06,-3.85785e-06
7.336,4.03248e-05,-1.72385e-06,-3.26299e-06
7.34,4.01543e-05,-1.66548e-06,-2.67425e-06
7.344,3.99837e-05,-1.60765e-06,-2.09162e-06
7.348,3.98131e-05,-1.55036e-06,-1.51504e-06
7.352,3.96426e-05,-1.4936e-06,-9.44477e-07
7.356,3.94721e-05,-1.43738e-06,-3.79895e-07
7.36,3.93017e-05,-1.38169e-06,1.78744e-07
7.364,3.91313e-05,-1.32652e-06,7.31479e-07
7.368,3.89609e-05,-1.27188e-06,1.27835e-06
7.372,3.87907e-05,-1.21776e-06,1.81939e-06
7.376,3.86204e-05,-1.16415e-06,2.35463e-06
7.38,3.84503e-05,-1.11106e-06,2.88413e-06
7.384,3.82802e-05,-1.05848e-06,3.4079e-06
7.388,3.81102e-05,-1.00641e-06,3.92599e-06
7.392,3.79404e-05,-9.54838e-07,4.43845e-06
7.396,3.77706e-05,-9.03771e-07,4.94529e-06
7.4,3.76009e-05,-8.53203e-07,5.44656e-06
7.404,3.74313e-05,-8.0313e-07,5.9423e-06
7.408,3.72619e-05,-7.5355e-07,6.43255e-06
7.412,3.70926e-05,-7.0446e-07,6.91733e-06
7.416,3.69234e-05,-6.55857e-07,7.39668e-06
7.42,3.67544e-05,-6.07737e-07,7.87065e-06
7.424,3.65855e-05,-5.60098e-07,8.33926e-06
7.428,3.64167e-05,-5.12937e-07,8.80255e-06
7.432,3.62481e-05,-4.66251e-07,9.26057e-06
7.436,3.60797e-05,-4.20037e-07,9.71333e-06
7.44,3.59114e-05,-3.74292e-07,1.01609e-05
7.444,3.57434e-05,-3.29013e-07,1.06033e-05
7.448,3.55754e-05,-2.84198e-07,1.10405e-05
7.452,3.54077e-05,-2.39842e-07,1.14726e-05
7.456,3.52402e-05,-1.95945e-07,1.18997e-05
7.46,3.50729e-05,-1.52501e-07,1.23217e-05
7.464,3.49057e-05,-1.0951e-07,1.27387e-05
7.468,3.47388e-05,-6.69672e-08,1.31507e-05
7.472,3.45721e-05,-2.48707e-08,1.35578e-05
7.476,3.44056e-05,1.67826e-08,1.396e-05
7.48,3.42394e-05,5.79955e-08,1.43574e-05
7.484,3.40733e-05,9.87708e-08,1.47499e-05
7.488,3.39075e-05,1.39111e-07,1.51376e-05
7.492,3.37419e-05,1.7902e-07,1.55205e-05
7.496,3.35766e-05,2.18499e-07,1.58987e-05
7.5,3.34115e-05,2.57552e-07,1.62722e-05
7.504,3.32467e-05,2.96181e-07,1.6641e-05
7.508,3.30821e-05,3.34389e-07,1.70052e-05
7.512,3.29178e-05,3.72179e-07,1.73648e-05
7.516,3.27538e-05,4.09554e-07,1.77198e-05
7.52,3.259e-05,4.46516e-07,1.80703e-05
7.524,3.24265e-05,4.83068e-07,1.84163e-05
7.528,3.22633e-05,5.19212e-07,1.87578e-05
7.532,3.21004e-05,5.54952e-07,1.90949e-05
7.536,3.19377e-05,5.90289e-07,1.94275e-05
7.54,3.17754e-05,6.25228e-07,1.97558e-05
7.544,3.16133e-05,6.5977e-07,2.00797e-05
7.548,3.14515e-05,6.93917e-07,2.03994e-05
7.552,3.12901e-05,7.27674e-07,2.07147e-05
7.556,3.11289e-05,7.61041e-07,2.10258e-05
7.56,3.09681e-05,7.94023e-07,2.13326e-05
7.564,3.08076e-05,8.26621e-07,2.16353e-05
7.568,3.06474e-05,8.58838e-07,2.19338e-05
7.572,3.04875e-05,8.90677e-07,2.22282e-05
7.576,3.0328e-05,9.22139e-07,2.25185e-05
7.58,3.01688e-05,9.53229e-07,2.28047e-05
7.584,3.00099e-05,9.83948e-07,2.30869e-05
7.588,2.98514e-05,1.0143e-06,2.3365e-05
7.592,2.96932e-05,1.04428e-06,2.36392e-05
7.596,2.95353e-05,1.07391e-06,2.39095e-05
7.6,2.93778e-05,1.10317e-06,2.41758e-05
7.604,2.92207e-05,1.13207e-06,2.44382e-05
7.608,2.90639e-05,1.16062e-06,2.46968e-05
7.612,2.89074e-05,1.18881e-06,2.49516e-05
7.616,2.87514e-05,1.21666e-06,2.52025e-05
7.62,2.85957e-05,1.24416e-06,2.54497e-05
7.624,2.84403e-05,1.27131e-06,2.56931e-05
7.628,2.82853e-05,1.29811e-06,2.59328e-05
7.632,2.81308e-05,1.32458e-06,2.61688e-05
7.636,2.79765e-05,1.35071e-06,2.64012e-05
7.64,2.78227e-05,1.3765e-06,2.66299e-05
7.644,2.76692e-05,1.40196e-06,2.68551e-05
7.648,2.75162e-05,1.42708e-06,2.70766e-05
7.652,2.73635e-05,1.45188e-06,2.72946e-05
7.656,2.72112e-05,1.47635e-06,2.75091e-05
7.66,2.70593e-05,1.5005e-06,2.77201e-05
7.664,2.69078e-05,1.52433e-06,2.79277e-05
7.668,2.67567e-05,1.54783e-06,2.81318e-05
7.672,2.6606e-05,1.57102e-06,2.83325e-05
7.676,2.64557e-05,1.5939e-06,2.85298e-05
7.68,2.63058e-05,1.61646e-06,2.87237e-05
7.684,2.61563e-05,1.63871e-06,2.89144e-05
7.688,2.60073e-05,1.66065e-06,2.91017e-05
7.692,2.58586e-05,1.68229e-06,2.92857e-05
7.696,2.57104e-05,1.70363e-06,2.94665e-05
7.7,2.55626e-05,1.72466e-06,2.96441e-05
7.704,2.54152e-05,1.74539e-06,2.98185e-05
7.708,2.52682e-05,1.76583e-06,2.99897e-05
7.712,2.51216e-05,1.78597e-06,3.01578e-05
7.716,2.49755e-05,1.80583e-06,3.03227e-05
7.72,2.48298e-05,1.82539e-06,3.04846e-05
7.724,2.46845e-05,1.84466e-06,3.06434e-05
7.728,2.45397e-05,1.86365e-06,3.07991e-05
7.732,2.43953e-05,1.88235e-06,3.09519e-05
7.736,2.42513e-05,1.90077e-06,3.11016e-05
7.74,2.41078e-05,1.91892e-06,3.12484e-05
7.744,2.39647e-05,1.93678e-06,3.13922e-05
7.748,2.38221e-05,1.95437e-06,3.15331e-05
7.752,2.36799e-05,1.97169e-06,3.16711e-05
7.756,2.35381e-05,1.98874e-06,3.18062e-05
7.76,2.33968e-05,2.00552e-06,3.19385e-05
7.764,2.32559e-05,2.02203e-06,3.2068e-05
7.768,2.31155e-05,2.03828e-06,3.21947e-05
7.772,2.29755e-05,2.05426e-06,3.23186e-05
7.776,2.2836e-05,2.06999e-06,3.24398e-05
7.78,2.2697e-05,2.08545e-06,3.25582e-05
7.784,2.25584e-05,2.10067e-06,3.26739e-05
7.788,2.24202e-05,2.11562e-06,3.2787e-05
7.792,2.22825e-05,2.13033e-06,3.28974e-05
7.796,2.21453e-05,2.14478e-06,3.30052e-05
7.8,2.20086e-05,2.15899e-06,3.31103e-05
7.804,2.18723e-05,2.17294e-06,3.32129e-05
7.808,2.17364e-05,2.18666e-06,3.33129e-05
7.812,2.1601e-05,2.20013e-06,3.34103e-05
7.816,2.14661e-05,2.21337e-06,3.35053e-05
7.82,2.13317e-05,2.22636e-06,3.35977e-05
7.824,2.11977e-05,2.23912e-06,3.36877e-05
7.828,2.10642e-05,2.25164e-06,3.37752e-05
7.832,2.09312e-05,2.26393e-06,3.38603e-05
7.836,2.07986e-05,2.27599e-06,3.3943e-05
7.84,2.06665e-05,2.28782e-06,3.40233e-05
7.844,2.05349e-05,2.29943e-06,3.41012e-05
7.848,2.04037e-05,2.31081e-06,3.41768e-05
7.852,2.0273e-05,2.32196e-06,3.42501e-05
7.856,2.01428e-05,2.3329e-06,3.4321e-05
7.86,2.00131e-05,2.34361e-06,3.43897e-05
7.864,1.98839e-05,2.35411e-06,3.44562e-05
7.868,1.97551e-05,2.36439e-06,3.45203e-05
7.872,1.96268e-05,2.37446e-06,3.45823e-05
7.876,1.9499e-05,2.38431e-06,3.46421e-05
7.88,1.93717e-05,2.39396e-06,3.46997e-05
7.884,1.92448e-05,2.4034e-06,3.47551e-05
7.888,1.91184e-05,2.41263e-06,3.48084e-05
7.892,1.89925e-05,2.42165e-06,3.48596e-05
7.896,1.88671e-05,2.43047e-06,3.49087e-05
7.9,1.87422e-05,2.43909e-06,3.49558e-05
7.904,1.86177e-05,2.44751e-06,3.50007e-05
7.908,1.84938e-05,2.45574e-06,3.50437e-05
7.912,1.83703e-05,2.46376e-06,3.50846e-05
7.916,1.82473e-05,2.47159e-06,3.51235e-05
7.92,1.81248e-05,2.47923e-06,3.51604e-05
7.924,1.80028e-05,2.48668e-06,3.51954e-05
7.928,1.78812e-05,2.49394e-06,3.52285e-05
7.932,1.77602e-05,2.50101e-06,3.52596e-05
7.936,1.76396e-05,2.50789e-06,3.52888e-05
7.94,1.75195e-05,2.51459e-06,3.53161e-05
7.944,1.73999e-05,2.52111e-06,3.53416e-05
7.948,1.72808e-05,2.52744e-06,3.53653e-05
7.952,1.71622e-05,2.5336e-06,3.53871e-05
7.956,1.7044e-05,2.53957e-06,3.54071e-05
7.96,1.69264e-05,2.54538e-06,3.54253e-05
7.964,1.68092e-05,2.551e-06,3.54417e-05
7.968,1.66926e-05,2.55645e-06,3.54564e-05
7.972,1.65764e-05,2.56174e-06,3.54693e-05
7.976,1.64607e-05,2.56685e-06,3.54806e-05
7.98,1.63454e-05,2.57179e-06,3.54901e-05
7.984,1.62307e-05,2.57657e-06,3.54979e-05
7.988,1.61165e-05,2.58118e-06,3.55041e-05
7.992,1.60027e-05,2.58563e-06,3.55086e-05
7.996,1.58894e-05,2.58991e-06,3.55115e-05
8,1.57767e-05,2.59404e-06,3.55128e-05
