band,hr,n
7,0,125289
7,1,117795
7,2,116341
7,3,119794
7,4,125774
7,5,125898
7,6,103157
7,7,51909
7,8,23850
7,9,9674
7,10,2692
7,11,1169
7,12,939
7,13,1615
7,14,3644
7,15,5926
7,16,8048
7,17,13768
7,18,23405
7,19,33234
7,20,42412
7,21,70577
7,22,98666
7,23,113390
14,0,5412
14,1,5122
14,2,6491
14,3,7694
14,4,11100
14,5,26555
14,6,55574
14,7,61402
14,8,51946
14,9,50848
14,10,45921
14,11,44521
14,12,45430
14,13,52556
14,14,58070
14,15,63605
14,16,77569
14,17,118930
14,18,112197
14,19,83092
14,20,49279
14,21,27538
14,22,15687
14,23,8197
28,0,18
28,1,13
28,2,17
28,3,15
28,4,13
28,5,37
28,6,2850
28,7,17561
28,8,35343
28,9,46962
28,10,51999
28,11,50761
28,12,59869
28,13,125101
28,14,191204
28,15,175856
28,16,98608
28,17,42483
28,18,7840
28,19,1118
28,20,576
28,21,175
28,22,47
28,23,26
