vgs,id_lin,id_sat
0,2.68224e-16,3.59684e-16
0.005,3.1125e-16,4.17381e-16
0.01,3.61177e-16,4.84333e-16
0.015,4.19113e-16,5.62024e-16
0.02,4.86343e-16,6.52178e-16
0.025,5.64357e-16,7.56794e-16
0.03,6.54884e-16,8.7819e-16
0.035,7.59933e-16,1.01906e-15
0.04,8.81832e-16,1.18253e-15
0.045,1.02328e-15,1.37221e-15
0.05,1.18743e-15,1.59233e-15
0.055,1.3779e-15,1.84775e-15
0.06,1.59892e-15,2.14414e-15
0.065,1.8554e-15,2.48807e-15
0.07,2.15301e-15,2.88717e-15
0.075,2.49837e-15,3.35029e-15
0.08,2.89911e-15,3.88769e-15
0.085,3.36414e-15,4.51129e-15
0.09,3.90376e-15,5.23492e-15
0.095,4.52992e-15,6.07461e-15
0.1,5.25653e-15,7.04899e-15
0.105,6.09967e-15,8.17966e-15
0.11,7.07805e-15,9.49167e-15
0.115,8.21336e-15,1.10141e-14
0.12,9.53075e-15,1.27808e-14
0.125,1.10594e-14,1.48308e-14
0.13,1.28333e-14,1.72096e-14
0.135,1.48917e-14,1.99699e-14
0.14,1.72801e-14,2.31729e-14
0.145,2.00517e-14,2.68896e-14
0.15,2.32677e-14,3.12024e-14
0.155,2.69995e-14,3.62069e-14
0.16,3.13298e-14,4.2014e-14
0.165,3.63545e-14,4.87524e-14
0.17,4.2185e-14,5.65714e-14
0.175,4.89504e-14,6.56443e-14
0.18,5.68007e-14,7.61721e-14
0.185,6.59098e-14,8.83881e-14
0.19,7.64795e-14,1.02563e-13
0.195,8.8744e-14,1.19011e-13
0.2,1.02975e-13,1.38096e-13
0.205,1.19487e-13,1.60241e-13
0.21,1.38647e-13,1.85936e-13
0.215,1.60879e-13,2.15752e-13
0.22,1.86674e-13,2.50347e-13
0.225,2.16604e-13,2.90488e-13
0.23,2.51332e-13,3.37064e-13
0.235,2.91626e-13,3.91105e-13
0.24,3.38378e-13,4.53809e-13
0.245,3.92623e-13,5.26562e-13
0.25,4.5556e-13,6.10976e-13
0.255,5.28582e-13,7.08916e-13
0.26,6.13304e-13,8.22551e-13
0.265,7.11598e-13,9.54393e-13
0.27,8.25639e-13,1.10736e-12
0.275,9.57946e-13,1.28483e-12
0.28,1.11144e-12,1.49072e-12
0.285,1.28952e-12,1.7296e-12
0.29,1.49611e-12,2.00672e-12
0.295,1.73577e-12,2.32823e-12
0.3,2.0138e-12,2.7012e-12
0.305,2.33632e-12,3.13388e-12
0.31,2.71045e-12,3.63581e-12
0.315,3.14444e-12,4.21806e-12
0.32,3.64783e-12,4.89346e-12
0.325,4.23173e-12,5.67691e-12
0.33,4.90898e-12,6.58564e-12
0.335,5.69447e-12,7.63967e-12
0.34,6.60548e-12,8.86218e-12
0.345,7.66201e-12,1.02801e-11
0.35,8.88725e-12,1.19244e-11
0.355,1.03081e-11,1.38315e-11
0.36,1.19556e-11,1.60429e-11
0.365,1.3866e-11,1.86073e-11
0.37,1.60809e-11,2.15808e-11
0.375,1.86489e-11,2.50285e-11
0.38,2.16258e-11,2.90257e-11
0.385,2.50767e-11,3.36597e-11
0.39,2.90766e-11,3.90316e-11
0.395,3.37125e-11,4.52584e-11
0.4,3.90851e-11,5.24754e-11
0.405,4.53107e-11,6.08395e-11
0.41,5.2524e-11,7.0532e-11
0.415,6.08808e-11,8.17627e-11
0.42,7.05611e-11,9.47743e-11
0.425,8.1773e-11,1.09847e-10
0.43,9.47571e-11,1.27306e-10
0.435,1.09791e-10,1.47526e-10
0.44,1.27196e-10,1.70939e-10
0.445,1.47341e-10,1.98045e-10
0.45,1.70654e-10,2.29423e-10
0.455,1.97628e-10,2.65737e-10
0.46,2.2883e-10,3.07757e-10
0.465,2.64916e-10,3.56369e-10
0.47,3.06637e-10,4.12592e-10
0.475,3.54861e-10,4.77605e-10
0.48,4.10586e-10,5.5276e-10
0.485,4.74959e-10,6.39615e-10
0.49,5.49294e-10,7.39961e-10
0.495,6.35105e-10,8.55855e-10
0.5,7.34123e-10,9.89662e-10
0.505,8.48335e-10,1.14409e-09
0.51,9.80012e-10,1.32225e-09
0.515,1.13175e-09,1.52769e-09
0.52,1.30653e-09,1.7645e-09
0.525,1.50772e-09,2.03732e-09
0.53,1.7392e-09,2.35146e-09
0.535,2.00535e-09,2.71299e-09
0.54,2.31116e-09,3.12881e-09
0.545,2.66229e-09,3.60676e-09
0.55,3.06517e-09,4.15577e-09
0.555,3.52704e-09,4.78594e-09
0.56,4.0561e-09,5.50873e-09
0.565,4.66156e-09,6.33709e-09
0.57,5.35381e-09,7.28562e-09
0.575,6.14448e-09,8.37077e-09
0.58,7.04657e-09,9.61104e-09
0.585,8.07462e-09,1.10272e-08
0.59,9.24481e-09,1.26423e-08
0.595,1.05751e-08,1.44825e-08
0.6,1.20853e-08,1.65764e-08
0.605,1.37974e-08,1.89562e-08
0.61,1.57354e-08,2.16574e-08
0.615,1.79258e-08,2.4719e-08
0.62,2.03973e-08,2.81843e-08
0.625,2.31812e-08,3.21007e-08
0.63,2.63114e-08,3.65198e-08
0.635,2.98243e-08,4.14981e-08
0.64,3.37591e-08,4.70969e-08
0.645,3.81574e-08,5.33826e-08
0.65,4.30635e-08,6.04266e-08
0.655,4.8524e-08,6.83057e-08
0.66,5.45878e-08,7.71019e-08
0.665,6.1306e-08,8.69025e-08
0.67,6.87312e-08,9.78e-08
0.675,7.69177e-08,1.09892e-07
0.68,8.59208e-08,1.23281e-07
0.685,9.57962e-08,1.38075e-07
0.69,1.066e-07,1.54385e-07
0.695,1.18387e-07,1.72326e-07
0.7,1.31214e-07,1.92017e-07
0.705,1.44986e-07,2.13368e-07
0.71,1.59871e-07,2.36669e-07
0.715,1.75912e-07,2.6204e-07
0.72,1.9315e-07,2.89603e-07
0.725,2.11623e-07,3.19478e-07
0.73,2.31361e-07,3.51786e-07
0.735,2.52391e-07,3.86646e-07
0.74,2.74734e-07,4.24176e-07
0.745,2.98405e-07,4.64492e-07
0.75,3.23413e-07,5.07705e-07
0.755,3.49759e-07,5.53925e-07
0.76,3.77441e-07,6.03257e-07
0.765,4.06446e-07,6.558e-07
0.77,4.36759e-07,7.11652e-07
0.775,4.68356e-07,7.70903e-07
0.78,5.01208e-07,8.33639e-07
0.785,5.35283e-07,8.99941e-07
0.79,5.7054e-07,9.69883e-07
0.795,6.06937e-07,1.04354e-06
0.8,6.44426e-07,1.12096e-06
0.805,6.82958e-07,1.20222e-06
0.81,7.22477e-07,1.28736e-06
0.815,7.6293e-07,1.37644e-06
0.82,8.0426e-07,1.46949e-06
0.825,8.46409e-07,1.56655e-06
0.83,8.89318e-07,1.66766e-06
0.835,9.3293e-07,1.77284e-06
0.84,9.77187e-07,1.88212e-06
0.845,1.02203e-06,1.99551e-06
0.85,1.06741e-06,2.11305e-06
0.855,1.11327e-06,2.23472e-06
0.86,1.15956e-06,2.36056e-06
0.865,1.20623e-06,2.49055e-06
0.87,1.25323e-06,2.62472e-06
0.875,1.30051e-06,2.76305e-06
0.88,1.34804e-06,2.90555e-06
0.885,1.39578e-06,3.05221e-06
0.89,1.44369e-06,3.20303e-06
0.895,1.49173e-06,3.358e-06
0.9,1.53988e-06,3.51712e-06
0.905,1.5881e-06,3.68037e-06
0.91,1.63636e-06,3.84774e-06
0.915,1.68466e-06,4.01923e-06
0.92,1.73295e-06,4.19482e-06
0.925,1.78122e-06,4.37449e-06
0.93,1.82946e-06,4.55823e-06
0.935,1.87764e-06,4.74603e-06
0.94,1.92576e-06,4.93787e-06
0.945,1.97379e-06,5.13374e-06
0.95,2.02174e-06,5.33362e-06
0.955,2.06959e-06,5.5375e-06
0.96,2.11732e-06,5.74536e-06
0.965,2.16494e-06,5.95717e-06
0.97,2.21244e-06,6.17294e-06
0.975,2.25981e-06,6.39264e-06
0.98,2.30705e-06,6.61625e-06
0.985,2.35416e-06,6.84375e-06
0.99,2.40112e-06,7.07514e-06
0.995,2.44795e-06,7.3104e-06
1,2.49463e-06,7.5495e-06
1.005,2.54118e-06,7.79244e-06
1.01,2.58758e-06,8.03919e-06
1.015,2.63383e-06,8.28975e-06
1.02,2.67995e-06,8.5441e-06
1.025,2.72592e-06,8.80222e-06
1.03,2.77175e-06,9.06409e-06
1.035,2.81744e-06,9.32971e-06
1.04,2.86299e-06,9.59905e-06
1.045,2.9084e-06,9.87211e-06
1.05,2.95368e-06,1.01489e-05
1.055,2.99882e-06,1.04293e-05
1.06,3.04383e-06,1.07134e-05
1.065,3.0887e-06,1.10012e-05
1.07,3.13345e-06,1.12926e-05
1.075,3.17807e-06,1.15876e-05
1.08,3.22256e-06,1.18863e-05
1.085,3.26693e-06,1.21886e-05
1.09,3.31118e-06,1.24944e-05
1.095,3.35531e-06,1.28039e-05
1.1,3.39931e-06,1.31169e-05
1.105,3.4432e-06,1.34334e-05
1.11,3.48698e-06,1.37535e-05
1.115,3.53064e-06,1.40772e-05
1.12,3.57419e-06,1.44043e-05
1.125,3.61763e-06,1.4735e-05
1.13,3.66097e-06,1.50691e-05
1.135,3.70419e-06,1.54067e-05
1.14,3.74731e-06,1.57479e-05
1.145,3.79033e-06,1.60924e-05
1.15,3.83324e-06,1.64404e-05
1.155,3.87606e-06,1.67919e-05
1.16,3.91877e-06,1.71468e-05
1.165,3.96139e-06,1.75051e-05
1.17,4.00391e-06,1.78668e-05
1.175,4.04633e-06,1.82319e-05
1.18,4.08866e-06,1.86004e-05
1.185,4.1309e-06,1.89723e-05
1.19,4.17304e-06,1.93475e-05
1.195,4.2151e-06,1.97261e-05
1.2,4.25706e-06,2.01081e-05
1.205,4.29893e-06,2.04934e-05
1.21,4.34072e-06,2.0882e-05
1.215,4.38242e-06,2.12739e-05
1.22,4.42403e-06,2.16691e-05
1.225,4.46555e-06,2.20676e-05
1.23,4.50699e-06,2.24695e-05
1.235,4.54835e-06,2.28745e-05
1.24,4.58962e-06,2.32829e-05
1.245,4.63082e-06,2.36945e-05
1.25,4.67192e-06,2.41094e-05
1.255,4.71295e-06,2.45275e-05
1.26,4.7539e-06,2.49489e-05
1.265,4.79477e-06,2.53734e-05
1.27,4.83555e-06,2.58012e-05
1.275,4.87626e-06,2.62322e-05
1.28,4.91689e-06,2.66664e-05
1.285,4.95744e-06,2.71038e-05
1.29,4.99792e-06,2.75443e-05
1.295,5.03832e-06,2.7988e-05
1.3,5.07864e-06,2.84349e-05
1.305,5.11889e-06,2.88849e-05
1.31,5.15906e-06,2.93381e-05
1.315,5.19915e-06,2.97944e-05
1.32,5.23917e-06,3.02539e-05
1.325,5.27912e-06,3.07164e-05
1.33,5.31899e-06,3.11821e-05
1.335,5.35879e-06,3.16508e-05
1.34,5.39852e-06,3.21227e-05
1.345,5.43817e-06,3.25976e-05
1.35,5.47775e-06,3.30757e-05
1.355,5.51726e-06,3.35567e-05
1.36,5.55669e-06,3.40409e-05
1.365,5.59606e-06,3.45281e-05
1.37,5.63535e-06,3.50183e-05
1.375,5.67458e-06,3.55116e-05
1.38,5.71373e-06,3.60079e-05
1.385,5.75281e-06,3.65072e-05
1.39,5.79182e-06,3.70095e-05
1.395,5.83076e-06,3.75148e-05
1.4,5.86964e-06,3.80232e-05
1.405,5.90844e-06,3.85345e-05
1.41,5.94717e-06,3.90488e-05
1.415,5.98584e-06,3.9566e-05
1.42,6.02444e-06,4.00862e-05
1.425,6.06297e-06,4.06094e-05
1.43,6.10143e-06,4.11355e-05
1.435,6.13982e-06,4.16646e-05
1.44,6.17814e-06,4.21966e-05
1.445,6.2164e-06,4.27315e-05
1.45,6.25459e-06,4.32693e-05
1.455,6.29272e-06,4.38101e-05
1.46,6.33077e-06,4.43537e-05
1.465,6.36876e-06,4.49003e-05
1.47,6.40669e-06,4.54497e-05
1.475,6.44455e-06,4.6002e-05
1.48,6.48234e-06,4.65572e-05
1.485,6.52006e-06,4.71152e-05
1.49,6.55773e-06,4.76761e-05
1.495,6.59532e-06,4.82398e-05
1.5,6.63285e-06,4.88064e-05
1.505,6.67032e-06,4.93758e-05
1.51,6.70772e-06,4.99481e-05
1.515,6.74505e-06,5.05231e-05
1.52,6.78233e-06,5.1101e-05
1.525,6.81953e-06,5.16817e-05
1.53,6.85668e-06,5.22652e-05
1.535,6.89376e-06,5.28514e-05
1.54,6.93077e-06,5.34405e-05
1.545,6.96772e-06,5.40323e-05
1.55,7.00461e-06,5.46269e-05
1.555,7.04144e-06,5.52243e-05
1.56,7.0782e-06,5.58244e-05
1.565,7.1149e-06,5.64272e-05
1.57,7.15154e-06,5.70328e-05
1.575,7.18811e-06,5.76412e-05
1.58,7.22463e-06,5.82522e-05
1.585,7.26108e-06,5.8866e-05
1.59,7.29747e-06,5.94825e-05
1.595,7.33379e-06,6.01017e-05
1.6,7.37006e-06,6.07236e-05
1.605,7.40626e-06,6.13482e-05
1.61,7.4424e-06,6.19755e-05
1.615,7.47848e-06,6.26054e-05
1.62,7.5145e-06,6.32381e-05
1.625,7.55046e-06,6.38733e-05
1.63,7.58636e-06,6.45113e-05
1.635,7.6222e-06,6.51519e-05
1.64,7.65798e-06,6.57951e-05
1.645,7.69369e-06,6.6441e-05
1.65,7.72935e-06,6.70895e-05
1.655,7.76495e-06,6.77407e-05
1.66,7.80049e-06,6.83944e-05
1.665,7.83596e-06,6.90508e-05
1.67,7.87138e-06,6.97098e-05
1.675,7.90674e-06,7.03713e-05
1.68,7.94204e-06,7.10355e-05
1.685,7.97728e-06,7.17023e-05
1.69,8.01246e-06,7.23716e-05
1.695,8.04759e-06,7.30435e-05
1.7,8.08265e-06,7.3718e-05
1.705,8.11766e-06,7.4395e-05
1.71,8.15261e-06,7.50746e-05
1.715,8.1875e-06,7.57567e-05
1.72,8.22233e-06,7.64414e-05
1.725,8.2571e-06,7.71286e-05
1.73,8.29182e-06,7.78183e-05
1.735,8.32648e-06,7.85105e-05
1.74,8.36108e-06,7.92053e-05
1.745,8.39562e-06,7.99026e-05
1.75,8.43011e-06,8.06024e-05
1.755,8.46454e-06,8.13046e-05
1.76,8.49892e-06,8.20094e-05
1.765,8.53323e-06,8.27166e-05
1.77,8.56749e-06,8.34264e-05
1.775,8.6017e-06,8.41386e-05
1.78,8.63584e-06,8.48532e-05
1.785,8.66993e-06,8.55704e-05
1.79,8.70397e-06,8.62899e-05
1.795,8.73795e-06,8.7012e-05
1.8,8.77187e-06,8.77364e-05
1.805,8.80574e-06,8.84634e-05
1.81,8.83956e-06,8.91927e-05
1.815,8.87331e-06,8.99244e-05
1.82,8.90702e-06,9.06586e-05
1.825,8.94066e-06,9.13952e-05
1.83,8.97426e-06,9.21342e-05
1.835,9.00779e-06,9.28756e-05
1.84,9.04128e-06,9.36194e-05
1.845,9.0747e-06,9.43656e-05
1.85,9.10808e-06,9.51141e-05
1.855,9.1414e-06,9.58651e-05
1.86,9.17466e-06,9.66184e-05
1.865,9.20788e-06,9.73741e-05
1.87,9.24103e-06,9.81321e-05
1.875,9.27414e-06,9.88925e-05
1.88,9.30719e-06,9.96552e-05
1.885,9.34019e-06,0.00010042
1.89,9.37313e-06,0.000101188
1.895,9.40602e-06,0.000101957
1.9,9.43886e-06,0.00010273
1.905,9.47165e-06,0.000103504
1.91,9.50438e-06,0.000104281
1.915,9.53706e-06,0.00010506
1.92,9.56968e-06,0.000105841
1.925,9.60226e-06,0.000106625
1.93,9.63478e-06,0.00010741
1.935,9.66725e-06,0.000108199
1.94,9.69967e-06,0.000108989
1.945,9.73204e-06,0.000109782
1.95,9.76435e-06,0.000110577
1.955,9.79661e-06,0.000111374
1.96,9.82882e-06,0.000112174
1.965,9.86098e-06,0.000112976
1.97,9.89309e-06,0.00011378
1.975,9.92515e-06,0.000114586
1.98,9.95716e-06,0.000115394
1.985,9.98911e-06,0.000116205
1.99,1.0021e-05,0.000117018
1.995,1.00529e-05,0.000117833
2,1.00847e-05,0.000118651
2.005,1.01164e-05,0.00011947
2.01,1.01481e-05,0.000120292
2.015,1.01798e-05,0.000121116
2.02,1.02114e-05,0.000121943
2.025,1.02429e-05,0.000122771
2.03,1.02744e-05,0.000123602
2.035,1.03059e-05,0.000124434
2.04,1.03373e-05,0.000125269
2.045,1.03686e-05,0.000126106
2.05,1.04e-05,0.000126946
2.055,1.04312e-05,0.000127787
2.06,1.04624e-05,0.000128631
2.065,1.04936e-05,0.000129477
2.07,1.05247e-05,0.000130325
2.075,1.05557e-05,0.000131175
2.08,1.05867e-05,0.000132027
2.085,1.06177e-05,0.000132881
2.09,1.06486e-05,0.000133738
2.095,1.06795e-05,0.000134596
2.1,1.07103e-05,0.000135457
2.105,1.07411e-05,0.00013632
2.11,1.07718e-05,0.000137184
2.115,1.08025e-05,0.000138051
2.12,1.08331e-05,0.00013892
2.125,1.08637e-05,0.000139792
2.13,1.08942e-05,0.000140665
2.135,1.09247e-05,0.00014154
2.14,1.09551e-05,0.000142418
2.145,1.09855e-05,0.000143297
2.15,1.10158e-05,0.000144179
2.155,1.10461e-05,0.000145062
2.16,1.10764e-05,0.000145948
2.165,1.11066e-05,0.000146836
2.17,1.11367e-05,0.000147725
2.175,1.11668e-05,0.000148617
2.18,1.11969e-05,0.000149511
2.185,1.12269e-05,0.000150407
2.19,1.12569e-05,0.000151305
2.195,1.12868e-05,0.000152205
2.2,1.13167e-05,0.000153107
2.205,1.13465e-05,0.00015401
2.21,1.13763e-05,0.000154916
2.215,1.1406e-05,0.000155824
2.22,1.14357e-05,0.000156734
2.225,1.14654e-05,0.000157646
2.23,1.1495e-05,0.00015856
2.235,1.15245e-05,0.000159476
2.24,1.1554e-05,0.000160394
2.245,1.15835e-05,0.000161314
2.25,1.16129e-05,0.000162236
2.255,1.16423e-05,0.00016316
2.26,1.16716e-05,0.000164085
2.265,1.17009e-05,0.000165013
2.27,1.17302e-05,0.000165943
2.275,1.17594e-05,0.000166874
2.28,1.17885e-05,0.000167808
2.285,1.18176e-05,0.000168744
2.29,1.18467e-05,0.000169681
2.295,1.18757e-05,0.00017062
2.3,1.19047e-05,0.000171562
2.305,1.19336e-05,0.000172505
2.31,1.19625e-05,0.00017345
2.315,1.19914e-05,0.000174397
2.32,1.20202e-05,0.000175346
2.325,1.20489e-05,0.000176297
2.33,1.20776e-05,0.00017725
2.335,1.21063e-05,0.000178205
2.34,1.21349e-05,0.000179161
2.345,1.21635e-05,0.00018012
2.35,1.21921e-05,0.00018108
2.355,1.22206e-05,0.000182042
2.36,1.2249e-05,0.000183006
2.365,1.22774e-05,0.000183972
2.37,1.23058e-05,0.00018494
2.375,1.23341e-05,0.00018591
2.38,1.23624e-05,0.000186882
2.385,1.23907e-05,0.000187855
2.39,1.24189e-05,0.00018883
2.395,1.2447e-05,0.000189807
2.4,1.24751e-05,0.000190786
2.405,1.25032e-05,0.000191767
2.41,1.25312e-05,0.00019275
2.415,1.25592e-05,0.000193734
2.42,1.25872e-05,0.000194721
2.425,1.26151e-05,0.000195709
2.43,1.2643e-05,0.000196699
2.435,1.26708e-05,0.000197691
2.44,1.26986e-05,0.000198684
2.445,1.27263e-05,0.000199679
2.45,1.2754e-05,0.000200677
2.455,1.27817e-05,0.000201676
2.46,1.28093e-05,0.000202676
2.465,1.28369e-05,0.000203679
2.47,1.28644e-05,0.000204683
2.475,1.28919e-05,0.000205689
2.48,1.29194e-05,0.000206697
2.485,1.29468e-05,0.000207707
2.49,1.29742e-05,0.000208718
2.495,1.30015e-05,0.000209732
2.5,1.30288e-05,0.000210747
2.505,1.30561e-05,0.000211763
2.51,1.30833e-05,0.000212782
2.515,1.31105e-05,0.000213802
2.52,1.31376e-05,0.000214824
2.525,1.31647e-05,0.000215848
2.53,1.31918e-05,0.000216873
2.535,1.32188e-05,0.0002179
2.54,1.32458e-05,0.000218929
2.545,1.32727e-05,0.00021996
2.55,1.32996e-05,0.000220992
2.555,1.33264e-05,0.000222027
2.56,1.33533e-05,0.000223062
2.565,1.33801e-05,0.0002241
2.57,1.34068e-05,0.000225139
2.575,1.34335e-05,0.00022618
2.58,1.34602e-05,0.000227223
2.585,1.34868e-05,0.000228267
2.59,1.35134e-05,0.000229313
2.595,1.35399e-05,0.000230361
2.6,1.35664e-05,0.00023141
2.605,1.35929e-05,0.000232461
2.61,1.36193e-05,0.000233514
2.615,1.36457e-05,0.000234569
2.62,1.36721e-05,0.000235625
2.625,1.36984e-05,0.000236683
2.63,1.37247e-05,0.000237742
2.635,1.37509e-05,0.000238803
2.64,1.37772e-05,0.000239866
2.645,1.38033e-05,0.00024093
2.65,1.38295e-05,0.000241996
2.655,1.38555e-05,0.000243064
2.66,1.38816e-05,0.000244134
2.665,1.39076e-05,0.000245205
2.67,1.39336e-05,0.000246277
2.675,1.39595e-05,0.000247351
2.68,1.39854e-05,0.000248427
2.685,1.40113e-05,0.000249505
2.69,1.40372e-05,0.000250584
2.695,1.40629e-05,0.000251665
2.7,1.40887e-05,0.000252747
2.705,1.41144e-05,0.000253831
2.71,1.41401e-05,0.000254917
2.715,1.41658e-05,0.000256004
2.72,1.41914e-05,0.000257093
2.725,1.42169e-05,0.000258183
2.73,1.42425e-05,0.000259275
2.735,1.4268e-05,0.000260369
2.74,1.42935e-05,0.000261464
2.745,1.43189e-05,0.000262561
2.75,1.43443e-05,0.000263659
2.755,1.43696e-05,0.000264759
2.76,1.4395e-05,0.000265861
2.765,1.44202e-05,0.000266964
2.77,1.44455e-05,0.000268068
2.775,1.44707e-05,0.000269175
2.78,1.44959e-05,0.000270282
2.785,1.4521e-05,0.000271392
2.79,1.45461e-05,0.000272503
2.795,1.45712e-05,0.000273615
2.8,1.45963e-05,0.000274729
2.805,1.46213e-05,0.000275845
2.81,1.46462e-05,0.000276962
2.815,1.46712e-05,0.00027808
2.82,1.46961e-05,0.000279201
2.825,1.47209e-05,0.000280322
2.83,1.47457e-05,0.000281445
2.835,1.47705e-05,0.00028257
2.84,1.47953e-05,0.000283696
2.845,1.482e-05,0.000284824
2.85,1.48447e-05,0.000285953
2.855,1.48694e-05,0.000287084
2.86,1.4894e-05,0.000288217
2.865,1.49186e-05,0.00028935
2.87,1.49431e-05,0.000290486
2.875,1.49676e-05,0.000291623
2.88,1.49921e-05,0.000292761
2.885,1.50166e-05,0.000293901
2.89,1.5041e-05,0.000295042
2.895,1.50654e-05,0.000296185
2.9,1.50897e-05,0.000297329
2.905,1.5114e-05,0.000298475
2.91,1.51383e-05,0.000299622
2.915,1.51626e-05,0.000300771
2.92,1.51868e-05,0.000301921
2.925,1.52109e-05,0.000303073
2.93,1.52351e-05,0.000304226
2.935,1.52592e-05,0.00030538
2.94,1.52833e-05,0.000306536
2.945,1.53073e-05,0.000307694
2.95,1.53313e-05,0.000308853
2.955,1.53553e-05,0.000310013
2.96,1.53793e-05,0.000311175
2.965,1.54032e-05,0.000312338
2.97,1.54271e-05,0.000313503
2.975,1.54509e-05,0.000314669
2.98,1.54747e-05,0.000315837
2.985,1.54985e-05,0.000317006
2.99,1.55222e-05,0.000318176
2.995,1.5546e-05,0.000319348
3,1.55696e-05,0.000320522
