t_s,i_line_a,v_line_v
0.066668,0.246547,0.0853033
0.066678,0.251114,0.725076
0.066688,0.262075,1.36484
0.066698,0.279426,2.00458
0.066708,0.303163,2.6443
0.066718,0.333284,3.28397
0.066728,0.369784,3.9236
0.066738,0.412659,4.56318
0.066748,0.461907,5.20269
0.066758,0.517523,5.84213
0.066768,-0.207061,6.48148
0.066778,-0.138327,7.12074
0.066788,-0.0632382,7.7599
0.066798,0.0182024,8.39895
0.066808,0.10599,9.03788
0.066818,0.200121,9.67668
0.066828,0.300589,10.3153
0.066838,0.407392,10.9539
0.066848,0.520523,11.5922
0.066858,0.639979,12.2304
0.066868,0.765753,12.8684
0.066878,0.111785,13.5063
0.066888,0.250577,14.1439
0.066898,0.395672,14.7814
0.066908,0.547066,15.4186
0.066918,0.704754,16.0556
0.066928,0.86873,16.6924
0.066938,0.253175,17.329
0.066948,0.430103,17.9653
0.066958,0.613302,18.6013
0.066968,0.802767,19.2371
0.066978,0.998491,19.8726
0.066988,0.414983,20.5079
0.066998,0.623601,21.1428
0.067008,0.838461,21.7774
0.067018,1.05956,22.4118
0.067028,0.501531,23.0458
0.067038,0.735471,23.6795
0.067048,0.975626,24.3128
0.067058,1.22199,24.9458
0.067068,0.68955,25.5785
0.067078,0.948706,26.2107
0.067088,1.21405,26.8427
0.067098,0.700586,27.4742
0.067108,0.978682,28.1053
0.067118,1.26295,28.7361
0.067128,0.768528,29.3664
0.067138,1.0655,29.9963
0.067148,1.36861,30.6258
0.067158,0.893247,31.2548
0.067168,1.20903,31.8835
0.067178,1.53093,32.5116
0.067188,1.07454,33.1393
0.067198,1.40906,33.7665
0.067208,0.965237,34.3933
0.067218,1.31234,35.0195
0.067228,0.881045,35.6453
0.067238,1.2407,36.2705
0.067248,1.60643,36.8953
0.067258,1.19408,37.5195
0.067268,1.5723,38.1431
0.067278,1.17247,38.7663
0.067288,1.56317,39.3889
0.067298,1.17581,40.0109
0.067308,1.57894,40.6323
0.067318,1.20409,41.2532
0.067328,1.61962,41.8735
0.067338,1.25725,42.4932
0.067348,1.68514,43.1123
0.067358,1.33521,43.7308
0.067368,1.77542,44.3486
0.067378,1.43796,44.9658
0.067388,1.89046,45.5824
0.067398,1.56543,46.1984
0.067408,2.03019,46.8137
0.067418,1.71754,47.4283
0.067428,1.41097,48.0422
0.067438,1.89422,48.6555
0.067448,1.60004,49.268
0.067458,2.09545,49.8799
0.067468,1.81356,50.4911
0.067478,1.53775,51.1015
0.067488,2.05151,51.7112
0.067498,1.788,52.3202
0.067508,2.3138,52.9285
0.067518,1.2796,53.5359
0.067528,1.8178,54.1427
0.067538,2.36179,54.7486
0.067548,1.34602,55.3538
0.067558,1.90235,55.9582
0.067568,1.68151,56.5618
0.067578,2.24973,57.1646
0.067588,1.25822,57.7666
0.067598,1.83869,58.3677
0.067608,2.42487,58.968
0.067618,1.45168,59.5675
0.067628,2.05004,60.1662
0.067638,1.87146,60.764
0.067648,2.48156,61.3609
0.067658,1.53257,61.9569
0.067668,2.15476,62.5521
0.067678,2.00012,63.1464
0.067688,1.85181,63.7398
0.067698,2.49164,64.3323
0.067708,1.57259,64.9238
0.067718,2.2244,65.5145
0.067728,2.09951,66.1042
0.067738,1.98088,66.693
0.067748,2.65015,67.2808
0.067758,2.54302,67.8677
0.067768,1.65972,68.4536
0.067778,2.34673,69.0385
0.067788,2.25721,69.6224
0.067798,2.17387,70.2054
0.067808,2.87812,70.7874
0.067818,2.80619,71.3683
0.067828,1.95831,71.9483
0.067838,2.68007,72.5272
0.067848,1.84383,73.1051
0.067858,2.5772,73.6819
0.067868,1.75255,74.2577
0.067878,2.49748,74.8325
0.067888,2.4661,75.4061
0.067898,2.44078,75.9788
0.067908,3.20255,76.5503
0.067918,2.407,77.1207
0.067928,3.18019,77.6901
0.067938,2.39617,78.2583
0.067948,3.18072,78.8255
0.067958,2.40817,79.3915
0.067968,3.20403,79.9564
0.067978,3.22405,80.5201
0.067988,3.24972,81.0827
0.067998,3.28103,81.6442
0.068008,2.53688,82.2044
0.068018,3.36076,82.7636
0.068028,2.62787,83.3215
0.068038,3.46286,83.8783
0.068048,2.74117,84.4338
0.068058,2.80608,84.9882
0.068068,2.8768,85.5414
0.068078,2.95276,86.0933
0.068088,3.0345,86.644
0.068098,2.34048,87.1935
0.068108,3.21428,87.7418
0.068118,2.53139,88.2888
0.068128,3.41602,88.8345
0.068138,2.74419,89.379
0.068148,3.6396,89.9222
0.068158,2.97876,90.4642
0.068168,3.10406,91.0048
0.068178,3.23499,91.5442
0.068188,2.59026,92.0823
0.068198,3.51273,92.619
0.068208,2.87897,93.1544
0.068218,3.81201,93.6885
0.068228,3.18902,94.2213
0.068238,2.57127,94.7528
0.068248,3.52041,95.2829
0.068258,2.91332,95.8116
0.068268,3.87286,96.339
0.068278,3.27652,96.865
0.068288,2.68532,97.3896
0.068298,3.66072,97.9129
0.068308,3.08017,98.4347
0.068318,4.06581,98.9552
0.068328,3.49569,99.4742
0.068338,2.93063,99.9919
0.068348,3.93188,100.508
0.068358,3.37743,101.023
0.068368,2.82798,101.536
0.068378,3.8447,102.048
0.068388,3.30562,102.559
0.068398,3.55194,103.068
0.068408,3.80352,103.575
0.068418,3.27965,104.081
0.068428,3.54123,104.586
0.068438,3.808,105.089
0.068448,3.29933,105.59
0.068458,3.576,106.091
0.068468,3.85781,106.589
0.068478,3.36417,107.086
0.068488,3.65577,107.582
0.068498,3.95247,108.076
0.068508,3.47369,108.568
0.068518,3.78006,109.059
0.068528,4.09147,109.549
0.068538,3.62753,110.037
0.068548,3.1684,110.523
0.068558,4.27462,111.007
0.068568,3.82521,111.491
0.068578,3.38055,111.972
0.068588,4.50112,112.452
0.068598,4.06621,112.93
0.068608,3.63599,113.407
0.068618,3.99066,113.882
0.068628,4.35018,114.356
0.068638,3.93423,114.828
0.068648,3.52291,115.298
0.068658,4.67659,115.767
0.068668,4.27475,116.234
0.068678,3.8776,116.699
0.068688,3.485,117.163
0.068698,4.65731,117.625
0.068708,4.27404,118.085
0.068718,3.89525,118.544
0.068728,3.52106,119.001
0.068738,4.71168,119.456
0.068748,4.34667,119.909
0.068758,3.98606,120.361
0.068768,3.62998,120.812
0.068778,4.83861,121.26
0.068788,4.49154,121.707
0.068798,4.14893,122.152
0.068808,3.81062,122.595
0.068818,4.2569,123.036
0.068828,4.70764,123.476
0.068838,4.38257,123.914
0.068848,4.06186,124.351
0.068858,3.7455,124.785
0.068868,4.9937,125.218
0.068878,4.68599,125.649
0.068888,4.38255,126.078
0.068898,4.08338,126.505
0.068908,4.56849,126.931
0.068918,5.05788,127.354
0.068928,4.77139,127.776
0.068938,4.48908,128.197
0.068948,4.21092,128.615
0.068958,3.93689,129.031
0.068968,5.22734,129.446
0.068978,4.96156,129.859
0.068988,4.69984,130.27
0.068998,4.44217,130.679
0.069008,4.18853,131.086
0.069018,4.71916,131.491
0.069028,5.25386,131.895
0.069038,5.01235,132.297
0.069048,4.77477,132.696
0.069058,4.54112,133.094
0.069068,4.31136,133.49
0.069078,4.86582,133.884
0.069088,4.64396,134.277
0.069098,5.20636,134.667
0.069108,4.9923,135.055
0.069118,4.78204,135.442
0.069128,4.57555,135.826
0.069138,4.37281,136.209
0.069148,4.95424,136.589
0.069158,4.75909,136.968
0.069168,5.34816,137.345
0.069178,5.16052,137.72
0.069188,4.97651,138.093
0.069198,4.79613,138.463
0.069208,4.61947,138.832
0.069218,4.44639,139.199
0.069228,5.05745,139.564
0.069238,4.89161,139.927
0.069248,5.50996,140.288
0.069258,5.35128,140.647
0.069268,5.19606,141.004
0.069278,5.04441,141.359
0.069288,4.89618,141.712
0.069298,4.75149,142.063
0.069308,4.61017,142.412
0.069318,4.47233,142.759
0.069328,5.11863,143.104
0.069338,4.9876,143.447
0.069348,5.64075,143.788
0.069358,5.51644,144.127
0.069368,5.3955,144.463
0.069378,5.27777,144.798
0.069388,5.16338,145.131
0.069398,5.05216,145.461
0.069408,4.94422,145.79
0.069418,4.83941,146.116
0.069428,4.73783,146.441
0.069438,4.63947,146.763
0.069448,5.32526,147.083
0.069458,5.23316,147.401
0.069468,5.1442,147.717
0.069478,5.83947,148.031
0.069488,5.75664,148.343
0.069498,5.67689,148.652
0.069508,5.60019,148.96
0.069518,5.52639,149.266
0.069528,5.4556,149.569
0.069538,5.38779,149.87
0.069548,5.32281,150.169
0.069558,5.26077,150.466
0.069568,5.20164,150.761
0.069578,5.1454,151.054
0.069588,5.0919,151.344
0.069598,5.04123,151.633
0.069608,4.99339,151.919
0.069618,4.94835,152.203
0.069628,4.90608,152.485
0.069638,4.86657,152.764
0.069648,5.61138,153.042
0.069658,5.5772,153.317
0.069668,5.5457,153.591
0.069678,5.51686,153.862
0.069688,5.49065,154.13
0.069698,5.46706,154.397
0.069708,5.44606,154.661
0.069718,5.42762,154.924
0.069728,6.19365,155.184
0.069738,6.18017,155.442
0.069748,6.16919,155.697
0.069758,6.16067,155.951
0.069768,6.15459,156.202
0.069778,6.15093,156.451
0.069788,6.14967,156.698
0.069798,6.15078,156.942
0.069808,6.15424,157.184
0.069818,6.16003,157.425
0.069828,6.16812,157.662
0.069838,6.17849,157.898
0.069848,6.19111,158.131
0.069858,6.20596,158.362
0.069868,6.22302,158.591
0.069878,6.24226,158.818
0.069888,6.26365,159.042
0.069898,6.28718,159.264
0.069908,6.31282,159.484
0.069918,6.34055,159.702
0.069928,6.37033,159.917
0.069938,5.61936,160.13
0.069948,5.65329,160.341
0.069958,5.68922,160.549
0.069968,5.72711,160.755
0.069978,5.76696,160.959
0.069988,5.80872,161.161
0.069998,5.85238,161.36
0.070008,5.8979,161.557
0.070018,5.94527,161.752
0.070028,5.99446,161.944
0.070038,5.26225,162.134
0.070048,5.31511,162.322
0.070058,5.36971,162.508
0.070068,5.42605,162.691
0.070078,5.48408,162.872
0.070088,5.54379,163.05
0.070098,5.60528,163.227
0.070108,5.66841,163.4
0.070118,5.73315,163.572
0.070128,5.79947,163.741
0.070138,5.86734,163.908
0.070148,5.93674,164.073
0.070158,6.00778,164.235
0.070168,6.08031,164.395
0.070178,6.15429,164.553
0.070188,6.22971,164.708
0.070198,5.52259,164.861
0.070208,5.60082,165.012
0.070218,5.68056,165.16
0.070228,5.76164,165.306
0.070238,5.84404,165.449
0.070248,5.92772,165.591
0.070258,5.22832,165.729
0.070268,6.09898,165.866
0.070278,5.40208,166
0.070288,5.49084,166.132
0.070298,5.58076,166.261
0.070308,5.67182,166.388
0.070318,5.76414,166.513
0.070328,5.85755,166.635
0.070338,5.95203,166.755
0.070348,6.04755,166.873
0.070358,6.14423,166.988
0.070368,6.24191,167.101
0.070378,6.34055,167.211
0.070388,6.44028,167.32
0.070398,6.54094,167.425
0.070408,6.6425,167.529
0.070418,5.95979,167.63
0.070428,6.06315,167.728
0.070438,6.16734,167.824
0.070448,5.48708,167.918
0.070458,5.59294,168.01
0.070468,5.69955,168.099
0.070478,5.80703,168.185
0.070488,5.91521,168.27
0.070498,6.02407,168.351
0.070508,5.34793,168.431
0.070518,6.24387,168.508
0.070528,6.3549,168.583
0.070538,5.68064,168.655
0.070548,5.7927,168.725
0.070558,6.69139,168.792
0.070568,6.01881,168.857
0.070578,6.13253,168.92
0.070588,6.24685,168.98
0.070598,6.36161,169.038
0.070608,5.69067,169.094
0.070618,5.80624,169.147
0.070628,6.70866,169.197
0.070638,6.03888,169.246
0.070648,5.36921,169.292
0.070658,6.27278,169.335
0.070668,6.39036,169.376
0.070678,5.72155,169.415
0.070688,5.83946,169.451
0.070698,6.74443,169.485
0.070708,6.07627,169.516
0.070718,5.40804,169.545
0.070728,5.52689,169.572
0.070738,5.64584,169.596
0.070748,5.76486,169.618
0.070758,5.88406,169.637
0.070768,6.00329,169.654
0.070778,6.12251,169.669
0.070788,6.24185,169.681
0.070798,6.36114,169.691
0.070808,6.48036,169.698
0.070818,6.59961,169.703
0.070828,6.71875,169.705
0.070838,6.05032,169.705
0.070848,6.16922,169.703
0.070858,6.28793,169.698
0.070868,6.40663,169.691
0.070878,5.73736,169.682
0.070888,5.85544,169.67
0.070898,5.97344,169.655
0.070908,6.09113,169.638
0.070918,6.20849,169.619
0.070928,5.53761,169.598
0.070938,5.65431,169.574
0.070948,5.77059,169.547
0.070958,5.88659,169.518
0.070968,6.00213,169.487
0.070978,6.11718,169.453
0.070988,6.23187,169.417
0.070998,6.34603,169.379
0.071008,6.45964,169.338
0.071018,6.57281,169.295
0.071028,6.68538,169.249
0.071038,6.00881,169.201
0.071048,6.1202,169.15
0.071058,6.23092,169.097
0.071068,5.5523,169.042
0.071078,5.66169,168.984
0.071088,5.77034,168.924
0.071098,5.87837,168.862
0.071108,5.98561,168.797
0.071118,6.09203,168.729
0.071128,6.19775,168.66
0.071138,6.30262,168.587
0.071148,6.4066,168.513
0.071158,6.50982,168.436
0.071168,6.61211,168.357
0.071178,5.92416,168.275
0.071188,6.02462,168.191
0.071198,6.12407,168.104
0.071208,6.2225,168.016
0.071218,6.32009,167.924
0.071228,6.41648,167.831
0.071238,6.51191,167.735
0.071248,6.60623,167.636
0.071258,5.9097,167.535
0.071268,6.00181,167.432
0.071278,6.09273,167.327
0.071288,6.18244,167.219
0.071298,5.48106,167.108
0.071308,5.56838,166.996
0.071318,5.65442,166.881
0.071328,5.7393,166.763
0.071338,5.82286,166.643
0.071348,5.90508,166.521
0.071358,5.98592,166.397
0.071368,6.06552,166.27
0.071378,6.1437,166.141
0.071388,6.22045,166.009
0.071398,6.29573,165.875
0.071408,6.36968,165.739
0.071418,6.44212,165.6
0.071428,6.51303,165.459
0.071438,6.58239,165.315
0.071448,5.85951,165.17
0.071458,5.92579,165.022
0.071468,5.99046,164.871
0.071478,6.05348,164.718
0.071488,5.32402,164.563
0.071498,5.3838,164.406
0.071508,5.44187,164.246
0.071518,5.49821,164.084
0.071528,5.5528,163.919
0.071538,5.6056,163.753
0.071548,5.65675,163.583
0.071558,5.70609,163.412
0.071568,5.75358,163.238
0.071578,5.79922,163.062
0.071588,5.84296,162.884
0.071598,5.88479,162.703
0.071608,5.92484,162.52
0.071618,5.96294,162.335
0.071628,5.99906,162.147
0.071638,6.0332,161.957
0.071648,6.06531,161.765
0.071658,6.09539,161.57
0.071668,6.1234,161.373
0.071678,6.14948,161.174
0.071688,6.17346,160.973
0.071698,6.19531,160.769
0.071708,6.21503,160.563
0.071718,6.23257,160.355
0.071728,6.24794,160.144
0.071738,6.26109,159.931
0.071748,6.27201,159.716
0.071758,6.28068,159.499
0.071768,6.28707,159.279
0.071778,6.29116,159.057
0.071788,6.29294,158.833
0.071798,6.29237,158.606
0.071808,6.28945,158.378
0.071818,6.28414,158.147
0.071828,6.27642,157.914
0.071838,6.26629,157.678
0.071848,6.2537,157.44
0.071858,6.23865,157.201
0.071868,6.22112,156.958
0.071878,6.20107,156.714
0.071888,6.1785,156.467
0.071898,6.15338,156.219
0.071908,6.1257,155.968
0.071918,6.09542,155.714
0.071928,6.06254,155.459
0.071938,6.02703,155.201
0.071948,5.98887,154.941
0.071958,5.94804,154.679
0.071968,5.90453,154.415
0.071978,5.85832,154.148
0.071988,5.80924,153.88
0.071998,5.7574,153.609
0.072008,5.70279,153.336
0.072018,5.64539,153.06
0.072028,5.58519,152.783
0.072038,5.52215,152.503
0.072048,5.45627,152.222
0.072058,5.38739,151.938
0.072068,5.31561,151.652
0.072078,5.24093,151.363
0.072088,5.16331,151.073
0.072098,5.08276,150.781
0.072108,4.9991,150.486
0.072118,4.91245,150.189
0.072128,4.8228,149.89
0.072138,4.73012,149.589
0.072148,5.42788,149.286
0.072158,5.32899,148.98
0.072168,5.22702,148.673
0.072178,5.91555,148.364
0.072188,5.80726,148.052
0.072198,5.69582,147.738
0.072208,5.58122,147.422
0.072218,5.46331,147.104
0.072228,5.34219,146.784
0.072238,5.21787,146.462
0.072248,5.09017,146.138
0.072258,4.95922,145.812
0.072268,4.82485,145.483
0.072278,4.6872,145.153
0.072288,4.54623,144.82
0.072298,5.19582,144.486
0.072308,5.04808,144.149
0.072318,5.69094,143.81
0.072328,5.53634,143.47
0.072338,5.37835,143.127
0.072348,5.2168,142.782
0.072358,5.05181,142.435
0.072368,4.88323,142.087
0.072378,4.71118,141.736
0.072388,4.5355,141.383
0.072398,5.1504,141.028
0.072408,4.96757,140.671
0.072418,5.57538,140.312
0.072428,5.38533,139.951
0.072438,5.19171,139.589
0.072448,4.99436,139.224
0.072458,4.79325,138.857
0.072468,4.58851,138.488
0.072478,4.37999,138.117
0.072488,4.96204,137.745
0.072498,4.74605,137.37
0.072508,5.3207,136.993
0.072518,5.09719,136.615
0.072528,4.8698,136.234
0.072538,4.63852,135.852
0.072548,4.40334,135.467
0.072558,4.16436,135.081
0.072568,4.71596,134.693
0.072578,5.26368,134.303
0.072588,5.01303,133.911
0.072598,4.75839,133.517
0.072608,4.49974,133.121
0.072618,4.23706,132.723
0.072628,4.76491,132.323
0.072638,5.28879,131.922
0.072648,5.01412,131.518
0.072658,4.73537,131.113
0.072668,4.45251,130.706
0.072678,4.16552,130.297
0.072688,4.66903,129.886
0.072698,5.16846,129.474
0.072708,4.86919,129.059
0.072718,4.56574,128.643
0.072728,4.25809,128.224
0.072738,3.94622,127.804
0.072748,4.42481,127.383
0.072758,4.89922,126.959
0.072768,4.5748,126.534
0.072778,4.24596,126.106
0.072788,3.91284,125.677
0.072798,4.3701,125.247
0.072808,4.82311,124.814
0.072818,4.47719,124.38
0.072828,4.12679,123.943
0.072838,3.77202,123.506
0.072848,4.20757,123.066
0.072858,4.6388,122.624
0.072868,4.27088,122.181
0.072878,3.89853,121.736
0.072888,4.3163,121.29
0.072898,4.72969,120.841
0.072908,4.34401,120.391
0.072918,3.95371,119.94
0.072928,3.55891,119.486
0.072938,4.7489,119.031
0.072948,4.3451,118.574
0.072958,3.93675,118.116
0.072968,3.52372,117.655
0.072978,4.69539,117.194
0.072988,4.27324,116.73
0.072998,3.84649,116.265
0.073008,3.415,115.798
0.073018,4.56811,115.329
0.073028,4.12739,114.859
0.073038,3.68188,114.387
0.073048,4.0262,113.914
0.073058,4.3659,113.439
0.073068,3.90625,112.962
0.073078,3.44175,112.484
0.073088,4.56165,112.004
0.073098,4.08773,111.523
0.073108,3.60892,111.04
0.073118,3.9198,110.555
0.073128,4.22597,110.069
0.073138,3.73274,109.581
0.073148,3.23458,109.092
0.073158,4.32062,108.601
0.073168,3.81285,108.109
0.073178,3.30013,107.615
0.073188,4.37133,107.119
0.073198,3.84879,106.622
0.073208,3.32124,106.124
0.073218,3.58314,105.624
0.073228,3.8402,105.122
0.073238,3.29773,104.619
0.073248,3.54462,104.115
0.073258,3.78663,103.609
0.073268,3.22912,103.101
0.073278,3.46089,102.593
0.073288,3.68775,102.082
0.073298,3.1151,101.57
0.073308,4.12586,101.057
0.073318,3.5431,100.542
0.073328,2.9552,100.026
0.073338,3.95059,99.5088
0.073348,3.35252,98.9898
0.073358,2.74914,98.4695
0.073368,3.72904,97.9477
0.073378,3.11542,97.4245
0.073388,3.29061,96.9
0.073398,3.46077,96.3741
0.073408,2.8315,95.8468
0.073418,3.7851,95.3181
0.073428,3.14549,94.7881
0.073438,2.50049,94.2568
0.073448,3.43833,93.7241
0.073458,2.78278,93.1901
0.073468,3.7098,92.6547
0.073478,3.0438,92.1181
0.073488,3.16613,91.5801
0.073498,3.28332,91.0408
0.073508,2.60123,90.5003
0.073518,3.50141,89.9584
0.073528,2.80863,89.4153
0.073538,2.90414,88.8709
0.073548,2.99447,88.3252
0.073558,2.28545,87.7783
0.073568,3.15854,87.2301
0.073578,2.43874,86.6807
0.073588,3.30077,86.1301
0.073598,2.57014,85.5782
0.073608,3.42107,85.0251
0.073618,2.67959,84.4708
0.073628,2.72593,83.9154
0.073638,2.767,83.3587
0.073648,2.80223,82.8008
0.073658,2.83217,82.2418
0.073668,2.06299,81.6815
0.073678,2.87516,81.1202
0.073688,2.09486,80.5576
0.073698,2.89577,79.994
0.073708,2.10446,79.4292
0.073718,2.89407,78.8632
0.073728,2.09157,78.2962
0.073738,2.86985,77.728
0.073748,2.05614,77.1587
0.073758,2.82305,76.5884
0.073768,1.99809,76.0169
0.073778,2.7536,75.4444
0.073788,1.91737,74.8707
0.073798,2.66145,74.2961
0.073808,1.81377,73.7203
0.073818,2.54639,73.1436
0.073828,1.68738,72.5657
0.073838,2.40851,71.9869
0.073848,2.33078,71.407
0.073858,2.2476,70.8261
0.073868,2.95103,70.2442
0.073878,2.06361,69.6613
0.073888,2.75548,69.0774
0.073898,1.85648,68.4926
0.073908,2.53676,67.9067
0.073918,1.62617,67.3199
0.073928,2.29483,66.7322
0.073938,2.16499,66.1435
0.073948,2.02929,65.5538
0.073958,2.68008,64.9632
0.073968,2.53267,64.3717
0.073978,2.37939,63.7793
0.073988,2.22022,63.186
0.073998,2.05516,62.5918
0.074008,1.88421,61.9966
0.074018,2.49947,61.4007
0.074028,1.5248,60.8038
0.074038,2.12831,60.2061
0.074048,1.93369,59.6075
0.074058,2.52502,59.008
0.074068,1.52688,58.4078
0.074078,2.10641,57.8067
0.074088,1.0962,57.2047
0.074098,1.66391,56.602
0.074108,2.22531,55.9985
0.074118,1.98898,55.3941
0.074128,1.74663,54.789
0.074138,2.28985,54.1831
0.074148,2.03552,53.5764
0.074158,1.77516,52.969
0.074168,1.50875,52.3608
0.074178,2.02779,51.7519
0.074188,1.74931,51.1422
0.074198,1.46477,50.5318
0.074208,1.96554,49.9207
0.074218,1.6689,49.3089
0.074228,1.3662,48.6963
0.074238,1.84865,48.0831
0.074248,1.53383,47.4692
0.074258,2.00392,46.8546
0.074268,1.67696,46.2394
0.074278,1.34384,45.6235
0.074288,1.79557,45.007
0.074298,1.45023,44.3898
0.074308,1.88957,43.772
0.074318,1.53205,43.1535
0.074328,1.16831,42.5345
0.074338,1.58922,41.9148
0.074348,1.21322,41.2946
0.074358,1.62171,40.6737
0.074368,1.23344,40.0523
0.074378,1.62949,39.4303
0.074388,1.22888,38.8078
0.074398,1.61249,38.1847
0.074408,1.19959,37.5611
0.074418,1.57074,36.9369
0.074428,1.14548,36.3122
0.074438,1.50417,35.687
0.074448,1.06647,35.0612
0.074458,1.41268,34.435
0.074468,0.962602,33.8083
0.074478,1.29634,33.1811
0.074488,0.833807,32.5535
0.074498,1.15506,31.9253
0.074508,1.46987,31.2968
0.074518,0.98876,30.6677
0.074528,1.29108,30.0383
0.074538,0.797431,29.4084
0.074548,1.08725,28.7781
0.074558,1.37061,28.1474
0.074568,0.858309,27.5163
0.074578,1.12917,26.8848
0.074588,0.604255,26.2529
0.074598,0.86261,25.6206
0.074608,1.11451,24.988
0.074618,0.570857,24.355
0.074628,0.81025,23.7217
0.074638,1.04319,23.088
0.074648,0.480723,22.454
0.074658,0.70115,21.8197
0.074668,0.915125,21.1851
0.074678,0.333711,20.5502
0.074688,0.535174,19.915
0.074698,0.730185,19.2795
0.074708,0.918743,18.6437
0.074718,0.312259,18.0077
0.074728,0.488309,17.3714
0.074738,0.657908,16.7349
0.074748,0.821058,16.0981
0.074758,0.189377,15.4611
0.074768,0.340024,14.8239
0.074778,0.484224,14.1864
0.074788,0.621979,13.5488
0.074798,0.75329,12.911
0.074808,0.0901045,12.273
0.074818,0.208924,11.6348
0.074828,0.321303,10.9964
0.074838,0.427243,10.3579
0.074848,0.526747,9.71926
0.074858,0.619815,9.08047
0.074868,-0.0812868,8.44155
0.074878,-0.000689447,7.80251
0.074888,0.0734784,7.16335
0.074898,0.141219,6.5241
0.074908,0.202534,5.88475
0.074918,0.257427,5.24532
0.074928,0.3059,4.60582
0.074938,0.347955,3.96624
0.074948,0.383594,3.32662
0.074958,-0.374577,2.68694
0.074968,-0.351366,2.04723
0.074978,-0.334562,1.40749
0.074988,-0.324162,0.767728
0.074998,-0.320163,0.127955
0.075008,0.317445,-0.511819
0.075018,0.308332,-1.15159
0.075028,0.292828,-1.79134
0.075038,0.270936,-2.43106
0.075048,0.24266,-3.07075
0.075058,0.208004,-3.7104
0.075068,0.166971,-4.34999
0.075078,0.119564,-4.98953
0.075088,0.0657882,-5.62899
0.075098,0.00564708,-6.26837
0.075108,-0.0608554,-6.90766
0.075118,-0.133715,-7.54686
0.075128,-0.212928,-8.18594
0.075138,-0.298489,-8.82491
0.075148,-0.390394,-9.46376
0.075158,-0.48864,-10.1025
0.075168,-0.59322,-10.741
0.075178,-0.704132,-11.3795
0.075188,-0.0353102,-12.0177
0.075198,-0.159261,-12.6558
0.075208,-0.289528,-13.2937
0.075218,-0.426105,-13.9314
0.075228,-0.568989,-14.5689
0.075238,-0.718173,-15.2062
0.075248,-0.873652,-15.8433
0.075258,-0.249728,-16.4802
0.075268,-0.418174,-17.1168
0.075278,-0.592899,-17.7532
0.075288,-0.773898,-18.3893
0.075298,-0.961164,-19.0252
0.075308,-0.369256,-19.6608
0.075318,-0.569432,-20.2962
0.075328,-0.775858,-20.9312
0.075338,-0.988526,-21.5659
0.075348,-0.422068,-22.2004
0.075358,-0.647597,-22.8345
0.075368,-0.879352,-23.4683
0.075378,-1.11732,-24.1017
0.075388,-0.576417,-24.7349
0.075398,-0.827199,-25.3676
0.075408,-1.08418,-26
0.075418,-0.562274,-26.6321
0.075428,-0.832023,-27.2637
0.075438,-1.10795,-27.895
0.075448,-0.605121,-28.5259
0.075458,-0.893774,-29.1563
0.075468,-1.18858,-29.7864
0.075478,-0.704766,-30.416
0.075488,-1.01226,-31.0452
0.075498,-1.32588,-31.674
0.075508,-0.861076,-32.3023
0.075518,-1.18734,-32.9301
0.075528,-1.51971,-33.5575
0.075538,-1.07391,-34.1844
0.075548,-1.41888,-34.8108
0.075558,-0.985615,-35.4367
0.075568,-1.34314,-36.0622
0.075578,-0.922444,-36.6871
0.075588,-1.29249,-37.3114
0.075598,-1.66859,-37.9353
0.075608,-1.2668,-38.5586
0.075618,-1.65537,-39.1814
0.075628,-1.26614,-39.8036
0.075638,-1.66715,-40.4252
0.075648,-1.29037,-41.0463
0.075658,-1.70379,-41.6668
0.075668,-1.33948,-42.2867
0.075678,-1.76527,-42.906
0.075688,-1.41341,-43.5247
0.075698,-1.85152,-44.1427
0.075708,-1.51214,-44.7602
0.075718,-1.96255,-45.377
0.075728,-1.6356,-45.9931
0.075738,-1.31474,-46.6086
0.075748,-1.78372,-47.2235
0.075758,-1.47524,-47.8376
0.075768,-1.95641,-48.4511
0.075778,-1.66027,-49.0639
0.075788,-2.1536,-49.676
0.075798,-1.86983,-50.2874
0.075808,-1.59213,-50.8981
0.075818,-2.10382,-51.5081
0.075828,-1.83844,-52.1173
0.075838,-1.5791,-52.7258
0.075848,-2.10906,-53.3335
0.075858,-1.86196,-53.9405
0.075868,-1.62096,-54.5467
0.075878,-2.16908,-55.1522
0.075888,-1.15745,-55.7568
0.075898,-1.71789,-56.3607
0.075908,-2.28409,-56.9637
0.075918,-2.0735,-57.566
0.075928,-1.86893,-58.1674
0.075938,-2.4531,-58.768
0.075948,-2.26064,-59.3678
0.075958,-2.07416,-59.9667
0.075968,-1.89367,-60.5648
0.075978,-2.50177,-61.162
0.075988,-1.55097,-61.7584
0.075998,-2.17116,-62.3538
0.076008,-2.01463,-62.9484
0.076018,-1.86442,-63.5421
0.076028,-2.50227,-64.1349
0.076038,-1.58143,-64.7267
0.076048,-2.23126,-65.3177
0.076058,-2.10449,-65.9077
0.076068,-1.98399,-66.4968
0.076078,-2.6513,-67.0849
0.076088,-2.5423,-67.6721
0.076098,-2.43919,-68.2584
0.076108,-1.55996,-68.8436
0.076118,-2.25092,-69.4279
0.076128,-2.94736,-70.0112
0.076138,-2.08603,-70.5935
0.076148,-2.7942,-71.1748
0.076158,-1.94457,-71.7551
0.076168,-2.66441,-72.3343
0.076178,-2.6081,-72.9126
0.076188,-1.77585,-73.4897
0.076198,-2.51309,-74.0659
0.076208,-2.47411,-74.641
0.076218,-2.4412,-75.215
0.076228,-3.19534,-75.788
0.076238,-2.39229,-76.3599
0.076248,-3.15789,-76.9307
0.076258,-2.3664,-77.5004
0.076268,-3.1434,-78.069
0.076278,-3.14459,-78.6365
0.076288,-2.3702,-79.2029
0.076298,-3.1642,-79.7682
0.076308,-2.40122,-80.3323
0.076318,-3.20648,-80.8953
0.076328,-2.45486,-81.4571
0.076338,-3.27132,-82.0178
0.076348,-2.531,-82.5773
0.076358,-3.35861,-83.1357
0.076368,-2.62967,-83.6928
0.076378,-3.46837,-84.2488
0.076388,-2.7506,-84.8036
0.076398,-2.81932,-85.3571
0.076408,-2.89382,-85.9095
0.076418,-2.97357,-86.4606
0.076428,-3.05907,-87.0105
0.076438,-2.36893,-87.5592
0.076448,-3.24636,-88.1066
0.076458,-2.56732,-88.6528
0.076468,-3.45557,-89.1977
0.076478,-2.78757,-89.7413
0.076488,-3.68657,-90.2837
0.076498,-3.02955,-90.8248
0.076508,-3.15853,-91.3646
0.076518,-3.29313,-91.903
0.076528,-2.65232,-92.4402
0.076538,-3.57833,-92.9761
0.076548,-2.94833,-93.5107
0.076558,-3.88488,-94.0439
0.076568,-3.26563,-94.5758
0.076578,-2.65159,-95.1063
0.076588,-3.60422,-95.6355
0.076598,-3.00097,-96.1633
0.076608,-3.96397,-96.6898
0.076618,-3.37131,-97.2149
0.076628,-2.78377,-97.7386
0.076638,-3.76261,-98.2609
0.076648,-3.18569,-98.7818
0.076658,-3.39434,-99.3014
0.076668,-3.60837,-99.8195
0.076678,-3.04705,-100.336
0.076688,-4.05168,-100.851
0.076698,-3.50081,-101.365
0.076708,-2.95492,-101.878
0.076718,-3.97498,-102.389
0.076728,-3.43944,-102.898
0.076738,-2.90898,-103.406
0.076748,-3.94432,-103.913
0.076758,-3.42409,-104.418
0.076768,-3.68906,-104.921
0.076778,-3.95921,-105.423
0.076788,-3.45414,-105.924
0.076798,-3.73416,-106.423
0.076808,-4.01931,-106.921
0.076818,-3.52923,-107.417
0.076828,-3.82415,-107.911
0.076838,-4.12415,-108.404
0.076848,-3.64889,-108.896
0.076858,-3.17849,-109.386
0.076868,-4.27336,-109.874
0.076878,-3.81276,-110.361
0.076888,-3.35696,-110.846
0.076898,-4.46632,-111.33
0.076908,-4.02035,-111.812
0.076918,-3.57912,-112.292
0.076928,-3.92275,-112.771
0.076938,-4.27128,-113.248
0.076948,-3.84446,-113.724
0.076958,-3.42231,-114.198
0.076968,-4.56507,-114.671
0.076978,-4.15248,-115.141
0.076988,-3.74451,-115.611
0.076998,-4.12121,-116.078
0.077008,-4.50267,-116.544
0.077018,-4.1087,-117.008
0.077028,-3.71939,-117.471
0.077038,-4.11467,-117.932
0.077048,-4.51464,-118.391
0.077058,-4.1391,-118.848
0.077068,-3.76801,-119.304
0.077078,-4.18156,-119.758
0.077088,-4.59973,-120.211
0.077098,-4.24231,-120.662
0.077108,-3.8894,-121.111
0.077118,-4.32091,-121.558
0.077128,-4.75696,-122.004
0.077138,-4.41748,-122.447
0.077148,-4.0823,-122.89
0.077158,-3.75152,-123.33
0.077168,-4.98521,-123.768
0.077178,-4.66322,-124.205
0.077188,-4.34558,-124.64
0.077198,-4.03226,-125.074
0.077208,-4.50321,-125.505
0.077218,-4.97851,-125.935
0.077228,-4.67808,-126.363
0.077238,-4.3819,-126.789
0.077248,-4.0898,-127.213
0.077258,-4.58203,-127.636
0.077268,-5.07851,-128.057
0.077278,-4.79913,-128.476
0.077288,-4.52388,-128.893
0.077298,-4.25276,-129.308
0.077308,-3.98574,-129.721
0.077318,-4.50297,-130.133
0.077328,-5.02433,-130.543
0.077338,-4.76952,-130.951
0.077348,-4.51872,-131.357
0.077358,-4.2719,-131.761
0.077368,-4.80927,-132.163
0.077378,-5.35067,-132.563
0.077388,-5.11588,-132.962
0.077398,-4.88499,-133.358
0.077408,-4.65812,-133.753
0.077418,-4.43511,-134.146
0.077428,-4.21595,-134.537
0.077438,-4.78093,-134.926
0.077448,-5.34979,-135.313
0.077458,-5.14221,-135.698
0.077468,-4.93839,-136.081
0.077478,-4.73829,-136.463
0.077488,-4.54205,-136.842
0.077498,-4.34949,-137.219
0.077508,-4.94103,-137.595
0.077518,-5.5363,-137.968
0.077528,-5.35487,-138.34
0.077538,-5.17718,-138.71
0.077548,-5.00307,-139.077
0.077558,-4.83252,-139.443
0.077568,-4.66564,-139.806
0.077578,-4.50227,-140.168
0.077588,-5.12297,-140.528
0.077598,-4.96673,-140.886
0.077608,-5.5946,-141.241
0.077618,-5.4454,-141.595
0.077628,-5.29973,-141.946
0.077638,-5.15745,-142.296
0.077648,-5.01852,-142.644
0.077658,-4.88306,-142.989
0.077668,-4.75091,-143.333
0.077678,-4.62219,-143.674
0.077688,-5.27754,-144.014
0.077698,-5.15549,-144.351
0.077708,-5.81756,-144.687
0.077718,-5.7021,-145.02
0.077728,-5.58996,-145.351
0.077738,-5.4811,-145.68
0.077748,-5.37538,-146.008
0.077758,-5.2729,-146.333
0.077768,-5.17351,-146.656
0.077778,-5.07731,-146.976
0.077788,-4.98429,-147.295
0.077798,-4.89429,-147.612
0.077808,-4.80742,-147.927
0.077818,-4.72366,-148.239
0.077828,-5.42403,-148.549
0.077838,-5.34632,-148.858
0.077848,-5.27164,-149.164
0.077858,-5.98115,-149.468
0.077868,-5.91238,-149.77
0.077878,-5.84657,-150.07
0.077888,-5.78371,-150.367
0.077898,-5.72378,-150.663
0.077908,-5.6666,-150.956
0.077918,-5.6123,-151.248
0.077928,-5.56085,-151.537
0.077938,-5.51224,-151.824
0.077948,-5.46643,-152.108
0.077958,-5.42327,-152.391
0.077968,-5.38286,-152.671
0.077978,-5.34519,-152.95
0.077988,-5.31024,-153.226
0.077998,-5.27797,-153.5
0.078008,-5.24837,-153.771
0.078018,-5.22128,-154.041
0.078028,-5.1968,-154.308
0.078038,-5.17491,-154.574
0.078048,-5.15559,-154.837
0.078058,-5.13882,-155.097
0.078068,-5.12457,-155.356
0.078078,-5.11282,-155.612
0.078088,-5.10355,-155.866
0.078098,-5.09674,-156.118
0.078108,-5.09235,-156.368
0.078118,-5.09037,-156.616
0.078128,-5.09078,-156.861
0.078138,-5.09355,-157.104
0.078148,-5.09866,-157.345
0.078158,-5.10608,-157.583
0.078168,-5.11579,-157.82
0.078178,-5.12777,-158.054
0.078188,-5.14199,-158.286
0.078198,-5.15842,-158.515
0.078208,-5.17705,-158.743
0.078218,-5.19785,-158.968
0.078228,-5.2208,-159.19
0.078238,-5.24586,-159.411
0.078248,-5.27303,-159.629
0.078258,-5.30226,-159.845
0.078268,-5.33354,-160.059
0.078278,-5.36684,-160.271
0.078288,-5.40213,-160.48
0.078298,-5.4394,-160.687
0.078308,-5.47862,-160.891
0.078318,-5.51975,-161.094
0.078328,-5.56293,-161.294
0.078338,-5.60799,-161.492
0.078348,-5.6549,-161.687
0.078358,-5.70365,-161.88
0.078368,-5.7542,-162.071
0.078378,-5.80652,-162.26
0.078388,-5.86061,-162.446
0.078398,-5.13308,-162.63
0.078408,-5.97408,-162.812
0.078418,-6.03336,-162.991
0.078428,-5.31088,-163.168
0.078438,-5.37355,-163.343
0.078448,-5.43783,-163.515
0.078458,-5.5037,-163.685
0.078468,-5.57112,-163.853
0.078478,-5.64009,-164.018
0.078488,-5.7107,-164.181
0.078498,-5.78281,-164.342
0.078508,-5.85638,-164.501
0.078518,-5.93139,-164.657
0.078528,-5.22384,-164.81
0.078538,-6.08577,-164.962
0.078548,-5.38104,-165.111
0.078558,-5.46173,-165.257
0.078568,-5.54375,-165.402
0.078578,-5.62707,-165.544
0.078588,-5.71165,-165.683
0.078598,-6.58198,-165.821
0.078608,-5.88481,-165.956
0.078618,-5.97327,-166.088
0.078628,-6.06291,-166.218
0.078638,-6.15369,-166.346
0.078648,-5.46109,-166.472
0.078658,-5.55419,-166.595
0.078668,-5.64836,-166.716
0.078678,-5.74359,-166.834
0.078688,-6.62481,-166.95
0.078698,-5.93738,-167.064
0.078708,-6.03582,-167.175
0.078718,-6.13522,-167.284
0.078728,-6.23555,-167.39
0.078738,-6.33699,-167.494
0.078748,-5.65415,-167.596
0.078758,-5.75722,-167.696
0.078768,-5.86125,-167.793
0.078778,-5.9661,-167.887
0.078788,-6.07173,-167.979
0.078798,-6.17825,-168.069
0.078808,-6.28551,-168.157
0.078818,-6.39349,-168.242
0.078828,-5.71668,-168.324
0.078838,-5.82602,-168.405
0.078848,-6.72183,-168.482
0.078858,-6.04701,-168.558
0.078868,-5.37257,-168.631
0.078878,-6.27036,-168.702
0.078888,-6.38306,-168.77
0.078898,-5.71031,-168.836
0.078908,-5.82391,-168.899
0.078918,-6.72419,-168.96
0.078928,-6.05291,-169.019
0.078938,-5.38185,-169.075
0.078948,-6.28359,-169.129
0.078958,-6.39971,-169.181
0.078968,-5.72983,-169.23
0.078978,-5.8465,-169.277
0.078988,-6.75005,-169.321
0.078998,-6.08113,-169.363
0.079008,-5.41224,-169.402
0.079018,-6.31676,-169.439
0.079028,-6.43509,-169.474
0.079038,-5.76688,-169.506
0.079048,-5.88557,-169.536
0.079058,-6.00439,-169.563
0.079068,-6.12331,-169.588
0.079078,-6.24245,-169.611
0.079088,-6.36165,-169.631
0.079098,-6.48087,-169.649
0.079108,-6.60024,-169.664
0.079118,-6.71959,-169.677
0.079128,-6.05176,-169.688
0.079138,-6.17109,-169.696
0.079148,-6.29033,-169.701
0.079158,-5.62218,-169.705
0.079168,-5.74126,-169.706
0.079178,-5.86017,-169.704
0.079188,-6.76659,-169.7
0.079198,-6.09782,-169.694
0.079208,-5.42862,-169.685
0.079218,-6.33455,-169.674
0.079228,-6.45271,-169.66
0.079238,-6.57057,-169.644
0.079248,-6.6881,-169.626
0.079258,-6.0174,-169.605
0.079268,-6.13429,-169.582
0.079278,-6.25078,-169.556
0.079288,-5.57885,-169.528
0.079298,-5.69455,-169.498
0.079308,-5.80977,-169.465
0.079318,-5.92464,-169.43
0.079328,-6.03898,-169.392
0.079338,-6.15278,-169.352
0.079348,-6.26615,-169.309
0.079358,-6.37892,-169.264
0.079368,-6.49108,-169.217
0.079378,-6.60273,-169.167
0.079388,-6.71372,-169.115
0.079398,-6.03537,-169.061
0.079408,-6.14505,-169.004
0.079418,-6.254,-168.944
0.079428,-5.57341,-168.883
0.079438,-5.68091,-168.819
0.079448,-5.78759,-168.752
0.079458,-5.89359,-168.683
0.079468,-5.99873,-168.612
0.079478,-6.103,-168.538
0.079488,-6.2065,-168.462
0.079498,-6.30909,-168.383
0.079508,-6.41073,-168.303
0.079518,-6.51154,-168.219
0.079528,-6.61136,-168.134
0.079538,-6.71016,-168.045
0.079548,-6.0186,-167.955
0.079558,-5.32577,-167.862
0.079568,-6.2111,-167.767
0.079578,-5.51612,-167.669
0.079588,-5.60968,-167.569
0.079598,-5.70209,-167.467
0.079608,-5.79345,-167.362
0.079618,-5.88362,-167.255
0.079628,-5.97257,-167.145
0.079638,-6.06026,-167.034
0.079648,-6.14683,-166.919
0.079658,-6.2321,-166.803
0.079668,-6.31605,-166.684
0.079678,-5.60857,-166.562
0.079688,-5.68985,-166.439
0.079698,-5.76988,-166.312
0.079708,-5.84851,-166.184
0.079718,-5.92571,-166.053
0.079728,-6.00145,-165.92
0.079738,-6.07585,-165.784
0.079748,-6.14877,-165.646
0.079758,-6.22016,-165.506
0.079768,-6.29,-165.364
0.079778,-6.35842,-165.219
0.079788,-6.42525,-165.071
0.079798,-6.49048,-164.922
0.079808,-6.55407,-164.77
0.079818,-5.82515,-164.615
0.079828,-5.8855,-164.459
0.079838,-5.94415,-164.3
0.079848,-6.00108,-164.138
0.079858,-6.05626,-163.974
0.079868,-5.31862,-163.808
0.079878,-5.37035,-163.64
0.079888,-5.42026,-163.469
0.079898,-5.46834,-163.296
0.079908,-5.51456,-163.121
0.079918,-5.5589,-162.943
0.079928,-5.60148,-162.763
0.079938,-5.64214,-162.581
0.079948,-5.68087,-162.397
0.079958,-5.71762,-162.21
0.079968,-5.75239,-162.021
0.079978,-5.78515,-161.829
0.079988,-5.81588,-161.635
0.079998,-5.84455,-161.439
0.080008,-5.87128,-161.241
0.080018,-5.89592,-161.04
0.080028,-5.91845,-160.837
0.080038,-5.93884,-160.632
0.080048,-5.95708,-160.424
0.080058,-5.97313,-160.214
0.080068,-5.98697,-160.002
0.080078,-5.99859,-159.788
0.080088,-6.00797,-159.571
0.080098,-6.01507,-159.352
0.080108,-6.01988,-159.131
0.080118,-6.02238,-158.908
0.080128,-6.02254,-158.682
0.080138,-6.02035,-158.454
0.080148,-6.01578,-158.224
0.080158,-6.00881,-157.992
0.080168,-5.99943,-157.757
0.080178,-5.9876,-157.52
0.080188,-5.97331,-157.281
0.080198,-5.95654,-157.039
0.080208,-5.93727,-156.796
0.080218,-5.91547,-156.55
0.080228,-5.89114,-156.302
0.080238,-5.86424,-156.051
0.080248,-5.83476,-155.799
0.080258,-5.80267,-155.544
0.080268,-5.76796,-155.287
0.080278,-5.73062,-155.028
0.080288,-5.69061,-154.767
0.080298,-5.64792,-154.503
0.080308,-5.60253,-154.237
0.080318,-5.55442,-153.969
0.080328,-5.50343,-153.699
0.080338,-5.44967,-153.427
0.080348,-5.39312,-153.152
0.080358,-5.33378,-152.876
0.080368,-5.27161,-152.597
0.080378,-5.2066,-152.316
0.080388,-5.13873,-152.033
0.080398,-5.06785,-151.747
0.080408,-4.99406,-151.46
0.080418,-4.91734,-151.17
0.080428,-4.83769,-150.878
0.080438,-5.54845,-150.584
0.080448,-5.46275,-150.288
0.080458,-5.37405,-149.99
0.080468,-5.28233,-149.69
0.080478,-5.98111,-149.387
0.080488,-5.8832,-149.083
0.080498,-5.7822,-148.776
0.080508,-5.67811,-148.467
0.080518,-5.5709,-148.156
0.080528,-5.46042,-147.843
0.080538,-5.3468,-147.528
0.080548,-5.23,-147.21
0.080558,-5.10987,-146.891
0.080568,-4.98654,-146.57
0.080578,-4.85983,-146.246
0.080588,-4.72988,-145.921
0.080598,-4.59666,-145.593
0.080608,-5.25401,-145.263
0.080618,-5.1141,-144.931
0.080628,-5.7648,-144.597
0.080638,-5.61812,-144.262
0.080648,-5.46809,-143.924
0.080658,-5.31453,-143.584
0.080668,-5.15758,-143.241
0.080678,-4.99708,-142.897
0.080688,-4.83315,-142.551
0.080698,-4.66562,-142.203
0.080708,-4.49463,-141.853
0.080718,-5.11425,-141.501
0.080728,-4.93617,-141.147
0.080738,-5.54874,-140.79
0.080748,-5.36349,-140.432
0.080758,-5.17454,-140.072
0.080768,-4.98201,-139.71
0.080778,-4.78576,-139.346
0.080788,-4.5859,-138.979
0.080798,-4.38227,-138.611
0.080808,-4.96927,-138.241
0.080818,-5.55255,-137.869
0.080828,-5.33771,-137.495
0.080838,-5.11919,-137.119
0.080848,-4.89681,-136.741
0.080858,-4.67056,-136.361
0.080868,-4.44043,-135.979
0.080878,-4.20653,-135.596
0.080888,-4.76324,-135.21
0.080898,-5.3161,-134.822
0.080908,-5.07059,-134.433
0.080918,-4.82111,-134.041
0.080928,-4.56764,-133.648
0.080938,-4.31017,-133.253
0.080948,-4.84327,-132.856
0.080958,-4.5779,-132.457
0.080968,-5.10316,-132.056
0.080978,-4.82984,-131.653
0.080988,-4.55244,-131.248
0.080998,-4.27095,-130.842
0.081008,-3.98534,-130.434
0.081018,-4.49027,-130.023
0.081028,-4.99114,-129.611
0.081038,-4.69313,-129.197
0.081048,-4.39095,-128.782
0.081058,-4.08457,-128.364
0.081068,-4.56867,-127.945
0.081078,-5.04863,-127.523
0.081088,-4.72974,-127.1
0.081098,-4.40661,-126.676
0.081108,-4.0792,-126.249
0.081118,-4.54209,-125.821
0.081128,-5.00074,-125.39
0.081138,-4.66047,-124.958
0.081148,-4.31586,-124.525
0.081158,-3.9669,-124.089
0.081168,-4.40818,-123.652
0.081178,-4.84516,-123.213
0.081188,-4.48311,-122.772
0.081198,-4.11651,-122.329
0.081208,-3.74549,-121.885
0.081218,-4.16478,-121.439
0.081228,-4.5797,-120.991
0.081238,-4.19536,-120.542
0.081248,-3.80655,-120.09
0.081258,-4.20785,-119.638
0.081268,-4.6047,-119.183
0.081278,-4.20226,-118.727
0.081288,-3.79528,-118.269
0.081298,-4.17834,-117.809
0.081308,-4.5569,-117.348
0.081318,-4.13626,-116.885
0.081328,-3.7109,-116.42
0.081338,-4.0755,-115.954
0.081348,-4.43554,-115.486
0.081358,-3.99621,-115.016
0.081368,-3.55209,-114.545
0.081378,-3.898,-114.072
0.081388,-4.2393,-113.597
0.081398,-3.7812,-113.121
0.081408,-3.31826,-112.644
0.081418,-4.43983,-112.164
0.081428,-3.96748,-111.683
0.081438,-3.49026,-111.201
0.081448,-3.80277,-110.717
0.081458,-4.11057,-110.231
0.081468,-3.61895,-109.744
0.081478,-3.12241,-109.255
0.081488,-4.21013,-108.765
0.081498,-3.70385,-108.273
0.081508,-3.19261,-107.78
0.081518,-4.26552,-107.285
0.081528,-3.7446,-106.788
0.081538,-3.21869,-106.29
0.081548,-4.27667,-105.791
0.081558,-3.74088,-105.29
0.081568,-3.20006,-104.787
0.081578,-4.24299,-104.283
0.081588,-3.69221,-103.778
0.081598,-3.13636,-103.271
0.081608,-4.16414,-102.762
0.081618,-3.59826,-102.252
0.081628,-3.02728,-101.741
0.081638,-4.0398,-101.228
0.081648,-3.45872,-100.714
0.081658,-2.87238,-100.199
0.081668,-3.86952,-99.6814
0.081678,-3.27301,-99.163
0.081688,-3.46543,-98.6431
0.081698,-3.65285,-98.1218
0.081708,-3.04094,-97.5991
0.081718,-3.21787,-97.075
0.081728,-3.38978,-96.5495
0.081738,-2.76209,-96.0227
0.081748,-3.71748,-95.4945
0.081758,-3.07944,-94.965
0.081768,-3.2301,-94.4341
0.081778,-3.37567,-93.9018
0.081788,-2.72184,-93.3682
0.081798,-3.65067,-92.8333
0.081808,-2.98626,-92.2971
0.081818,-3.11037,-91.7596
0.081828,-3.22934,-91.2207
0.081838,-3.34274,-90.6806
0.081848,-2.65697,-90.1392
0.081858,-3.55351,-89.5965
0.081868,-2.85718,-89.0525
0.081878,-2.94902,-88.5072
0.081888,-3.03567,-87.9607
0.081898,-2.32294,-87.413
0.081908,-3.19236,-86.864
0.081918,-2.46883,-86.3138
0.081928,-3.32717,-85.7623
0.081938,-2.59282,-85.2096
0.081948,-3.44004,-84.6557
0.081958,-2.69481,-84.1006
0.081968,-2.73742,-83.5444
0.081978,-2.77475,-82.9869
0.081988,-2.80624,-82.4282
0.081998,-2.83242,-81.8684
0.082008,-2.05947,-81.3074
0.082018,-2.8679,-80.7453
0.082028,-2.08381,-80.182
0.082038,-2.88096,-79.6176
0.082048,-2.879,-79.052
0.082058,-2.07829,-78.4853
0.082068,-2.85847,-77.9175
0.082078,-2.04655,-77.3486
0.082088,-2.81536,-76.7786
0.082098,-1.9922,-76.2075
0.082108,-2.74962,-75.6353
0.082118,-2.70811,-75.0621
0.082128,-2.66091,-74.4877
0.082138,-1.81503,-73.9124
0.082148,-2.54957,-73.3359
0.082158,-1.69236,-72.7585
0.082168,-2.41541,-72.1799
0.082178,-2.33955,-71.6004
0.082188,-2.25824,-71.0199
0.082198,-2.96361,-70.4383
0.082208,-2.078,-69.8557
0.082218,-2.77181,-69.2722
0.082228,-1.87463,-68.6876
0.082238,-2.55685,-68.1021
0.082248,-1.64809,-67.5156
0.082258,-2.31869,-66.9282
0.082268,-2.19074,-66.3398
0.082278,-2.05693,-65.7505
0.082288,-2.70967,-65.1602
0.082298,-2.56415,-64.569
0.082308,-1.62063,-63.9769
0.082318,-2.25584,-63.3839
0.082328,-2.09269,-62.7899
0.082338,-1.92364,-62.1951
0.082348,-2.54087,-61.5994
0.082358,-2.36006,-61.0028
0.082368,-1.3813,-60.4054
0.082378,-1.98089,-59.8071
0.082388,-1.78226,-59.2079
0.082398,-2.36967,-58.6079
0.082408,-1.36742,-58.0071
0.082418,-1.94303,-57.4055
0.082428,-1.72056,-56.803
0.082438,-2.28394,-56.1997
0.082448,-2.04953,-55.5956
0.082458,-1.01745,-54.9908
0.082468,-1.56305,-54.3851
0.082478,-2.10232,-53.7787
0.082488,-1.05244,-53.1715
0.082498,-1.57983,-52.5636
0.082508,-2.10086,-51.9549
0.082518,-1.82439,-51.3455
0.082528,-1.54179,-50.7353
0.082538,-1.25355,-50.1245
0.082548,-1.75035,-49.5129
0.082558,-1.4496,-48.9006
0.082568,-1.93405,-48.2876
0.082578,-1.62118,-47.6739
0.082588,-2.09328,-47.0596
0.082598,-0.977468,-46.4446
0.082608,-1.43759,-45.8289
0.082618,-1.89133,-45.2126
0.082628,-1.54802,-44.5956
0.082638,-1.19854,-43.978
0.082648,-1.63388,-43.3597
0.082658,-1.27216,-42.7409
0.082668,-1.69509,-42.1214
0.082678,-1.32112,-41.5014
0.082688,-1.73163,-40.8807
0.082698,-1.3454,-40.2595
0.082708,-1.74347,-39.6377
0.082718,-1.34496,-39.0154
0.082728,-1.73059,-38.3925
0.082738,-1.31973,-37.769
0.082748,-1.6929,-37.145
0.082758,-1.26968,-36.5205
0.082768,-1.63039,-35.8954
0.082778,-1.1948,-35.2699
0.082788,-1.54304,-34.6438
0.082798,-1.095,-34.0173
0.082808,-1.43076,-33.3902
0.082818,-0.97027,-32.7627
0.082828,-1.29355,-32.1348
0.082838,-0.820599,-31.5063
0.082848,-1.13139,-30.8775
0.082858,-1.43573,-30.2482
0.082868,-0.944196,-29.6184
0.082878,-1.23604,-28.9882
0.082888,-0.731971,-28.3577
0.082898,-1.01131,-27.7267
0.082908,-1.2842,-27.0953
0.082918,-0.761469,-26.4636
0.082928,-1.02185,-25.8314
0.082938,-0.486438,-25.1989
0.082948,-0.734312,-24.5661
0.082958,-0.975734,-23.9328
0.082968,-0.421509,-23.2993
0.082978,-0.650419,-22.6654
0.082988,-0.872876,-22.0312
0.082998,-1.08888,-21.3967
0.083008,-0.509718,-20.7619
0.083018,-0.71321,-20.1268
0.083028,-0.910249,-19.4914
0.083038,-0.312073,-18.8557
0.083048,-0.496603,-18.2197
0.083058,-0.674681,-17.5835
0.083068,-0.846309,-16.9471
0.083078,-0.223,-16.3104
0.083088,-0.382123,-15.6734
0.083098,-0.534798,-15.0363
0.083108,-0.681025,-14.3989
0.083118,-0.820806,-13.7614
0.083128,-0.166055,-13.1236
0.083138,-0.293342,-12.4856
0.083148,-0.414186,-11.8475
0.083158,-0.52859,-11.2092
0.083168,-0.636554,-10.5708
0.083178,0.0498797,-9.93216
0.083188,-0.0456054,-9.29341
0.083198,-0.134656,-8.65453
0.083208,-0.217275,-8.01553
0.083218,-0.293464,-7.37642
0.083228,-0.363225,-6.73719
0.083238,-0.42656,-6.09788
0.083248,-0.483471,-5.45847
0.083258,0.253509,-4.81899
0.083268,0.209044,-4.17944
0.083278,0.170994,-3.53983
0.083288,0.139358,-2.90017
0.083298,0.114133,-2.26047
0.083308,0.0953158,-1.62074
0.083318,0.0829034,-0.980983
0.083328,0.076893,-0.341213
0.083338,-0.0752345,0.298562
0.083348,-0.0683746,0.938332
0.083358,-0.0551224,1.57809
0.083368,-0.0354814,2.21782
0.083378,-0.00945491,2.85753
0.083388,0.0229534,3.49719
0.083398,0.06174,4.1368
0.083408,0.106901,4.77636
0.083418,0.158433,5.41584
0.083428,0.216331,6.05525
0.083438,0.280592,6.69458
0.083448,0.351212,7.3338
0.083458,0.428186,7.97293
0.083468,0.511511,8.61194
0.083478,0.601181,9.25083
0.083488,-0.0892105,9.88958
0.083498,0.0135309,10.5282
0.083508,0.122604,11.1667
0.083518,0.238005,11.805
0.083528,0.359728,12.4431
0.083538,0.487769,13.0811
0.083548,0.622123,13.7189
0.083558,0.762784,14.3564
0.083568,0.123762,14.9938
0.083578,0.277415,15.631
0.083588,0.43736,16.2679
0.083598,0.603591,16.9046
0.083608,0.776103,17.5411
0.083618,0.95489,18.1773
0.083628,0.354409,18.8133
0.083638,0.546121,19.449
0.083648,0.744091,20.0844
0.083658,0.948313,20.7195
0.083668,0.373313,21.3544
0.083678,0.590413,21.9889
0.083688,0.813745,22.6231
0.083698,1.0433,23.257
0.083708,0.493822,23.8906
0.083718,0.736208,24.5239
0.083728,0.984801,25.1567
0.083738,1.2396,25.7893
0.083748,0.715661,26.4214
0.083758,0.983228,27.0532
0.083768,1.25698,27.6846
0.083778,0.752056,28.3156
0.083788,1.03853,28.9462
0.083798,1.33117,29.5764
0.083808,0.845338,30.2062
0.083818,1.15066,30.8355
0.083828,1.46212,31.4644
0.083838,0.99531,32.0929
0.083848,1.31941,32.7209
0.083858,0.865119,33.3484
0.083868,1.20183,33.9755
0.083878,1.54464,34.6021
0.083888,1.10932,35.2282
0.083898,1.46469,35.8537
0.083908,1.04188,36.4788
0.083918,1.40978,37.1034
0.083928,0.999509,37.7274
0.083938,1.37991,38.3509
0.083948,1.76635,38.9739
0.083958,1.37501,39.5963
0.083968,1.7739,40.2181
0.083978,1.39507,40.8394
0.083988,1.80637,41.46
0.083998,1.43997,42.0801
0.084008,1.86364,42.6996
0.084018,1.50976,43.3185
0.084028,1.94577,43.9368
0.084038,1.6043,44.5544
0.084048,1.26894,45.1714
0.084058,1.72358,45.7878
0.084068,1.40064,46.4035
0.084078,1.86753,47.0186
0.084088,1.55698,47.633
0.084098,2.03607,48.2467
0.084108,1.73786,48.8597
0.084118,1.44577,49.4721
0.084128,1.94329,50.0837
0.084138,1.66354,50.6946
0.084148,2.17317,51.3048
0.084158,1.90573,51.9143
0.084168,1.64436,52.523
0.084178,2.17226,53.131
0.084188,1.92313,53.7383
0.084198,1.68002,54.3447
0.084208,1.44342,54.9504
0.084218,1.99566,55.5553
0.084228,1.77081,56.1595
0.084238,1.55241,56.7628
0.084248,2.12271,57.3653
0.084258,1.91607,57.967
0.084268,2.49821,58.5679
0.084278,2.30369,59.168
0.084288,1.3326,59.7672
0.084298,1.93302,60.3655
0.084308,2.53911,60.963
0.084318,2.36866,61.5597
0.084328,1.42176,62.1554
0.084338,2.04598,62.7503
0.084348,2.67584,63.3443
0.084358,1.74714,63.9374
0.084368,2.389,64.5296
0.084378,1.47202,65.1208
0.084388,2.12584,65.7111
0.084398,2.78522,66.3005
0.084408,1.88639,66.889
0.084418,2.55766,67.4765
0.084428,1.67056,68.0631
0.084438,2.35367,68.6486
0.084448,2.2603,69.2332
0.084458,2.17313,69.8169
0.084468,2.8735,70.3995
0.084478,2.79776,70.9811
0.084488,1.94612,71.5617
0.084498,2.66403,72.1413
0.084508,2.60575,72.7199
0.084518,1.77151,73.2975
0.084528,2.50684,73.874
0.084538,2.46591,74.4494
0.084548,2.43105,75.0238
0.084558,3.18329,75.5971
0.084568,2.37827,76.1694
0.084578,3.14197,76.7406
0.084588,2.34853,77.3106
0.084598,3.12364,77.8796
0.084608,2.34157,78.4475
0.084618,3.12804,79.0143
0.084628,2.35742,79.5799
0.084638,3.15519,80.1444
0.084648,2.39597,80.7078
0.084658,3.20499,81.27
0.084668,2.45711,81.8311
0.084678,3.2773,82.391
0.084688,2.5407,82.9497
0.084698,3.37203,83.5072
0.084708,2.64679,84.0636
0.084718,3.48918,84.6188
0.084728,2.7751,85.1727
0.084738,2.84748,85.7255
0.084748,2.92565,86.277
0.084758,3.00904,86.8273
0.084768,3.09819,87.3764
0.084778,2.41168,87.9243
0.084788,3.29273,88.4708
0.084798,2.6173,89.0162
0.084808,3.50915,89.5602
0.084818,2.84473,90.103
0.084828,3.74732,90.6445
0.084838,3.09386,91.1848
0.084848,2.44572,91.7237
0.084858,3.36468,92.2613
0.084868,2.7274,92.7976
0.084878,3.65694,93.3326
0.084888,3.03045,93.8663
0.084898,3.1899,94.3986
0.084908,3.35488,94.9296
0.084918,2.74432,95.4593
0.084928,3.70042,95.9875
0.084938,3.10063,96.5145
0.084948,3.28658,97.04
0.084958,3.47799,97.5642
0.084968,2.89401,98.087
0.084978,3.87627,98.6084
0.084988,3.30275,99.1283
0.084998,3.51479,99.6469
0.085008,3.7322,100.164
0.085018,3.17423,100.68
0.085028,3.40187,101.194
0.085038,3.63483,101.707
0.085048,3.09241,102.218
0.085058,4.1158,102.728
0.085068,3.5837,103.237
0.085078,3.05653,103.744
0.085088,4.09516,104.25
0.085098,3.57834,104.754
0.085108,3.06639,105.256
0.085118,4.12011,105.757
0.085128,3.61827,106.257
0.085138,3.12138,106.755
0.085148,4.19003,107.252
0.085158,3.70314,107.747
0.085168,3.22115,108.24
0.085178,4.30457,108.732
0.085188,3.8326,109.223
0.085198,3.36534,109.711
0.085208,4.46337,110.199
0.085218,4.00602,110.685
0.085228,3.55346,111.169
0.085238,3.88585,111.651
0.085248,4.22318,112.132
0.085258,3.78516,112.612
0.085268,3.35185,113.09
0.085278,4.48359,113.566
0.085288,4.05994,114.04
0.085298,3.64094,114.513
0.085308,4.0067,114.985
0.085318,4.37728,115.454
0.085328,3.97242,115.923
0.085338,3.57214,116.389
0.085348,4.73668,116.854
0.085358,4.34579,117.317
0.085368,3.95955,117.778
0.085378,3.57781,118.238
0.085388,4.76079,118.696
0.085398,4.38829,119.153
0.085408,4.02021,119.607
0.085418,3.65669,120.06
0.085428,4.85782,120.512
0.085438,4.50338,120.961
0.085448,4.15343,121.409
0.085458,3.80782,121.855
0.085468,4.24677,122.3
0.085478,4.69022,122.742
0.085488,4.35795,123.183
0.085498,4.03007,123.622
0.085508,4.48653,124.06
0.085518,4.94741,124.496
0.085528,4.63262,124.929
0.085538,4.32215,125.362
0.085548,4.01583,125.792
0.085558,4.4939,126.22
0.085568,4.9763,126.647
0.085578,4.6829,127.072
0.085588,4.39371,127.495
0.085598,4.10858,127.917
0.085608,4.60776,128.336
0.085618,5.11117,128.754
0.085628,4.83865,129.17
0.085638,4.57022,129.584
0.085648,4.30589,129.996
0.085658,4.04561,130.406
0.085668,4.5696,130.815
0.085678,5.09768,131.221
0.085688,4.84965,131.626
0.085698,4.6056,132.029
0.085708,4.36551,132.43
0.085718,4.12936,132.829
0.085728,4.6774,133.226
0.085738,5.22941,133.622
0.085748,5.00512,134.015
0.085758,4.78468,134.407
0.085768,4.56807,134.796
0.085778,4.35526,135.184
0.085788,4.92659,135.57
0.085798,5.50176,135.954
0.085808,5.30042,136.336
0.085818,5.10293,136.716
0.085828,4.90914,137.094
0.085838,4.71903,137.47
0.085848,4.53256,137.844
0.085858,4.34987,138.216
0.085868,4.95127,138.587
0.085878,5.55635,138.955
0.085888,5.38461,139.321
0.085898,5.21654,139.685
0.085908,5.052,140.048
0.085918,4.89096,140.408
0.085928,4.73352,140.767
0.085938,4.57954,141.123
0.085948,5.20964,141.477
0.085958,5.06267,141.83
0.085968,5.69982,142.18
0.085978,5.55976,142.528
0.085988,5.42318,142.874
0.085998,5.28992,143.219
0.086008,5.16009,143.561
0.086018,5.03353,143.901
0.086028,4.91036,144.239
0.086038,4.79043,144.575
0.086048,4.67383,144.909
0.086058,5.34133,145.241
0.086068,5.23125,145.571
0.086078,5.12444,145.899
0.086088,5.80179,146.225
0.086098,5.70136,146.548
0.086108,5.60414,146.87
0.086118,5.50996,147.189
0.086128,5.41894,147.507
0.086138,5.33106,147.822
0.086148,5.24616,148.135
0.086158,5.16435,148.446
0.086168,5.08561,148.755
0.086178,5.00977,149.062
0.086188,4.93696,149.367
0.086198,4.86714,149.67
0.086208,4.80031,149.97
0.086218,5.51767,150.268
0.086228,5.45662,150.565
0.086238,5.39847,150.859
0.086248,5.34321,151.151
0.086258,6.07223,151.44
0.086268,6.02256,151.728
0.086278,5.97571,152.014
0.086288,5.93164,152.297
0.086298,5.89034,152.578
0.086308,5.85179,152.857
0.086318,5.81582,153.134
0.086328,5.78254,153.409
0.086338,5.75193,153.681
0.086348,5.72396,153.951
0.086358,5.69863,154.22
0.086368,5.6759,154.485
0.086378,5.65574,154.749
0.086388,5.63815,155.011
0.086398,5.62309,155.27
0.086408,5.6104,155.527
0.086418,5.60019,155.782
0.086428,5.59244,156.035
0.086438,5.58712,156.285
0.086448,5.58421,156.533
0.086458,5.58368,156.779
0.086468,5.58552,157.023
0.086478,5.5897,157.265
0.086488,5.59619,157.504
0.086498,5.60498,157.741
0.086508,5.61603,157.976
0.086518,5.62933,158.209
0.086528,5.64485,158.439
0.086538,5.66256,158.667
0.086548,5.68245,158.893
0.086558,5.70448,159.116
0.086568,5.72864,159.338
0.086578,5.75489,159.557
0.086588,5.78322,159.774
0.086598,5.8136,159.988
0.086608,5.84614,160.2
0.086618,5.8807,160.41
0.086628,5.91724,160.618
0.086638,5.95574,160.823
0.086648,5.99617,161.027
0.086658,6.03852,161.227
0.086668,6.08274,161.426
0.086678,6.12883,161.622
0.086688,6.17675,161.816
0.086698,6.22648,162.008
0.086708,6.27814,162.197
0.086718,6.33156,162.384
0.086728,6.38673,162.569
0.086738,6.44361,162.751
0.086748,6.50218,162.931
0.086758,5.77891,163.109
0.086768,5.84088,163.285
0.086778,5.90448,163.458
0.086788,5.96967,163.629
0.086798,6.03644,163.797
0.086808,6.10474,163.963
0.086818,5.39081,164.127
0.086828,5.46222,164.289
0.086838,5.53512,164.448
0.086848,5.60946,164.605
0.086858,5.68522,164.759
0.086868,5.76251,164.912
0.086878,5.84119,165.061
0.086888,5.92122,165.209
0.086898,6.00257,165.354
0.086908,6.08536,165.497
0.086918,6.16944,165.637
0.086928,6.25477,165.775
0.086938,6.34133,165.911
0.086948,6.42923,166.044
0.086958,6.51832,166.175
0.086968,6.60856,166.304
0.086978,5.91531,166.43
0.086988,6.00789,166.554
0.086998,6.10155,166.676
0.087008,6.19627,166.795
0.087018,5.50723,166.912
0.087028,5.60409,167.026
0.087038,5.70193,167.138
0.087048,5.80072,167.248
0.087058,6.68572,167.355
0.087068,6.00139,167.46
0.087078,6.10313,167.563
0.087088,6.20574,167.663
0.087098,5.52397,167.76
0.087108,5.62833,167.856
0.087118,5.73347,167.949
0.087128,5.83938,168.04
0.087138,6.73173,168.128
0.087148,6.05382,168.214
0.087158,5.37641,168.297
0.087168,6.27105,168.378
0.087178,6.38085,168.457
0.087188,6.49113,168.533
0.087198,6.60215,168.607
0.087208,6.71374,168.678
0.087218,6.03996,168.748
0.087228,6.15271,168.814
0.087238,6.26596,168.878
0.087248,5.59364,168.94
0.087258,5.7079,169
0.087268,5.82258,169.057
0.087278,5.93781,169.112
0.087288,6.05341,169.164
0.087298,6.16936,169.214
0.087308,6.28577,169.261
0.087318,6.4025,169.306
0.087328,6.5195,169.349
0.087338,6.63689,169.389
0.087348,6.75451,169.427
0.087358,6.08564,169.463
0.087368,6.20374,169.496
0.087378,6.322,169.526
0.087388,6.4406,169.554
0.087398,5.7723,169.58
0.087408,5.89098,169.604
0.087418,6.79697,169.625
0.087428,6.12893,169.643
0.087438,6.24801,169.659
0.087448,6.36708,169.673
0.087458,6.48612,169.684
0.087468,6.60524,169.693
0.087478,6.72427,169.7
0.087488,6.05577,169.704
0.087498,6.17466,169.706
0.087508,6.2934,169.705
0.087518,5.62439,169.702
0.087528,5.74283,169.696
0.087538,5.86104,169.688
0.087548,5.97913,169.678
0.087558,6.09695,169.665
0.087568,5.42655,169.65
0.087578,6.33181,169.632
0.087588,6.44894,169.612
0.087598,5.77756,169.59
0.087608,5.89381,169.565
0.087618,6.79801,169.538
0.087628,6.12545,169.508
0.087638,6.24066,169.476
0.087648,6.35538,169.442
0.087658,6.46958,169.405
0.087668,6.58339,169.365
0.087678,6.69664,169.324
0.087688,6.02075,169.28
0.087698,6.1329,169.233
0.087708,6.24441,169.184
0.087718,5.56659,169.133
0.087728,5.67686,169.079
0.087738,5.78642,169.023
0.087748,5.8954,168.964
0.087758,6.00362,168.904
0.087768,6.11107,168.84
0.087778,6.21786,168.774
0.087788,6.32383,168.706
0.087798,6.42896,168.636
0.087808,6.53336,168.563
0.087818,6.63687,168.488
0.087828,6.73946,168.41
0.087838,6.05189,168.33
0.087848,5.36315,168.247
0.087858,6.25248,168.162
0.087868,5.56179,168.075
0.087878,5.65964,167.985
0.087888,5.75644,167.893
0.087898,5.85229,167.799
0.087908,5.94705,167.702
0.087918,6.04068,167.603
0.087928,5.34328,167.501
0.087938,6.22461,167.397
0.087948,5.52489,167.291
0.087958,5.61395,167.182
0.087968,5.70177,167.071
0.087978,5.78833,166.958
0.087988,6.66398,166.842
0.087998,5.95784,166.724
0.088008,6.04068,166.603
0.088018,6.12216,166.48
0.088028,6.20227,166.355
0.088038,6.28118,166.227
0.088048,6.35853,166.097
0.088058,6.43458,165.965
0.088068,6.50916,165.83
0.088078,6.58225,165.693
0.088088,5.86314,165.553
0.088098,5.93328,165.411
0.088108,6.00185,165.267
0.088118,6.06885,165.121
0.088128,6.13424,164.972
0.088138,5.40711,164.821
0.088148,5.46932,164.667
0.088158,5.52986,164.511
0.088168,5.5887,164.353
0.088178,5.64582,164.192
0.088188,5.70134,164.029
0.088198,5.75511,163.864
0.088208,5.80709,163.696
0.088218,5.85727,163.527
0.088228,5.90562,163.354
0.088238,5.95212,163.18
0.088248,5.99688,163.003
0.088258,6.03975,162.824
0.088268,6.08071,162.642
0.088278,6.11974,162.458
0.088288,6.1568,162.272
0.088298,6.19187,162.084
0.088308,6.22509,161.893
0.088318,6.25629,161.7
0.088328,6.28544,161.505
0.088338,6.31253,161.307
0.088348,6.33753,161.107
0.088358,6.36042,160.905
0.088368,6.38117,160.701
0.088378,6.39977,160.494
0.088388,6.41619,160.285
0.088398,6.43041,160.073
0.088408,5.65022,159.86
0.088418,5.66008,159.644
0.088428,5.66768,159.426
0.088438,5.673,159.205
0.088448,5.67603,158.983
0.088458,5.67673,158.758
0.088468,5.6751,158.53
0.088478,5.6711,158.301
0.088488,5.66471,158.069
0.088498,5.65592,157.835
0.088508,5.6447,157.599
0.088518,5.63103,157.361
0.088528,5.6149,157.12
0.088538,5.59628,156.877
0.088548,5.57515,156.632
0.088558,5.55149,156.385
0.088568,5.52528,156.135
0.088578,5.4965,155.883
0.088588,6.25802,155.629
0.088598,6.22393,155.373
0.088608,6.18721,155.115
0.088618,6.14782,154.854
0.088628,6.10576,154.591
0.088638,6.06099,154.326
0.088648,6.01351,154.059
0.088658,5.9633,153.79
0.088668,5.91033,153.518
0.088678,5.85459,153.244
0.088688,5.79591,152.968
0.088698,5.73441,152.69
0.088708,5.67007,152.41
0.088718,5.60288,152.127
0.088728,5.53281,151.843
0.088738,5.45985,151.556
0.088748,5.38383,151.267
0.088758,5.30488,150.976
0.088768,5.22297,150.683
0.088778,5.13809,150.387
0.088788,5.05008,150.09
0.088798,4.95905,149.79
0.088808,4.86499,149.488
0.088818,4.76788,149.184
0.088828,5.46137,148.878
0.088838,5.35799,148.57
0.088848,5.25151,148.26
0.088858,5.93569,147.947
0.088868,5.82282,147.633
0.088878,5.70679,147.316
0.088888,5.58757,146.998
0.088898,5.46501,146.677
0.088908,5.33923,146.354
0.088918,5.2102,146.029
0.088928,5.07778,145.702
0.088938,4.94208,145.373
0.088948,4.80295,145.042
0.088958,4.6605,144.709
0.088968,5.30875,144.374
0.088978,5.1595,144.036
0.088988,5.80101,143.697
0.088998,5.64489,143.356
0.089008,5.48536,143.012
0.089018,5.32226,142.667
0.089028,5.15572,142.319
0.089038,4.98558,141.97
0.089048,4.81195,141.618
0.089058,4.63469,141.265
0.089068,4.45392,140.909
0.089078,5.0639,140.552
0.089088,5.67028,140.192
0.089098,5.47863,139.831
0.089108,5.28339,139.467
0.089118,5.08442,139.102
0.089128,4.88182,138.734
0.089138,4.67545,138.365
0.089148,4.46528,137.993
0.089158,5.04587,137.62
0.089168,4.82823,137.245
0.089178,5.40139,136.867
0.089188,5.1762,136.488
0.089198,4.94714,136.107
0.089208,4.71417,135.724
0.089218,4.47743,135.339
0.089228,4.23677,134.952
0.089238,4.78685,134.563
0.089248,5.33304,134.172
0.089258,5.08067,133.779
0.089268,4.82431,133.385
0.089278,4.56392,132.988
0.089288,4.29951,132.59
0.089298,4.82581,132.19
0.089308,5.34812,131.788
0.089318,5.07169,131.384
0.089328,4.79117,130.978
0.089338,4.50653,130.57
0.089348,4.21776,130.16
0.089358,4.71968,129.749
0.089368,5.21751,129.336
0.089378,4.91644,128.92
0.089388,4.61118,128.503
0.089398,4.30172,128.085
0.089408,3.98803,127.664
0.089418,4.46499,127.242
0.089428,4.93777,126.817
0.089438,4.61151,126.391
0.089448,4.28083,125.964
0.089458,3.94585,125.534
0.089468,4.40145,125.103
0.089478,4.8528,124.669
0.089488,4.50502,124.234
0.089498,4.15274,123.798
0.089508,3.79608,123.359
0.089518,4.22996,122.919
0.089528,4.6595,122.477
0.089538,4.28968,122.033
0.089548,3.91543,121.588
0.089558,4.3315,121.141
0.089568,4.74318,120.692
0.089578,4.35558,120.241
0.089588,3.96335,119.789
0.089598,3.56663,119.335
0.089608,4.7551,118.879
0.089618,4.34936,118.422
0.089628,3.93893,117.962
0.089638,3.52394,117.502
0.089648,4.69407,117.039
0.089658,4.26995,116.575
0.089668,3.84109,116.109
0.089678,3.40762,115.642
0.089688,4.55918,115.173
0.089698,4.11646,114.702
0.089708,3.66896,114.23
0.089718,4.01149,113.756
0.089728,4.34941,113.28
0.089738,3.88775,112.803
0.089748,3.42124,112.324
0.089758,4.53956,111.844
0.089768,4.06361,111.362
0.089778,3.58279,110.878
0.089788,3.89185,110.393
0.089798,4.1962,109.907
0.089808,3.70094,109.418
0.089818,3.20075,108.928
0.089828,4.28516,108.437
0.089838,3.77536,107.944
0.089848,3.26045,107.45
0.089858,4.33002,106.954
0.089868,3.80541,106.456
0.089878,3.27581,105.957
0.089888,4.33042,105.457
0.089898,3.79091,104.955
0.089908,3.24636,104.451
0.089918,3.49138,103.946
0.089928,3.73153,103.44
0.089938,3.17193,102.932
0.089948,4.1963,102.423
0.089958,3.62666,101.912
0.089968,3.0519,101.399
0.089978,4.06099,100.886
0.089988,3.47612,100.371
0.089998,2.88598,99.854
0.090008,3.87967,99.3359
0.090018,3.27934,98.8165
0.090028,3.46811,98.2957
0.090038,3.65189,97.7735
0.090048,3.03613,97.2498
0.090058,4.00367,96.7248
0.090068,3.37749,96.1985
0.090078,2.74593,95.6707
0.090088,3.69781,95.1416
0.090098,3.0559,94.6112
0.090108,3.20284,94.0794
0.090118,3.3447,93.5462
0.090128,2.68697,93.0118
0.090138,3.61226,92.476
0.090148,2.94393,91.9389
0.090158,3.0643,91.4005
0.090168,3.17953,90.8608
0.090178,2.4951,90.3198
0.090188,3.39353,89.7775
0.090198,2.69855,89.234
0.090208,3.586,88.6891
0.090218,2.88029,88.143
0.090228,2.96287,87.5957
0.090238,3.04025,87.0471
0.090248,2.31809,86.4973
0.090258,3.17834,85.9463
0.090268,2.44535,85.394
0.090278,3.2945,84.8405
0.090288,2.55065,84.2858
0.090298,3.38864,83.7299
0.090308,2.6339,83.1728
0.090318,3.46071,82.6146
0.090328,2.69489,82.0552
0.090338,2.71695,81.4946
0.090348,2.73369,80.9328
0.090358,2.74456,80.3699
0.090368,2.7501,79.8058
0.090378,1.95639,79.2406
0.090388,2.74418,78.6743
0.090398,1.93929,78.1069
0.090408,2.71574,77.5384
0.090418,1.89962,76.9687
0.090428,2.66471,76.398
0.090438,1.83734,75.8262
0.090448,2.59102,75.2533
0.090458,2.54552,74.6793
0.090468,2.49426,74.1043
0.090478,2.43759,73.5282
0.090488,2.37494,72.9511
0.090498,2.30685,72.3729
0.090508,3.02574,71.7937
0.090518,2.15311,71.2135
0.090528,2.86047,70.6323
0.090538,1.9763,70.05
0.090548,2.67211,69.4668
0.090558,1.77638,68.8826
0.090568,2.4606,68.2974
0.090578,1.55329,67.7112
0.090588,2.2259,67.1241
0.090598,2.09968,66.536
0.090608,2.76026,65.947
0.090618,1.83001,65.3571
0.090628,2.47893,64.7662
0.090638,1.53688,64.1744
0.090648,2.17411,63.5816
0.090658,2.0127,62.988
0.090668,1.84575,62.3935
0.090678,2.46501,61.7981
0.090688,2.28595,61.2018
0.090698,2.10098,60.6046
0.090708,1.91003,60.0066
0.090718,1.71351,59.4077
0.090728,2.30295,58.808
0.090738,1.3022,58.2075
0.090748,1.87984,57.6061
0.090758,2.45118,57.0039
0.090768,1.43285,56.4009
0.090778,1.99235,55.7971
0.090788,1.75377,55.1925
0.090798,2.30102,54.5871
0.090808,2.05047,53.9809
0.090818,1.79389,53.374
0.090828,1.53127,52.7663
0.090838,2.05436,52.1579
0.090848,1.77967,51.5487
0.090858,1.49892,50.9388
0.090868,2.00374,50.3282
0.090878,0.919528,49.7168
0.090888,1.41242,49.1048
0.090898,1.89894,48.492
0.090908,1.58792,47.8786
0.090918,2.06208,47.2644
0.090928,1.73894,46.6496
0.090938,1.40964,46.0342
0.090948,1.86544,45.4181
0.090958,1.52399,44.8013
0.090968,1.9674,44.1839
0.090978,1.61372,43.5659
0.090988,1.25387,42.9472
0.090998,1.67887,42.328
0.091008,1.30676,41.7081
0.091018,1.71935,41.0877
0.091028,1.33498,40.4667
0.091038,1.73513,39.8451
0.091048,1.33842,39.2229
0.091058,1.72613,38.6002
0.091068,1.31714,37.9769
0.091078,1.69239,37.3531
0.091088,1.27104,36.7287
0.091098,1.63384,36.1038
0.091108,1.20012,35.4785
0.091118,1.55044,34.8526
0.091128,1.10428,34.2262
0.091138,1.44212,33.5993
0.091148,0.983511,32.972
0.091158,1.30887,32.3441
0.091168,0.837804,31.7159
0.091178,1.15068,31.0871
0.091188,1.45711,30.458
0.091198,0.967454,29.8284
0.091208,1.26139,29.1983
0.091218,0.759197,28.5679
0.091228,1.04063,27.9371
0.091238,1.31561,27.3058
0.091248,0.794753,26.6742
0.091258,1.05723,26.0422
0.091268,0.523692,25.4098
0.091278,0.773656,24.777
0.091288,1.01717,24.144
0.091298,0.464893,23.5105
0.091308,0.695894,22.8767
0.091318,0.920441,22.2426
0.091328,0.349287,21.6082
0.091338,0.561323,20.9735
0.091348,0.766905,20.3385
0.091358,0.966035,19.7032
0.091368,0.369808,19.0676
0.091378,0.556428,18.4317
0.091388,0.736596,17.7956
0.091398,0.910314,17.1593
0.091408,0.288954,16.5226
0.091418,0.450166,15.8858
0.091428,0.604929,15.2487
0.091438,0.753245,14.6114
0.091448,0.10656,13.9739
0.091458,0.242379,13.3362
0.091468,0.371753,12.6983
0.091478,0.494685,12.0602
0.091488,0.611175,11.422
0.091498,-0.0671343,10.7836
0.091508,0.0368725,10.145
0.091518,0.134443,9.50635
0.091528,0.225578,8.86751
0.091538,0.310281,8.22855
0.091548,0.388553,7.58947
0.091558,0.460396,6.95028
0.091568,0.525813,6.31099
0.091578,-0.20286,5.67162
0.091588,-0.149895,5.03216
0.091598,-0.10335,4.39263
0.091608,-0.0632223,3.75304
0.091618,-0.0295086,3.1134
0.091628,-0.00220666,2.47371
0.091638,0.0186865,1.83399
0.091648,0.0331737,1.19424
0.091658,0.0412581,0.554471
0.091668,-0.0432837,-0.0853033
0.091678,-0.0479524,-0.725076
0.091688,-0.0590145,-1.36484
0.091698,-0.0764667,-2.00458
0.091708,-0.100306,-2.6443
0.091718,-0.130527,-3.28397
0.091728,-0.167129,-3.9236
0.091738,-0.210106,-4.56318
0.091748,-0.259455,-5.20269
0.091758,-0.315172,-5.84213
0.091768,-0.377254,-6.48148
0.091778,-0.445695,-7.12074
0.091788,-0.520492,-7.7599
0.091798,-0.601641,-8.39895
0.091808,0.0973916,-9.03788
0.091818,0.00315938,-9.67668
0.091828,-0.097411,-10.3153
0.091838,-0.204315,-10.9539
0.091848,-0.317548,-11.5922
0.091858,-0.437105,-12.2304
0.091868,-0.562981,-12.8684
0.091878,-0.695171,-13.5063
0.091888,-0.833671,-14.1439
0.091898,-0.192485,-14.7814
0.091908,-0.34398,-15.4186
0.091918,-0.50177,-16.0556
0.091928,-0.665847,-16.6924
0.091938,-0.836207,-17.329
0.091948,-0.22684,-17.9653
0.091958,-0.410141,-18.6013
0.091968,-0.599707,-19.2371
0.091978,-0.795533,-19.8726
0.091988,-0.997613,-20.5079
0.091998,-0.420331,-21.1428
0.092008,-0.635293,-21.7774
0.092018,-0.856489,-22.4118
0.092028,-1.08391,-23.0458
0.092038,-0.53216,-23.6795
0.092048,-0.772416,-24.3128
0.092058,-1.01888,-24.9458
0.092068,-1.27155,-25.5785
0.092078,-0.745354,-26.2107
0.092088,-1.0108,-26.8427
0.092098,-1.28243,-27.4742
0.092108,-0.775255,-28.1053
0.092118,-1.05962,-28.7361
0.092128,-1.35015,-29.3664
0.092138,-0.861997,-29.9963
0.092148,-1.16522,-30.6258
0.092158,-1.47457,-31.2548
0.092168,-1.00545,-31.8835
0.092178,-1.32745,-32.5116
0.092188,-0.870858,-33.1393
0.092198,-1.20548,-33.7665
0.092208,-1.5462,-34.3933
0.092218,-1.10858,-35.0195
0.092228,-1.46187,-35.6453
0.092238,-1.03676,-36.2705
0.092248,-1.40259,-36.8953
0.092258,-0.990032,-37.5195
0.092268,-1.36836,-38.1431
0.092278,-1.75273,-38.7663
0.092288,-1.35911,-39.3889
0.092298,-1.75593,-40.0109
0.092308,-1.37478,-40.6323
0.092318,-1.78401,-41.2532
0.092328,-1.41535,-41.8735
0.092338,-1.83697,-42.4932
0.092348,-1.48076,-43.1123
0.092358,-1.91472,-43.7308
0.092368,-1.571,-44.3486
0.092378,-2.01727,-44.9658
0.092388,-1.68593,-45.5824
0.092398,-1.36068,-46.1984
0.092408,-1.82554,-46.8137
0.092418,-1.51268,-47.4283
0.092428,-1.98975,-48.0422
0.092438,-1.68932,-48.6555
0.092448,-2.17856,-49.268
0.092458,-1.89043,-49.8799
0.092468,-1.6084,-50.4911
0.092478,-2.11602,-51.1015
0.092488,-1.8463,-51.7112
0.092498,-1.58265,-52.3202
0.092508,-2.10855,-52.9285
0.092518,-1.85715,-53.5359
0.092528,-1.61185,-54.1427
0.092538,-2.15595,-54.7486
0.092548,-1.92283,-55.3538
0.092558,-1.69579,-55.9582
0.092568,-2.25797,-56.5618
0.092578,-2.04312,-57.1646
0.092588,-1.83422,-57.7666
0.092598,-1.63176,-58.3677
0.092608,-2.21805,-58.968
0.092618,-1.24444,-59.5675
0.092628,-1.8429,-60.1662
0.092638,-2.44705,-60.764
0.092648,-2.27437,-61.3609
0.092658,-1.32496,-61.9569
0.092668,-1.94725,-62.5521
0.092678,-2.57518,-63.1464
0.092688,-1.64398,-63.7398
0.092698,-2.28392,-64.3323
0.092708,-2.14706,-64.9238
0.092718,-2.79858,-65.5145
0.092728,-1.89137,-66.1042
0.092738,-2.5548,-66.693
0.092748,-1.65937,-67.2808
0.092758,-2.33467,-67.8677
0.092768,-2.23326,-68.4536
0.092778,-2.13806,-69.0385
0.092788,-2.83067,-69.6224
0.092798,-1.96488,-70.2054
0.092808,-2.66923,-70.7874
0.092818,-1.81515,-71.3683
0.092828,-2.53119,-71.9483
0.092838,-2.47077,-72.5272
0.092848,-2.41612,-73.1051
0.092858,-2.36757,-73.6819
0.092868,-3.10644,-74.2577
0.092878,-2.28752,-74.8325
0.092888,-3.03792,-75.4061
0.092898,-2.23049,-75.9788
0.092908,-2.99236,-76.5503
0.092918,-2.19652,-77.1207
0.092928,-2.96981,-77.6901
0.092938,-2.18535,-78.2583
0.092948,-2.97001,-78.8255
0.092958,-2.19702,-79.3915
0.092968,-2.99299,-79.9564
0.092978,-2.2314,-80.5201
0.092988,-3.03862,-81.0827
0.092998,-2.28838,-81.6442
0.093008,-3.10679,-82.2044
0.093018,-2.36785,-82.7636
0.093028,-3.1974,-83.3215
0.093038,-3.251,-83.8783
0.093048,-2.52901,-84.4338
0.093058,-3.37516,-84.9882
0.093068,-2.6643,-85.5414
0.093078,-3.52144,-86.0933
0.093088,-2.8218,-86.644
0.093098,-2.90872,-87.1935
0.093108,-3.00138,-87.7418
0.093118,-2.31819,-88.2888
0.093128,-3.20292,-88.8345
0.093138,-2.53079,-89.379
0.093148,-3.42631,-89.9222
0.093158,-2.76517,-90.4642
0.093168,-3.6714,-91.0048
0.093178,-3.0212,-91.5442
0.093188,-3.15718,-92.0823
0.093198,-3.29876,-92.619
0.093208,-2.66456,-93.1544
0.093218,-3.5977,-93.6885
0.093228,-2.97441,-94.2213
0.093238,-3.91805,-94.7528
0.093248,-3.30546,-95.2829
0.093258,-2.69807,-95.8116
0.093268,-3.65772,-96.339
0.093278,-3.06107,-96.865
0.093288,-4.03105,-97.3896
0.093298,-3.44494,-97.9129
0.093308,-2.86394,-98.4347
0.093318,-3.84968,-98.9552
0.093328,-3.27925,-99.4742
0.093338,-3.49456,-99.9919
0.093348,-3.71523,-100.508
0.093358,-3.16032,-101.023
0.093368,-4.17175,-101.536
0.093378,-3.62724,-102.048
0.093388,-3.08783,-102.559
0.093398,-4.11462,-103.068
0.093408,-3.58551,-103.575
0.093418,-3.06132,-104.081
0.093428,-4.10332,-104.586
0.093438,-3.58932,-105.089
0.093448,-3.08031,-105.59
0.093458,-4.13736,-106.091
0.093468,-3.63843,-106.589
0.093478,-3.14444,-107.086
0.093488,-4.21639,-107.582
0.093498,-3.73238,-108.076
0.093508,-3.25325,-108.568
0.093518,-4.33993,-109.059
0.093528,-3.8708,-109.549
0.093538,-3.40651,-110.037
0.093548,-4.50776,-110.523
0.093558,-4.05323,-111.007
0.093568,-3.60346,-111.491
0.093578,-3.93884,-111.972
0.093588,-4.27914,-112.452
0.093598,-3.84387,-112.93
0.093608,-3.41331,-113.407
0.093618,-4.54818,-113.882
0.093628,-4.12725,-114.356
0.093638,-3.71095,-114.828
0.093648,-4.07961,-115.298
0.093658,-4.45307,-115.767
0.093668,-4.05088,-116.234
0.093678,-3.65324,-116.699
0.093688,-4.0406,-117.163
0.093698,-4.4327,-117.625
0.093708,-4.04907,-118.085
0.093718,-3.66992,-118.544
0.093728,-4.85591,-119.001
0.093738,-4.48597,-119.456
0.093748,-4.12058,-119.909
0.093758,-3.75961,-120.361
0.093768,-4.18347,-120.812
0.093778,-4.6119,-121.26
0.093788,-4.26445,-121.707
0.093798,-3.92148,-122.152
0.093808,-4.36311,-122.595
0.093818,-4.80924,-123.036
0.093828,-4.47956,-123.476
0.093838,-4.15412,-123.914
0.093848,-3.83304,-124.351
0.093858,-5.07687,-124.785
0.093868,-4.76448,-125.218
0.093878,-4.45639,-125.649
0.093888,-4.15257,-126.078
0.093898,-4.63322,-126.505
0.093908,-5.11817,-126.931
0.093918,-4.8271,-127.354
0.093928,-4.54022,-127.776
0.093938,-4.25751,-128.197
0.093948,-3.97896,-128.615
0.093958,-4.48494,-129.031
0.093968,-4.9951,-129.446
0.093978,-4.72893,-129.859
0.093988,-4.46682,-130.27
0.093998,-4.20875,-130.679
0.094008,-4.73515,-131.086
0.094018,-5.26563,-131.491
0.094028,-5.01976,-131.895
0.094038,-4.77785,-132.297
0.094048,-4.53988,-132.696
0.094058,-4.30582,-133.094
0.094068,-4.85618,-133.49
0.094078,-5.41049,-133.884
0.094088,-5.18825,-134.277
0.094098,-4.96983,-134.667
0.094108,-4.75537,-135.055
0.094118,-4.54469,-135.442
0.094128,-4.33779,-135.826
0.094138,-4.91526,-136.209
0.094148,-5.49653,-136.589
0.094158,-5.30099,-136.968
0.094168,-5.10927,-137.345
0.094178,-4.92121,-137.72
0.094188,-4.73679,-138.093
0.094198,-4.55598,-138.463
0.094208,-4.37891,-138.832
0.094218,-4.98617,-139.199
0.094228,-5.59707,-139.564
0.094238,-5.43083,-139.927
0.094248,-5.26824,-140.288
0.094258,-5.10914,-140.647
0.094268,-4.95349,-141.004
0.094278,-4.80142,-141.359
0.094288,-4.65276,-141.712
0.094298,-4.50764,-142.063
0.094308,-5.14684,-142.412
0.094318,-5.0086,-142.759
0.094328,-5.65474,-143.104
0.094338,-5.52331,-143.447
0.094348,-5.39515,-143.788
0.094358,-5.27039,-144.127
0.094368,-5.14887,-144.463
0.094378,-5.03069,-144.798
0.094388,-4.91584,-145.131
0.094398,-4.80415,-145.461
0.094408,-4.69576,-145.79
0.094418,-5.37171,-146.116
0.094428,-5.2697,-146.441
0.094438,-5.17091,-146.763
0.094448,-5.85653,-147.083
0.094458,-5.76399,-147.401
0.094468,-5.6746,-147.717
0.094478,-5.5882,-148.031
0.094488,-5.50489,-148.343
0.094498,-5.42465,-148.652
0.094508,-5.34734,-148.96
0.094518,-5.27304,-149.266
0.094528,-5.20176,-149.569
0.094538,-5.13346,-149.87
0.094548,-5.06798,-150.169
0.094558,-5.00543,-150.466
0.094568,-4.94581,-150.761
0.094578,-4.88907,-151.054
0.094588,-5.61681,-151.344
0.094598,-5.56568,-151.633
0.094608,-5.51738,-151.919
0.094618,-5.47186,-152.203
0.094628,-5.42913,-152.485
0.094638,-6.17097,-152.764
0.094648,-6.13361,-153.042
0.094658,-6.09896,-153.317
0.094668,-6.06698,-153.591
0.094678,-6.03765,-153.862
0.094688,-6.01096,-154.13
0.094698,-5.98688,-154.397
0.094708,-5.96539,-154.661
0.094718,-5.94646,-154.924
0.094728,-5.92994,-155.184
0.094738,-5.91592,-155.442
0.094748,-5.90439,-155.697
0.094758,-5.89533,-155.951
0.094768,-5.88871,-156.202
0.094778,-5.88451,-156.451
0.094788,-5.8827,-156.698
0.094798,-5.88326,-156.942
0.094808,-5.88618,-157.184
0.094818,-5.89141,-157.425
0.094828,-5.89895,-157.662
0.094838,-5.90876,-157.898
0.094848,-5.92083,-158.131
0.094858,-5.93513,-158.362
0.094868,-5.95163,-158.591
0.094878,-5.97031,-158.818
0.094888,-5.99115,-159.042
0.094898,-6.01412,-159.264
0.094908,-6.0392,-159.484
0.094918,-6.06636,-159.702
0.094928,-6.09558,-159.917
0.094938,-6.12683,-160.13
0.094948,-6.16009,-160.341
0.094958,-6.19548,-160.549
0.094968,-6.23284,-160.755
0.094978,-6.27214,-160.959
0.094988,-6.31337,-161.161
0.094998,-6.35649,-161.36
0.095008,-6.40147,-161.557
0.095018,-6.4483,-161.752
0.095028,-6.49695,-161.944
0.095038,-5.76388,-162.134
0.095048,-5.81619,-162.322
0.095058,-5.87025,-162.508
0.095068,-5.92603,-162.691
0.095078,-5.98352,-162.872
0.095088,-6.04268,-163.05
0.095098,-6.10348,-163.227
0.095108,-5.38211,-163.4
0.095118,-5.44624,-163.572
0.095128,-5.51194,-163.741
0.095138,-5.5792,-163.908
0.095148,-5.64799,-164.073
0.095158,-5.71842,-164.235
0.095168,-5.79034,-164.395
0.095178,-5.86371,-164.553
0.095188,-5.93851,-164.708
0.095198,-6.01472,-164.861
0.095208,-6.09246,-165.012
0.095218,-6.17155,-165.16
0.095228,-6.25198,-165.306
0.095238,-6.33372,-165.449
0.095248,-6.41688,-165.591
0.095258,-6.50131,-165.729
0.095268,-6.58698,-165.866
0.095278,-6.67386,-166
0.095288,-5.97731,-166.132
0.095298,-6.06656,-166.261
0.095308,-6.1571,-166.388
0.095318,-6.24875,-166.513
0.095328,-6.34149,-166.635
0.095338,-6.4353,-166.755
0.095348,-6.53029,-166.873
0.095358,-6.62629,-166.988
0.095368,-6.72329,-167.101
0.095378,-6.03616,-167.211
0.095388,-5.34977,-167.32
0.095398,-6.23509,-167.425
0.095408,-5.55056,-167.529
0.095418,-5.65235,-167.63
0.095428,-5.75498,-167.728
0.095438,-5.85858,-167.824
0.095448,-5.96298,-167.918
0.095458,-6.06815,-168.01
0.095468,-5.38831,-168.099
0.095478,-6.28085,-168.185
0.095488,-5.60248,-168.27
0.095498,-5.71067,-168.351
0.095508,-5.8195,-168.431
0.095518,-5.9291,-168.508
0.095528,-6.03931,-168.583
0.095538,-6.15009,-168.655
0.095548,-6.26157,-168.725
0.095558,-6.37358,-168.792
0.095568,-6.48609,-168.857
0.095578,-6.59922,-168.92
0.095588,-6.71282,-168.98
0.095598,-6.0404,-169.038
0.095608,-6.15493,-169.094
0.095618,-6.26984,-169.147
0.095628,-5.59854,-169.197
0.095638,-5.71424,-169.246
0.095648,-5.83024,-169.292
0.095658,-5.94668,-169.335
0.095668,-6.06338,-169.376
0.095678,-6.18032,-169.415
0.095688,-6.29761,-169.451
0.095698,-6.41509,-169.485
0.095708,-6.53274,-169.516
0.095718,-6.65067,-169.545
0.095728,-6.76871,-169.572
0.095738,-6.09962,-169.596
0.095748,-6.21791,-169.618
0.095758,-6.33625,-169.637
0.095768,-6.45482,-169.654
0.095778,-5.78584,-169.669
0.095788,-5.90427,-169.681
0.095798,-6.81043,-169.691
0.095808,-6.14136,-169.698
0.095818,-5.47199,-169.703
0.095828,-5.59037,-169.705
0.095838,-5.70861,-169.705
0.095848,-5.82668,-169.703
0.095858,-5.94469,-169.698
0.095868,-6.06249,-169.691
0.095878,-6.18004,-169.682
0.095888,-6.29746,-169.67
0.095898,-6.41459,-169.655
0.095908,-6.5314,-169.638
0.095918,-6.64802,-169.619
0.095928,-6.76427,-169.598
0.095938,-6.09177,-169.574
0.095948,-6.20731,-169.547
0.095958,-6.32241,-169.518
0.095968,-5.64857,-169.487
0.095978,-5.76282,-169.453
0.095988,-5.87656,-169.417
0.095998,-6.77868,-169.379
0.096008,-6.10285,-169.338
0.096018,-5.42622,-169.295
0.096028,-6.32683,-169.249
0.096038,-6.43811,-169.201
0.096048,-5.75969,-169.15
0.096058,-5.86953,-169.097
0.096068,-6.76797,-169.042
0.096078,-6.08753,-168.984
0.096088,-6.19536,-168.924
0.096098,-6.30256,-168.862
0.096108,-6.40898,-168.797
0.096118,-6.51457,-168.729
0.096128,-6.61946,-168.66
0.096138,-6.7235,-168.587
0.096148,-6.03712,-168.513
0.096158,-6.13946,-168.436
0.096168,-6.24086,-168.357
0.096178,-5.55165,-168.275
0.096188,-5.65121,-168.191
0.096198,-5.74977,-168.104
0.096208,-5.8473,-168.016
0.096218,-6.7339,-167.924
0.096228,-6.03962,-167.831
0.096238,-6.13408,-167.735
0.096248,-6.22756,-167.636
0.096258,-6.31991,-167.535
0.096268,-6.41109,-167.432
0.096278,-6.50122,-167.327
0.096288,-6.59015,-167.219
0.096298,-6.67784,-167.108
0.096308,-5.97389,-166.996
0.096318,-6.05914,-166.881
0.096328,-6.14308,-166.763
0.096338,-6.2257,-166.643
0.096348,-5.51642,-166.521
0.096358,-5.59642,-166.397
0.096368,-5.67502,-166.27
0.096378,-5.7522,-166.141
0.096388,-5.82808,-166.009
0.096398,-5.9025,-165.875
0.096408,-5.97543,-165.739
0.096418,-6.04686,-165.6
0.096428,-6.11689,-165.459
0.096438,-6.18538,-165.315
0.096448,-6.25229,-165.17
0.096458,-6.3176,-165.022
0.096468,-6.38143,-164.871
0.096478,-6.44363,-164.718
0.096488,-6.50416,-164.563
0.096498,-6.56301,-164.406
0.096508,-5.82873,-164.246
0.096518,-5.88423,-164.084
0.096528,-5.93798,-163.919
0.096538,-5.98996,-163.753
0.096548,-6.04014,-163.583
0.096558,-6.08849,-163.412
0.096568,-5.34335,-163.238
0.096578,-5.3881,-163.062
0.096588,-5.43096,-162.884
0.096598,-5.47191,-162.703
0.096608,-5.51094,-162.52
0.096618,-5.54801,-162.335
0.096628,-5.5831,-162.147
0.096638,-5.61634,-161.957
0.096648,-5.64756,-161.765
0.096658,-5.67675,-161.57
0.096668,-5.70388,-161.373
0.096678,-5.72892,-161.174
0.096688,-5.75186,-160.973
0.096698,-5.77268,-160.769
0.096708,-5.79135,-160.563
0.096718,-5.80784,-160.355
0.096728,-5.82214,-160.144
0.096738,-5.83437,-159.931
0.096748,-5.84437,-159.716
0.096758,-5.85212,-159.499
0.096768,-5.8576,-159.279
0.096778,-5.86079,-159.057
0.096788,-5.86167,-158.833
0.096798,-5.8602,-158.606
0.096808,-5.85639,-158.378
0.096818,-5.85019,-158.147
0.096828,-5.84159,-157.914
0.096838,-5.83058,-157.678
0.096848,-5.81712,-157.44
0.096858,-5.8012,-157.201
0.096868,-5.7828,-156.958
0.096878,-5.7619,-156.714
0.096888,-5.73847,-156.467
0.096898,-5.7125,-156.219
0.096908,-5.68396,-155.968
0.096918,-5.65285,-155.714
0.096928,-5.61898,-155.459
0.096938,-5.58249,-155.201
0.096948,-5.54334,-154.941
0.096958,-5.50152,-154.679
0.096968,-5.457,-154.415
0.096978,-5.40978,-154.148
0.096988,-5.35983,-153.88
0.096998,-5.30713,-153.609
0.097008,-5.25167,-153.336
0.097018,-5.19327,-153.06
0.097028,-5.13206,-152.783
0.097038,-5.06802,-152.503
0.097048,-5.00113,-152.222
0.097058,-4.93138,-151.938
0.097068,-4.85874,-151.652
0.097078,-5.5769,-151.363
0.097088,-5.49832,-151.073
0.097098,-5.41678,-150.781
0.097108,-5.33228,-150.486
0.097118,-6.03868,-150.189
0.097128,-5.94809,-149.89
0.097138,-5.85446,-149.589
0.097148,-5.75779,-149.286
0.097158,-5.65806,-148.98
0.097168,-5.55511,-148.673
0.097178,-5.44905,-148.364
0.097188,-5.33988,-148.052
0.097198,-5.22742,-147.738
0.097208,-5.1118,-147.422
0.097218,-4.99301,-147.104
0.097228,-4.87087,-146.784
0.097238,-4.74553,-146.462
0.097248,-5.41115,-146.138
0.097258,-5.27921,-145.812
0.097268,-5.14399,-145.483
0.097278,-5.79981,-145.153
0.097288,-5.65789,-144.82
0.097298,-5.51263,-144.486
0.097308,-5.36389,-144.149
0.097318,-5.21178,-143.81
0.097328,-5.05615,-143.47
0.097338,-4.89712,-143.127
0.097348,-4.73453,-142.782
0.097358,-4.5685,-142.435
0.097368,-5.19352,-142.087
0.097378,-5.02045,-141.736
0.097388,-5.63848,-141.383
0.097398,-5.4583,-141.028
0.097408,-5.2746,-140.671
0.097418,-5.08721,-140.312
0.097428,-4.89613,-139.951
0.097438,-4.70146,-139.589
0.097448,-4.50305,-139.224
0.097458,-5.09571,-138.857
0.097468,-4.88995,-138.488
0.097478,-5.4753,-138.117
0.097488,-5.26211,-137.745
0.097498,-5.04509,-137.37
0.097508,-4.82438,-136.993
0.097518,-4.5998,-136.615
0.097528,-4.37136,-136.234
0.097538,-4.93397,-135.852
0.097548,-5.49276,-135.467
0.097558,-5.25278,-135.081
0.097568,-5.00899,-134.693
0.097578,-4.76125,-134.303
0.097588,-4.50954,-133.911
0.097598,-4.25383,-133.517
0.097608,-4.78916,-133.121
0.097618,-5.32055,-132.723
0.097628,-5.05295,-132.323
0.097638,-4.7813,-131.922
0.097648,-4.50557,-131.518
0.097658,-4.22575,-131.113
0.097668,-4.73694,-130.706
0.097678,-5.24407,-130.297
0.097688,-4.95207,-129.886
0.097698,-4.65591,-129.474
0.097708,-4.35558,-129.059
0.097718,-4.05107,-128.643
0.097728,-4.53752,-128.224
0.097738,-5.01983,-127.804
0.097748,-4.70285,-127.383
0.097758,-4.38163,-126.959
0.097768,-4.05601,-126.534
0.097778,-4.52129,-126.106
0.097788,-4.98236,-125.677
0.097798,-4.64403,-125.247
0.097808,-4.30139,-124.814
0.097818,-3.95427,-124.38
0.097828,-4.39799,-123.943
0.097838,-4.83743,-123.506
0.097848,-4.47738,-123.066
0.097858,-4.11279,-122.624
0.097868,-3.7438,-122.181
0.097878,-4.9607,-121.736
0.097888,-4.58287,-121.29
0.097898,-4.20058,-120.841
0.097908,-3.81369,-120.391
0.097918,-4.21751,-119.94
0.097928,-4.61691,-119.486
0.097938,-4.21655,-119.031
0.097948,-3.81166,-118.574
0.097958,-4.19729,-118.116
0.097968,-4.57843,-117.655
0.097978,-4.15977,-117.194
0.097988,-3.73652,-116.73
0.097998,-4.10373,-116.265
0.098008,-4.46639,-115.798
0.098018,-4.02921,-115.329
0.098028,-3.58724,-114.859
0.098038,-3.9358,-114.387
0.098048,-4.27976,-113.914
0.098058,-3.82383,-113.439
0.098068,-3.36308,-112.962
0.098078,-4.48782,-112.484
0.098088,-4.01767,-112.004
0.098098,-3.54266,-111.523
0.098108,-3.85788,-111.04
0.098118,-4.16841,-110.555
0.098128,-3.67902,-110.069
0.098138,-3.18472,-109.581
0.098148,-4.27568,-109.092
0.098158,-3.7718,-108.601
0.098168,-3.26283,-108.109
0.098178,-4.339,-107.615
0.098188,-3.82038,-107.119
0.098198,-3.29676,-106.622
0.098208,-4.35803,-106.124
0.098218,-3.82455,-105.624
0.098228,-3.28604,-105.122
0.098238,-3.53744,-104.619
0.098248,-3.78398,-104.115
0.098258,-3.23047,-103.609
0.098268,-4.26159,-103.101
0.098278,-3.69807,-102.593
0.098288,-3.12946,-102.082
0.098298,-4.14534,-101.57
0.098308,-3.56664,-101.057
0.098318,-2.98267,-100.542
0.098328,-3.98321,-100.026
0.098338,-3.38922,-99.5088
0.098348,-2.78994,-98.9898
0.098358,-3.77503,-98.4695
0.098368,-3.16553,-97.9477
0.098378,-3.34539,-97.4245
0.098388,-3.52023,-96.9
0.098398,-2.89512,-96.3741
0.098408,-3.85396,-95.8468
0.098418,-3.21853,-95.3181
0.098428,-2.57771,-94.7881
0.098438,-3.52083,-94.2568
0.098448,-2.86948,-93.7241
0.098458,-3.8018,-93.1901
0.098468,-3.14002,-92.6547
0.098478,-2.47281,-92.1181
0.098488,-3.38925,-91.5801
0.098498,-2.7114,-91.0408
0.098508,-3.61694,-90.5003
0.098518,-2.92857,-89.9584
0.098528,-3.02891,-89.4153
0.098538,-3.12408,-88.8709
0.098548,-2.41935,-88.3252
0.098558,-3.29785,-87.7783
0.098568,-2.58236,-87.2301
0.098578,-3.44982,-86.6807
0.098588,-2.72352,-86.1301
0.098598,-3.57989,-85.5782
0.098608,-2.84275,-85.0251
0.098618,-2.894,-84.4708
0.098628,-2.93999,-83.9154
0.098638,-2.18625,-83.3587
0.098648,-3.01515,-82.8008
0.098658,-2.25049,-82.2418
0.098668,-3.06817,-81.6815
0.098678,-2.29241,-81.1202
0.098688,-3.09885,-80.5576
0.098698,-2.31209,-79.994
0.098708,-3.10724,-79.4292
0.098718,-2.30932,-78.8632
0.098728,-3.09316,-78.2962
0.098738,-2.28403,-77.728
0.098748,-3.05652,-77.1587
0.098758,-2.23617,-76.5884
0.098768,-2.99727,-76.0169
0.098778,-2.16565,-75.4444
0.098788,-2.91535,-74.8707
0.098798,-2.07244,-74.2961
0.098808,-2.81069,-73.7203
0.098818,-1.95631,-73.1436
0.098828,-2.68309,-72.5657
0.098838,-2.61058,-71.9869
0.098848,-1.73903,-71.407
0.098858,-2.44853,-70.8261
0.098868,-2.35877,-70.2442
0.098878,-2.2632,-69.6613
0.098888,-2.16215,-69.0774
0.098898,-2.84813,-68.4926
0.098908,-1.94237,-67.9067
0.098918,-2.61674,-67.3199
0.098928,-2.49218,-66.7322
0.098938,-2.36177,-66.1435
0.098948,-1.43262,-65.5538
0.098958,-2.0837,-64.9632
0.098968,-2.72855,-64.3717
0.098978,-1.78216,-63.7793
0.098988,-2.41531,-63.186
0.098998,-1.45709,-62.5918
0.099008,-2.07852,-61.9966
0.099018,-1.90111,-61.4007
0.099028,-2.5104,-60.8038
0.099038,-1.52877,-60.2061
0.099048,-2.1263,-59.6075
0.099058,-1.92519,-59.008
0.099068,-2.51053,-58.4078
0.099078,-1.5054,-57.8067
0.099088,-2.07894,-57.2047
0.099098,-1.85398,-56.602
0.099108,-2.41529,-55.9985
0.099118,-1.38644,-55.3941
0.099128,-1.9359,-54.789
0.099138,-1.68695,-54.1831
0.099148,-1.43239,-53.5764
0.099158,-1.96363,-52.969
0.099168,-1.69667,-52.3608
0.099178,-2.21562,-51.7519
0.099188,-1.93666,-51.1422
0.099198,-0.859758,-50.5318
0.099208,-1.36083,-49.9207
0.099218,-1.85554,-49.3089
0.099228,-1.55228,-48.6963
0.099238,-2.03465,-48.0831
0.099248,-1.71927,-47.4692
0.099258,-1.39775,-46.8546
0.099268,-1.86176,-46.2394
0.099278,-1.5281,-45.6235
0.099288,-1.97973,-45.007
0.099298,-1.63391,-44.3898
0.099308,-1.28186,-43.772
0.099318,-1.71509,-43.1535
0.099328,-1.35086,-42.5345
0.099338,-1.77169,-41.9148
0.099348,-1.3952,-41.2946
0.099358,-1.8036,-40.6737
0.099368,-1.41485,-40.0523
0.099378,-1.81082,-39.4303
0.099388,-1.40972,-38.8078
0.099398,-1.00237,-38.1847
0.099408,-1.37986,-37.5611
0.099418,-0.960152,-36.9369
0.099428,-1.32518,-36.3122
0.099438,-0.893106,-35.687
0.099448,-1.24567,-35.0612
0.099458,-1.5918,-34.435
0.099468,-1.14124,-33.8083
0.099478,-1.47489,-33.1811
0.099488,-1.01187,-32.5535
0.099498,-1.33304,-31.9253
0.099508,-0.857565,-31.2968
0.099518,-1.16624,-30.6677
0.099528,-0.678234,-30.0383
0.099538,-0.97441,-29.4084
0.099548,-1.26414,-28.7781
0.099558,-0.757476,-28.1474
0.099568,-1.0347,-27.5163
0.099578,-1.30548,-26.8848
0.099588,-0.780149,-26.2529
0.099598,-1.03842,-25.6206
0.099608,-0.500408,-24.988
0.099618,-0.746166,-24.355
0.099628,-0.985471,-23.7217
0.099638,-0.428653,-23.088
0.099648,-0.655447,-22.454
0.099658,-0.875788,-21.8197
0.099668,-1.08967,-21.1851
0.099678,-0.50792,-20.5502
0.099688,-0.709296,-19.915
0.099698,-0.90422,-19.2795
0.099708,-0.303451,-18.6437
0.099718,-0.485866,-18.0077
0.099728,-0.661829,-17.3714
0.099738,-0.831342,-16.7349
0.099748,-0.205443,-16.0981
0.099758,-0.362451,-15.4611
0.099768,-0.513012,-14.8239
0.099778,-0.657126,-14.1864
0.099788,-0.794795,-13.5488
0.099798,-0.137455,-12.911
0.099808,-0.26263,-12.273
0.099818,-0.381363,-11.6348
0.099828,-0.493656,-10.9964
0.099838,-0.599511,-10.3579
0.099848,0.0895777,-9.71926
0.099858,-0.00379857,-9.08047
0.099868,-0.0907414,-8.44155
0.099878,-0.171253,-7.80251
0.099888,-0.245335,-7.16335
0.099898,-0.312989,-6.5241
0.099908,-0.374219,-5.88475
0.099918,-0.429026,-5.24532
0.099928,0.310739,-4.60582
0.099938,0.268376,-3.96624
0.099948,0.232428,-3.32662
0.099958,0.202893,-2.68694
0.099968,0.179768,-2.04723
0.099978,0.16305,-1.40749
0.099988,0.152736,-0.767728
0.099998,0.148822,-0.127955
