bits,max_pole_direct,max_pole_sos
8,1.35959,1
9,1.29157,1
10,1.20506,1
11,1.26533,1
12,1.20127,1
13,1.2416,0.996637
14,1.13162,0.996607
15,1.00142,0.996622
16,1.13688,0.996614
17,1.11674,0.996618
18,1.12176,0.996618
19,1.0003,0.996618
20,1.09678,0.996618
21,1.06927,0.996618
22,1.06145,0.996618
23,1.02252,0.996618
24,1.06307,0.996618
25,1.02443,0.996618
26,1.01006,0.996618
27,1.02966,0.996618
28,1.02532,0.996618
29,1.02589,0.996618
30,1.00178,0.996618
31,0.999996,0.996618
32,1.01489,0.996618
33,1,0.996618
34,1.00907,0.996618
35,0.999999,0.996618
36,1,0.996618
37,0.998229,0.996618
38,0.997096,0.996618
39,0.997165,0.996618
40,0.996286,0.996618
