package,pad,x,y,w,h,ref_x,ref_y,ref_w,ref_h,d_pos,d_len,d_wid
0402,1,-0.5125,0,0.775,0.6,-0.51,0,0.54,0.64,0.0025,0.235,-0.04
0402,2,0.5125,0,0.775,0.6,0.51,0,0.54,0.64,0.0025,0.235,-0.04
0603,1,-0.775,0,0.9,0.95,-0.825,0,0.8,0.95,0.05,0.1,0
0603,2,0.775,0,0.9,0.95,0.825,0,0.8,0.95,0.05,0.1,0
0805,1,-0.9375,0,1.025,1.45,-0.9125,0,1.025,1.4,0.025,0,0.05
0805,2,0.9375,0,1.025,1.45,0.9125,0,1.025,1.4,0.025,0,0.05
1206,1,-1.475,0,1.15,1.8,-1.4625,0,1.125,1.75,0.0125,0.025,0.05
1206,2,1.475,0,1.15,1.8,1.4625,0,1.125,1.75,0.0125,0.025,0.05
SOIC-8,1,-2.475,1.905,1.95,0.6,-2.475,1.905,1.95,0.6,0,2.22045e-16,0
SOIC-8,2,-2.475,0.635,1.95,0.6,-2.475,0.635,1.95,0.6,0,2.22045e-16,0
SOIC-8,3,-2.475,-0.635,1.95,0.6,-2.475,-0.635,1.95,0.6,0,2.22045e-16,0
SOIC-8,4,-2.475,-1.905,1.95,0.6,-2.475,-1.905,1.95,0.6,0,2.22045e-16,0
SOIC-8,5,2.475,-1.905,1.95,0.6,2.475,-1.905,1.95,0.6,0,2.22045e-16,0
SOIC-8,6,2.475,-0.635,1.95,0.6,2.475,-0.635,1.95,0.6,0,2.22045e-16,0
SOIC-8,7,2.475,0.635,1.95,0.6,2.475,0.635,1.95,0.6,0,2.22045e-16,0
SOIC-8,8,2.475,1.905,1.95,0.6,2.475,1.905,1.95,0.6,0,2.22045e-16,0
SOT-23,1,-0.9375,0.95,1.475,0.55,-0.9375,0.95,1.475,0.6,0,0,-0.05
SOT-23,2,-0.9375,-0.95,1.475,0.55,-0.9375,-0.95,1.475,0.6,0,0,-0.05
SOT-23,3,0.9375,0,1.475,0.55,0.9375,0,1.475,0.6,0,0,-0.05
